subnational1,subnational2,share_Hard commodities,share_Logging,share_Other natural disturbances,share_Permanent agriculture,share_Settlements & Infrastructure,share_Shifting cultivation,share_Wildfire,log_total_emission,log_mean_loss,density,loss_extent_ratio,emission_per_ha,primary_share,net_flux_per_ha,net_source,trend_rel,cluster,pc1,pc2,cluster_label
Aceh,Aceh Barat,0.06885311335816832,0.02440127727514603,0.004789781798829101,0.8363092070250021,0.0020489622139435596,0.047205960617349024,0.016391697711548477,17.68762421478416,8.00883119708822,119,0.011736827105886707,639.2121712058115,0.29188092148007877,3.9474567735437303,1.0,0.02320080501520908,1,1.8848338303460346,1.3219865933412367,C2: Agrikultur/Sawit (emisi tinggi)
Aceh,Aceh Barat Daya,0.004074334623050649,0.134247860241525,0.00976081603939472,0.7974557392425609,0.002755305428537849,0.05170594442490176,0.0,16.862943233026463,7.2193784622053245,144,0.007687203204127908,617.3228302605739,0.4979083463179484,2.8867176277736157,1.0,-0.02796746576585494,1,1.883443452223009,0.07096417657555658,C2: Agrikultur/Sawit (emisi tinggi)
Aceh,Aceh Besar,0.016109045848822136,0.01652209830648424,0.011524163568772759,0.8306897976042614,0.018835192069392034,0.10528707145807083,0.001032631144155265,16.539352215105843,6.8766773234112755,125,0.0048419515804841,629.4143571104044,0.2235248316072909,-0.07092929070709293,0.0,0.04383325497048683,0,0.32890931478682417,0.252061251932973,C1: Agrikultur/Sawit (emisi rendah)
Aceh,Aceh Jaya,0.005113221329437463,0.023683142602061138,0.015339663988312388,0.8792305819332704,0.0019478938397857002,0.07406866325785125,0.0006168330492654717,17.476852897099096,7.810028219088088,135,0.00659955167399142,631.6518196279583,0.35009899374766457,1.7758664556267056,1.0,0.021131256296609776,1,1.64710002549289,0.6393349164573522,C2: Agrikultur/Sawit (emisi tinggi)
Aceh,Aceh Selatan,0.0015900195694715919,0.03681506849314994,0.010844748858447268,0.8424249836920898,0.0027315720808870937,0.08317025440312943,0.022423352902804502,17.204778263160545,7.5823514486472074,142,0.00487479131886472,604.2814481113807,0.4875495591314046,1.1269924079815565,1.0,0.05507232908858691,1,1.789499855082319,0.15969384897560568,C2: Agrikultur/Sawit (emisi tinggi)
Aceh,Aceh Singkil,0.0,0.007791585088104742,0.007978050372264515,0.95756582890477,0.00039956846605665344,0.010948175969952305,0.015316791198838383,17.765436061928614,8.007779903168078,108,0.01851839976322015,691.6637409765324,0.504976919062248,9.337978492501973,1.0,-0.05496465614853001,1,2.4839815973068338,1.8523249560651696,C2: Agrikultur/Sawit (emisi tinggi)
Aceh,Aceh Tamiang,0.0003763385678606799,0.0041739368435457225,0.013992952205001644,0.9426938998939248,0.0014198227787471105,0.03718909302405082,0.00015395668685209632,17.067374831089417,7.7576155678292835,102,0.013023369795263619,441.99291811354965,0.12372728108896335,0.18953705972776083,1.0,0.04728961258591234,1,0.8907076476200849,2.1496016695477103,C2: Agrikultur/Sawit (emisi tinggi)
Aceh,Aceh Tengah,0.00032859221705862254,0.015068300239402548,0.0557902642820247,0.7048537764633924,0.001948082429704691,0.21461765948457462,0.007393324883819007,17.18939467195059,7.4414611422748544,139,0.0040050949666053555,685.1383575468819,0.4982683129471193,1.6745637082332592,1.0,0.06141121257810857,1,1.8649126968334586,-0.6496768210044267,C2: Agrikultur/Sawit (emisi tinggi)
Aceh,Aceh Tenggara,0.0006594783526230534,0.0036601048570579463,0.03864543146371093,0.7608731493388479,0.0,0.19609588815246493,6.594783526230534e-05,16.85112505659351,7.101741867306595,152,0.003051988567748124,686.2886771300448,0.4091390905882897,1.3018350978182112,1.0,-0.005351923815707666,1,1.5634632437495362,-0.48015772440075827,C2: Agrikultur/Sawit (emisi tinggi)
Aceh,Aceh Timur,2.951564821282721e-05,0.02985999744197686,0.008362766993634375,0.8939699530701105,0.0018594858374081141,0.06591828100864744,0.0,17.925372451251334,8.310572384654689,121,0.00899555492619934,599.5385765726767,0.27607104641107955,1.2034932217602847,1.0,0.055335879160798636,1,1.6405695140888215,1.1497348509931307,C2: Agrikultur/Sawit (emisi tinggi)
Aceh,Aceh Utara,0.010436889434202394,0.016680385792162754,0.0020811654526534536,0.9393977045055534,0.000357214965753951,0.03104663984965861,0.0,17.58035699448682,7.854179405269686,103,0.01357709562292752,670.2658414611418,0.2650938125669409,1.3042073244663746,1.0,0.07664849603521519,1,1.6446164773631406,1.706677407698958,C2: Agrikultur/Sawit (emisi tinggi)
Aceh,Banda Aceh,0.0,0.0,0.0199999999996,0.0,0.9799999999804001,0.0,0.0,10.037668734002148,1.0986122886681098,51,0.008298755186721948,448.45098039215685,0.013768114039067766,-4.551867219917012,0.0,-0.09061542493145582,2,-4.567672908684871,0.08487604081972132,C3: Infrastruktur + Agrikultur/Sawit (emisi rendah)
Aceh,Bener Meriah,0.0114115096731968,0.03615689803263789,0.04241482269213291,0.7514417767597549,0.0107570861793934,0.14781790666284314,0.0,16.611835276846673,6.886490783677413,128,0.005468657384107768,670.1152556237219,0.35042280190871167,0.8915282670692837,1.0,0.06888428013725623,1,1.3954913452131013,-0.035538217759381915,C2: Agrikultur/Sawit (emisi tinggi)
Aceh,Bireuen,0.003729912503921507,0.043504026213962994,0.002230975703280154,0.9288527904625464,0.002265834698643906,0.01941646041761009,0.0,16.805678378625853,7.046194607959243,117,0.008916136351274632,693.2870538204127,0.37124347234930205,-0.34160081431579603,0.0,0.08554240484590939,0,0.8404938180853452,0.571767074694913,C1: Agrikultur/Sawit (emisi rendah)
Aceh,Gayo Lues,0.0014171139118373812,0.031206657420248717,0.09880600615087444,0.4438581680033636,0.0012362057528794176,0.41780739311341686,0.005668455647349525,16.990424631095813,7.191158208949029,153,0.0025260720630489357,721.3423885187084,0.5074545994857089,1.1461596903151117,1.0,0.0264763128967711,4,1.9320245140429675,-2.072642636660317,C5: Ladang Berpindah + Agrikultur/Sawit + Pembalakan (emisi tinggi)
Aceh,Langsa,0.0,0.0,0.00256663376110512,0.9660414610067194,0.031391905231978004,0.0,0.0,13.164199897119818,5.316157284676367,77,0.0194210122699386,102.91373864982235,0.0035476712741817997,-6.725076687116564,0.0,0.04255004929169504,0,-1.7017768133126752,2.918082527681261,C1: Agrikultur/Sawit (emisi rendah)
Aceh,Lhokseumawe,0.0,0.0,0.0,0.852507374630011,0.147492625368514,0.0,0.0,12.669643126378553,3.336481066942464,72,0.006622710622710564,468.25773195876286,0.0,-3.2918192918192917,0.0,0.08705979433118712,0,-2.0551284289402023,1.4683786818894926,C1: Agrikultur/Sawit (emisi rendah)
Aceh,Nagan Raya,0.026839206728675007,0.040544333568849476,0.0031068825675819246,0.9088357417319088,0.0006871920943872793,0.016976548359933633,0.003010094948654139,17.902205738119036,8.326942683404054,117,0.013314604388629844,576.2948799845142,0.28993921539654754,5.333776857081184,1.0,0.004805756079663864,1,1.9191054967304957,1.7100996305291865,C2: Agrikultur/Sawit (emisi tinggi)
Aceh,Pidie,0.029855404140225222,0.027046707583479296,0.028399042962653262,0.7276604597939911,0.002808696556745927,0.18298137938207723,0.0012483095807759674,16.334875396143655,6.646442461550424,139,0.003149815280519612,646.0032246320279,0.2881472920273858,-0.31526413656954216,0.0,0.036615401621693605,0,0.4867078264804792,-0.5630722892120624,C1: Agrikultur/Sawit (emisi rendah)
Aceh,Pidie Jaya,0.0,0.026778242677822025,0.023682008368198854,0.9241841004183327,0.0032635983263595595,0.02209205020920317,0.0,15.82507267457035,6.171700597410915,128,0.0060437476292830436,624.2196468914735,0.29174241634261516,0.5982804400050575,1.0,0.04788465595958832,1,0.9461927539320252,0.7482301084489166,C2: Agrikultur/Sawit (emisi tinggi)
Aceh,Sabang,0.0,0.0388739946380176,0.028150134048219637,0.772117962465453,0.12734584450385075,0.03351206434311862,0.0,13.157332758746923,3.4288125486951286,118,0.0029439621152327886,693.1633199464525,0.08038914314182449,-5.5764601420678765,0.0,0.03309742478571997,0,-1.422442883912584,-0.15011546859874267,C1: Agrikultur/Sawit (emisi rendah)
Aceh,Simeulue,0.0,0.08968907052520629,0.004307726293698332,0.8000220909040261,0.004639089854752049,0.10062406803997898,0.0007179543822830553,16.240713380624264,6.586557787192539,120,0.004255864241056684,624.2832449745969,0.5208295860520294,-0.22254148451088235,0.0,-0.02589276405329866,0,0.5541699170904316,-0.33394178309013256,C1: Agrikultur/Sawit (emisi rendah)
Aceh,Subulussalam,0.0,0.06901093112076784,0.0002634005004609459,0.9169535850689373,0.00016932889315346525,0.013376982559123755,0.00022577185753795367,17.39918837268777,7.662486620853217,125,0.019806780387370816,677.4104267007826,0.5792370205759217,10.338674666244328,1.0,-0.0011252590270458033,1,2.8666009888989272,1.4431754473780347,C2: Agrikultur/Sawit (emisi tinggi)
Bali,Badung,0.011904761904744189,0.0,0.0059523809523720946,0.6770833333323257,0.30505952380906987,0.0,0.0,12.841158946326743,3.327909585892323,99,0.001723739899961472,560.8261515601783,0.00796252456869302,-4.513659099653713,0.0,0.011107617231162045,0,-2.280719873044954,0.4216929505919294,C1: Agrikultur/Sawit (emisi rendah)
Bali,Bangli,0.0037546933667036864,0.0,0.04380475594487634,0.8510638297861689,0.06633291614509845,0.026282853566925803,0.008760951188975267,13.215554950910018,3.495294705041271,95,0.000864578261104736,686.04375,0.014734750312134745,-11.848861115619759,0.0,0.0029846128619039655,0,-2.116156858833078,0.14539462058388847,C1: Agrikultur/Sawit (emisi rendah)
Bali,Buleleng,0.0,0.014362657091553344,0.12507480550561037,0.6786355475758955,0.07360861759421089,0.10831837223213146,0.0,13.903715555638552,4.2171519914836475,110,0.0006992290069148339,653.2362440191388,0.10121844005015772,-4.187109665135839,0.0,-0.023698949818396802,0,-1.3375078864225545,-0.7766736505029878,C1: Agrikultur/Sawit (emisi rendah)
Bali,Denpasar,0.0,0.0,0.0,0.30508474575754096,0.6949152542255099,0.0,0.0,10.373022321884237,1.2119409739751128,56,0.001823802163833044,533.0666666666667,0.0,-11.58114374034003,0.0,-0.049904233665052575,2,-4.47043717539026,0.035054389400139,C3: Infrastruktur + Agrikultur/Sawit (emisi rendah)
Bali,Gianyar,0.009541984732806218,0.0,0.0,0.9160305343493969,0.0744274809158885,0.0,0.0,12.688751849173254,3.08922261664133,95,0.0010385492022593947,617.2971428571428,0.0,-9.861510256664355,0.0,-0.04934407736500362,0,-2.3617044196083943,0.6991802515808062,C1: Agrikultur/Sawit (emisi rendah)
Bali,Jembrana,0.0,0.06459249239091491,0.03280351707810862,0.8041934392963124,0.003381805884341095,0.09502874534998478,0.0,14.435452973740505,4.781473670456483,119,0.0016475602791435758,628.4043272481406,0.33293248826407745,-3.872407404827903,0.0,0.02381730218330453,0,-0.4899174919603024,-0.5060576792720415,C1: Agrikultur/Sawit (emisi rendah)
Bali,Karangasem,0.0,0.0,0.16226912928738488,0.7361477572549655,0.048812664907587316,0.014511873350904338,0.03825857519783871,13.074311140899294,3.4442568711226023,99,0.000591725214675984,627.8537549407115,0.10638729372116247,-6.790046838407494,0.0,-0.035012464170755674,0,-1.8323507587246999,-0.6186078892258267,C1: Agrikultur/Sawit (emisi rendah)
Bali,Klungkung,0.0,0.0,0.01145038167934561,0.9160305343476488,0.04580152671738244,0.026717557251806422,0.0,11.92620661475458,2.4406063908914204,90,0.00117766041128212,574.8136882129278,0.0,-6.335655691650747,0.0,0.01300332262759616,0,-2.3261666344482483,0.7066314772064467,C1: Agrikultur/Sawit (emisi rendah)
Bali,Tabanan,0.0,0.030902348578453767,0.05315203955494048,0.7639060568593772,0.09394313967849946,0.05809641532749308,0.0,13.160040592284474,3.507357577490546,112,0.0005061232150397571,640.983950617284,0.01664065403367318,-5.729077060231165,0.0,-0.01401438483553768,0,-1.7552516057092797,-0.20122108004998748,C1: Agrikultur/Sawit (emisi rendah)
Bangka Belitung,Bangka,0.004818059538975007,0.0041277319536270375,0.0018788297168233412,0.9632703023919427,0.003544156056734939,0.0018645961583625584,0.02049632418352736,18.105203650748233,8.634357368952765,76,0.02411536547273752,519.1231976884866,0.035446522765929876,6.522886024679493,1.0,0.0377079382279273,1,1.6926140416575604,3.4538814354634644,C2: Agrikultur/Sawit (emisi tinggi)
Bangka Belitung,Bangka Barat,0.0036168174865262573,0.0025160469471487007,0.00035024517162013163,0.9653257280095999,0.003988506240082315,0.0006290117367871752,0.02357364440822845,17.97427193079252,8.630000312160659,77,0.023829229138012484,457.4041300043602,0.11300117362769603,5.192653752964772,1.0,0.01805199940995242,1,1.5908635351802403,3.4001101203358006,C2: Agrikultur/Sawit (emisi tinggi)
Bangka Belitung,Bangka Selatan,0.01136202746708191,0.0005899287366086143,0.001864174807683221,0.8860847609608707,0.0037401481900986144,0.008406484496672752,0.08795247534097829,18.349175193329526,8.821950646198392,72,0.022079996873850042,549.2151634387923,0.035195323547862666,6.2461322035774876,1.0,0.04041097655244925,1,1.7662791735708487,3.1871319712182284,C2: Agrikultur/Sawit (emisi tinggi)
Bangka Belitung,Bangka Tengah,0.007533766415852619,0.002355470393045732,0.0006075618077300499,0.9641445062391834,0.0074216011590409175,0.004982006823386409,0.012955087161751526,17.87632872226965,8.361801742152846,74,0.024632050330104186,542.3304170639149,0.059217479863672706,7.5985564055188135,1.0,0.04227211899928782,1,1.7353157266952808,3.4515813360220293,C2: Agrikultur/Sawit (emisi tinggi)
Bangka Belitung,Belitung,0.11690473041484684,0.006116915751884604,0.0026451527575717206,0.8190384869726136,0.01043733192258508,0.01692897764845901,0.027928404532028082,17.816750690924717,8.197065059270372,98,0.018748411493041517,602.4919268623323,0.3405815191675947,6.619249088222835,1.0,-0.007541441316222644,1,2.136443016295962,2.148977911458683,C2: Agrikultur/Sawit (emisi tinggi)
Bangka Belitung,Belitung Timur,0.1260962541147057,0.004324947740214753,0.0021624738701073766,0.8415867752708998,0.002450803719455027,0.005526322112496629,0.017852423172108677,17.50622667438092,8.110883726939543,88,0.018005580912414235,481.42737178486044,0.22169526451464247,4.248523653983431,1.0,0.010464549485953894,1,1.5414965846308304,2.5744481816147795,C2: Agrikultur/Sawit (emisi tinggi)
Bangka Belitung,Pangkalpinang,0.0,0.0,0.013260530421211676,0.6060842433694984,0.3592043681745869,0.0,0.021450858034313007,14.144532250944849,4.640151154883337,57,0.018219932492449808,541.7571150097466,0.04715426772446905,1.5640433469532777,1.0,0.03521520307313195,1,-0.6624523744396441,2.206700076517912,C2: Agrikultur/Sawit (emisi tinggi)
Banten,Cilegon,0.0,0.0,0.0,0.0793650793638196,0.9206349206203074,0.0,0.0,10.278837036739668,1.2584609896100056,92,0.000687022900763332,454.828125,0.0,-6.46782988004362,0.0,-0.0055149679729222904,2,-4.317369313905335,-0.6240118242169573,C3: Infrastruktur + Agrikultur/Sawit (emisi rendah)
Banten,Kota Serang,0.07586206896499406,0.0,0.0,0.2965517241358859,0.6275862068922236,0.0,0.0,11.264541025790225,1.916922612182061,87,0.000997420464316344,534.2808219178082,0.0,-5.623903697334479,0.0,0.0614162205857692,2,-3.320020957665788,-0.17043789800052872,C3: Infrastruktur + Agrikultur/Sawit (emisi rendah)
Banten,Kota Tangerang,0.0,0.0,0.0,0.0,0.9999999996666666,0.0,0.0,7.862497197230545,0.11332868530700317,57,0.001518987341772148,649.25,0.0,-33.63291139240506,0.0,-0.0847562048935055,2,-6.540882124383959,-1.276737067207249,C3: Infrastruktur + Agrikultur/Sawit (emisi rendah)
Banten,Lebak,0.03657614300446763,0.004193881058782943,0.006050189068408179,0.7044001375042728,0.04214506703334334,0.20663458233069074,0.0,16.68961725399474,7.0601329594030195,101,0.004207374838191752,608.7654601079372,0.012104364931861608,-3.413632386228043,0.0,0.04714903706426341,0,-0.34028836642866644,0.4097545804628777,C1: Agrikultur/Sawit (emisi rendah)
Banten,Pandeglang,0.0052555511759293455,0.0032409232251564297,0.01694915254237214,0.8853413918450976,0.02338720273288559,0.057373100337228686,0.008452678141286364,16.49495570785979,6.818180619589342,102,0.004323285492483008,638.39020758518,0.03233880403291628,-4.385726322565986,0.0,0.04383776134661859,0,-0.432260711149976,0.8210741867733368,C1: Agrikultur/Sawit (emisi rendah)
Banten,Serang,0.020195838433280173,0.0,0.0024479804161551726,0.7135862913092328,0.17625458996317242,0.08751529987754741,0.0,13.815313538557225,4.195094465322244,96,0.00111573916012282,611.4996941896025,0.027601167317184202,-5.296227381358825,0.0,0.017637974446501555,0,-1.7505063934670584,0.28460704506331647,C1: Agrikultur/Sawit (emisi rendah)
Banten,Tangerang,0.0,0.0,0.0,0.2656249999979248,0.7343749999942628,0.0,0.0,11.045127401674756,1.8115620965242347,58,0.00101971718781114,485.5581395348837,0.0,-6.915156343357896,0.0,0.08752820381877481,2,-3.943802730395248,0.05411691565006859,C3: Infrastruktur + Agrikultur/Sawit (emisi rendah)
Banten,Tangerang Selatan,0.0,0.0,0.0,0.0,0.9999999998,0.0,0.0,8.444622498581403,0.18232155679395465,60,0.00026666666666666,774.8333333333334,0.0,-7.842666666666666,0.0,-0.0519691583555469,2,-4.87337542843994,-1.0140170769874677,C3: Infrastruktur + Agrikultur/Sawit (emisi rendah)
Bengkulu,Bengkulu,0.0,0.0,0.0026232948583407014,0.6631689401885293,0.3221406086042381,0.0,0.012067156348367226,13.881690543661463,4.346917457560314,62,0.009609276531383864,560.2611431567908,0.0,-1.8714393748424503,0.0,0.051918179429893636,0,-1.8189708171409087,1.389473201909016,C1: Agrikultur/Sawit (emisi rendah)
Bengkulu,Bengkulu Selatan,0.0001579072032002485,0.015843356054424933,0.000815853883201284,0.6509724451930244,0.0011316682896017809,0.33107876937652103,0.0,17.162213703124053,7.327044393683371,129,0.013890838634203364,747.6424548660456,0.18182255197372202,6.420285881406741,1.0,0.021138532517193616,1,2.0236159563255036,0.44524613410995073,C2: Agrikultur/Sawit (emisi tinggi)
Bengkulu,Bengkulu Tengah,0.011693434770357518,0.011186249647787794,0.0,0.8202028740490048,0.0005635390250774708,0.15635390250774428,0.0,16.894343919114885,7.25883459656371,98,0.014925875302281516,612.3533290129892,0.08517794396361295,3.2485858479655136,1.0,0.037172818383037425,1,1.2218793053026231,1.7635589444730067,C2: Agrikultur/Sawit (emisi tinggi)
Bengkulu,Bengkulu Utara,0.008981423039525009,0.02363487487419164,0.0017741082547209892,0.9042237423448857,4.2646833046177624e-05,0.0613432046536219,0.0,18.24369333128239,8.453332840269406,130,0.012583427916723636,714.5759832143497,0.2774660994007773,4.672322887570535,1.0,0.02858092611929815,1,2.2233853657030482,1.2658084890524146,C2: Agrikultur/Sawit (emisi tinggi)
Bengkulu,Kaur,0.0,0.009943425338590607,0.005383164752271467,0.8473169895422451,0.000668609634836265,0.1366878107320395,0.0,17.611614883743844,7.755424498978253,140,0.009772401718924031,763.3570657111999,0.2756470260235842,4.730789850641246,1.0,0.015538427830612203,1,2.0535153272376228,0.6426209535196624,C2: Agrikultur/Sawit (emisi tinggi)
Bengkulu,Kepahiang,0.00044997750112487625,0.010649467526622072,0.0016499175041245462,0.5398230088494765,0.024598770061493233,0.4228288585570087,0.0,15.333386537133022,5.589792237238514,89,0.003996403416754032,684.2416016796641,0.06875550123657577,-11.236775063689494,0.0,0.04776374618204065,0,-1.0139668417833902,-0.6653560819469807,C1: Agrikultur/Sawit (emisi rendah)
Bengkulu,Lebong,0.004943465684985278,0.00589008677359948,0.013883775966341631,0.4488561661845675,0.00015777018143570034,0.5235866421246109,0.002682093084406906,16.39796223690426,6.635421483477155,146,0.004730687896504492,695.7053007993269,0.46993716758153026,2.120201517601692,1.0,0.04082904607521439,4,1.805906306405415,-1.5149814454827313,C5: Ladang Berpindah + Agrikultur/Sawit + Pembalakan (emisi tinggi)
Bengkulu,Mukomuko,0.0007736060356006073,0.02413650831073895,0.0007146646233643706,0.9507470824000874,0.0002210302958858878,0.021727278085582773,0.0016798302487327473,18.376874624272933,8.599716512131305,146,0.014357889391951883,705.1842273942931,0.3515386728622456,6.932980366436762,1.0,-0.0048852133902877745,1,2.6056611007593906,1.3255974246335676,C2: Agrikultur/Sawit (emisi tinggi)
Bengkulu,Rejang Lebong,0.0,0.0004996732905407811,0.0024983664527039053,0.6004151131951955,0.005304224161125214,0.3912826229003962,0.0,16.68430139166451,6.948590073420473,110,0.007192629607359272,677.05834422323,0.17623017953453393,0.18900108510094205,1.0,0.04334038194370977,1,1.0734813790456816,0.03726341196161487,C2: Agrikultur/Sawit (emisi tinggi)
Bengkulu,Seluma,0.0014215401546880037,0.0031182171135091695,0.0020329552749839192,0.7804866864357437,0.0001222830240591831,0.21281831799700082,0.0,17.620691751156336,7.870120108902896,116,0.011841943308112756,686.81335310212,0.17478805049178178,3.517788618180502,1.0,0.013477511883202604,1,1.657647329034607,1.0347456035525655,C2: Agrikultur/Sawit (emisi tinggi)
Gorontalo,Boalemo,0.0,0.00906818993216676,0.0022134951802926734,0.9636558372009653,0.0003927168868261195,0.024669760799713506,0.0,16.75999174676619,7.022333183689573,143,0.007922220258087273,678.333547534897,0.3091070108564668,2.927636556478699,1.0,-0.02783469680577005,1,1.4924949360449806,0.9441014983219852,C2: Agrikultur/Sawit (emisi tinggi)
Gorontalo,Bone Bolango,0.0204579089405397,0.10281187429266972,0.02611647949856132,0.6313223644118889,0.0009576042482805817,0.20179333159221713,0.016540437015755503,15.891302196845373,6.132269423699003,155,0.0025969592494206363,693.8416608635098,0.3790323810640936,-0.40016390662974055,0.0,0.01210254426753949,4,0.7287906888850761,-1.393220147998491,C5: Ladang Berpindah + Agrikultur/Sawit + Pembalakan (emisi tinggi)
Gorontalo,Danau Limboto,0.0,0.0,0.0,0.9999999999756098,0.0,0.0,0.0,9.47554674766278,0.9707789171582248,35,0.00273333333333332,310.3809523809524,0.0,-4.955,0.0,0.04286984740242536,0,-3.482736551275844,1.9386456616739927,C1: Agrikultur/Sawit (emisi rendah)
Gorontalo,Gorontalo,0.00037494141540383145,0.09651616934853627,0.0025620996719261813,0.8304014997656357,0.0008123730667083014,0.0691766911420069,0.00015622558975159642,16.96421967981764,7.155552417735003,129,0.009402519187690452,728.1746859963757,0.38051897006124585,3.022261393265029,1.0,0.013089699491902085,1,1.847227208940157,0.4715723231385465,C2: Agrikultur/Sawit (emisi tinggi)
Gorontalo,Gorontalo Utara,0.0007409793814432751,0.14423324742267576,0.011469072164948083,0.7618878865979136,0.00016108247422679894,0.05270618556700861,0.02880154639175165,16.881958251898986,7.124961237629593,136,0.0085768957108613,691.5213427402467,0.4512150546681675,3.0807607021228094,1.0,0.02413482014483385,1,2.0228267900948724,0.03410661342508127,C2: Agrikultur/Sawit (emisi tinggi)
Gorontalo,Kota Gorontalo,0.0,0.5121951219494348,0.0,0.16376306620152,0.13937282229916595,0.18466898954639488,0.0,11.934040800231958,2.5241273629412815,94,0.005189873417721484,529.0451388888889,0.0,-3.2911392405063293,0.0,0.08959362869560124,4,-1.3077174560176208,-1.8288860039032986,C5: Ladang Berpindah + Agrikultur/Sawit + Pembalakan (emisi tinggi)
Gorontalo,Pohuwato,0.027084833340391617,0.16557960272753874,0.015458896277158626,0.7696836220405581,0.004870611155817101,0.017322434458514734,0.0,17.334745313306527,7.54426861397449,155,0.004712386455206984,714.8758867501006,0.44997553147900277,1.4306282167386417,1.0,0.024612744536683516,1,2.1000620570884663,-0.39108285780461555,C2: Agrikultur/Sawit (emisi tinggi)
Jakarta Raya,Jakarta Barat,0.0,0.0,0.0,0.0,0.99999999975,0.0,0.0,7.622663951323595,0.1484200051182733,40,0.0034782608695652162,408.6,0.0,-34.56521739130435,0.0,-0.09108577592620466,2,-7.027263564531057,-0.6404926496709727,C3: Infrastruktur + Agrikultur/Sawit (emisi rendah)
Jakarta Raya,Jakarta Pusat,0.0,0.0,0.0,0.0,0.0,0.0,0.0,0.0,0.0,56,0.0,0.0,0.0,-66.75,0.0,0.0,2,-8.927418898500093,-1.1418941874272213,C3: Infrastruktur + Agrikultur/Sawit (emisi rendah)
Jakarta Raya,Jakarta Selatan,0.0,0.0,0.0,0.0,0.0,0.0,0.0,6.717804695023691,0.0,64,0.0,826.0,0.0,-12.654285714285715,0.0,0.01224803398716352,2,-3.929325991631104,-1.119484219079672,C3: Infrastruktur + Agrikultur/Sawit (emisi rendah)
Jakarta Raya,Jakarta Timur,0.0,0.0,0.0,0.6666666665555555,0.33333333327777775,0.0,0.0,8.174702882469461,0.2151113796169455,66,0.00072072072072072,507.0,0.0,-11.981981981981981,0.0,-0.09698248030648204,2,-4.450634278688879,0.43918530252427956,C3: Infrastruktur + Agrikultur/Sawit (emisi rendah)
Jakarta Raya,Jakarta Utara,0.0,0.0,0.0,0.0,0.9999999989999999,0.0,0.0,7.039660349862076,0.039220713153281295,40,0.00034188034188034,570.0,0.0,-31.52991452991453,0.0,-0.08884120171675082,2,-6.859617849348304,-1.0170925810066562,C3: Infrastruktur + Agrikultur/Sawit (emisi rendah)
Jakarta Raya,Kepulauan Seribu,0.0,0.0,0.0,0.9999999995,0.0,0.0,0.0,0.0,0.07696104113612832,1,0.000177383592017736,0.0,0.0,-0.6053215077605322,0.0,0.0,2,-5.556874663098255,2.43405036363491,C3: Infrastruktur + Agrikultur/Sawit (emisi rendah)
Jambi,Batang Hari,0.005515227037469241,0.1877616683479367,0.00021757620111952775,0.8023353178920136,0.0006428387760349683,0.0022383975842448383,0.0012889741611778083,19.215406923239005,9.403822747808887,107,0.02391683486817203,729.8123609247617,0.20554293060797754,9.912445203103317,1.0,0.0020259800146163695,1,3.086496684174476,1.9814884946103504,C2: Agrikultur/Sawit (emisi tinggi)
Jambi,Bungo,0.02460730837058592,0.028064049308358707,0.001365119726272981,0.9107223416783303,0.003257538917629946,0.031268858279480255,0.0007147837193360673,18.558451601084403,8.828822232681492,119,0.0160362853122937,672.4273912890638,0.21428710492902722,5.810439308775136,1.0,0.01085397471408748,1,2.2531935070152,1.8700643241962314,C2: Agrikultur/Sawit (emisi tinggi)
Jambi,Jambi,0.0,0.0,0.0,0.50480769230749,0.4951923076921093,0.0,0.0,14.037993090853936,4.6135351023197195,67,0.014020502738379393,500.26952342811376,0.0,2.0985816598792306,1.0,0.002663709035718604,0,-1.142138507992294,1.8986073973289013,C1: Agrikultur/Sawit (emisi rendah)
Jambi,Kerinci,0.004686158097158346,0.005134236959038028,0.006235764161158915,0.4052686606175945,9.334976289160052e-05,0.5779843919196338,0.0005974384825062433,17.343308783886567,7.670185955460329,137,0.0066842418891387805,635.6797789518885,0.3226616386159063,2.9909024824741755,1.0,0.08850928839347558,4,1.9580857150340973,-1.0767108436864554,C5: Ladang Berpindah + Agrikultur/Sawit + Pembalakan (emisi tinggi)
Jambi,Merangin,0.009315646264582185,0.03223168928186853,0.0033732915730261626,0.7875005026427806,0.0016933476903005507,0.16580509970198795,8.042284544963037e-05,18.864939025113618,9.099819899944729,129,0.012693255447959012,696.6969457326935,0.2868608706199087,5.400981128865322,1.0,0.05219354537747384,1,2.5240634809522513,0.9126748796725127,C2: Agrikultur/Sawit (emisi tinggi)
Jambi,Muaro Jambi,0.0008882898888106075,0.06093464432668627,0.0012592615281989455,0.7175884801394012,0.008586802258502538,6.126137164211087e-05,0.21068126048675492,19.35741317730266,9.371942080955797,92,0.023456440735810335,868.4212828087562,0.2216206542751806,16.140482144603464,1.0,-0.01784220523051747,1,3.559219976761054,2.1161114375740264,C2: Agrikultur/Sawit (emisi tinggi)
Jambi,Sarolangun,0.05535322989780508,0.03591973321155405,0.0024406998207850824,0.8525717531209074,0.0015120058638196895,0.041875654786803176,0.010326923298321787,18.858382224984183,9.251889142330889,114,0.018926259557786086,594.493242050487,0.1934337700787223,7.179939679951483,1.0,0.018007557385268838,1,2.436756860194085,2.1668557401300177,C2: Agrikultur/Sawit (emisi tinggi)
Jambi,Sungai Penuh,0.0029336266960018577,0.0,0.010634396773006734,0.6850018335164338,0.00660066006600418,0.2948294829481867,0.0,14.35915026232355,4.701207374185033,144,0.003418364149169477,631.3280791788857,0.23667097322463396,1.5832027577561893,1.0,0.13476878074174814,0,0.7609479389266931,-0.45334661789693276,C1: Agrikultur/Sawit (emisi rendah)
Jambi,Tanjung Jabung B,0.00047587535040040276,0.34060034649673826,0.00018960658492516046,0.6436362825212447,0.00028998654165024543,0.008004372104781774,0.006803530400255758,19.30299398747462,9.283601986069945,94,0.024529311048440184,898.3910082199726,0.3487167129252655,12.531967087909207,1.0,-0.05844789740585335,1,3.656660229553827,1.1187763947752047,C2: Agrikultur/Sawit (emisi tinggi)
Jambi,Tanjung Jabung T,0.0,0.14583559364941506,0.0017359227514375506,0.7138259014140494,0.00031945800634093814,0.0004701457451810033,0.13781297843357,18.929320726944752,8.800451493408211,76,0.015784636462238065,1002.3856136269114,0.23885333906642567,6.974863471162445,1.0,-0.025123364799694715,1,2.7035644175879794,1.2119300840296399,C2: Agrikultur/Sawit (emisi tinggi)
Jambi,Tebo,0.0032844291852650227,0.04048810846060608,0.00026501740479472984,0.9517698100510056,0.000687854163006546,0.00179258963692615,0.0017121910983929176,19.2384825455439,9.505550040848531,110,0.023344217852581048,674.6055421227533,0.37864584925000827,9.913213481974505,1.0,-0.006145176226674186,1,3.0661900470950774,2.383600452175776,C2: Agrikultur/Sawit (emisi tinggi)
Jawa Barat,Bandung,0.0006560244915808755,0.0006560244915808755,0.02339820686638456,0.5713973321669426,0.03192652525693594,0.37065383774319466,0.001312048983161751,14.730964940195548,5.214500880454926,105,0.0017103639151736718,546.1104066462615,0.029874078632635834,-1.656337659423271,0.0,0.03174434891455564,0,-0.9089056284563486,-0.4658781990511006,C1: Agrikultur/Sawit (emisi rendah)
Jawa Barat,Bandung Barat,0.03461538461536243,0.06025641025637163,0.08397435897430515,0.6628205128200879,0.0403846153845895,0.11794871794864234,0.0,13.929038330594938,4.14946386144318,95,0.0008267966928131801,717.631005765535,0.02978924292102349,-6.099520351918592,0.0,0.0478102837348127,0,-1.308566900771956,-0.5947065405498969,C1: Agrikultur/Sawit (emisi rendah)
Jawa Barat,Banjar,0.0,0.0,0.0,0.830115830112625,0.08494208494175698,0.08494208494175698,0.0,12.032284574754458,2.4300984132930052,89,0.001416074357572396,646.5153846153846,0.0,-6.398305084745763,0.0,0.004809322334406554,0,-2.268224312280177,0.42277559375161544,C1: Agrikultur/Sawit (emisi rendah)
Jawa Barat,Bekasi,0.032558139534732286,0.0,0.0790697674414927,0.6883720930200541,0.19999999999906978,0.0,0.0,11.584967017835199,2.2617630984737906,52,0.0009360034828035879,497.5416666666667,0.0,-7.195798868088811,0.0,0.007877720545398344,0,-3.1390332638372973,0.5448908663676754,C1: Agrikultur/Sawit (emisi rendah)
Jawa Barat,Bogor,0.0787037037036964,0.06703703703703083,0.026388888888886443,0.6249074074073495,0.07287037037036362,0.12666666666665494,0.0034259259259256086,15.60897507277561,6.07073772800249,96,0.002388614271970224,556.451995185631,0.037816488612392514,-3.845348284289332,0.0,0.0368468900612153,0,-0.7952607295589635,0.12053227243055946,C1: Agrikultur/Sawit (emisi rendah)
Jawa Barat,Ciamis,0.00012448649321547062,0.00821610855222106,0.014191460226563651,0.6077430598779275,0.05390265156229878,0.31582223328764897,0.0,15.576371547984191,5.775544840883092,111,0.001513796693693088,724.1029375155589,0.0033652774037374374,-4.819029402480908,0.0,-0.030970766372535326,0,-0.7768564887191265,-0.5648569703789406,C1: Agrikultur/Sawit (emisi rendah)
Jawa Barat,Cianjur,0.0033000188572503016,0.052894587969069116,0.009240052800300845,0.8465019800112346,0.02027154440882328,0.06628323590419892,0.0015085800490287093,15.758504602172911,6.052653715420404,101,0.001653125718449544,658.019798246441,0.029442182748577756,-3.9310522193516713,0.0,0.024495917703855414,0,-0.687701269869848,0.4487964532665176,C1: Agrikultur/Sawit (emisi rendah)
Jawa Barat,Cimahi,0.0,0.0,0.0,0.0,0.9999999995,0.0,0.0,7.56734567601324,0.07696104113612832,79,0.00031496062992125603,644.3333333333334,0.0,-3.952755905511811,0.0,-0.10281291741966146,2,-4.895739784342575,-0.955270734551717,C3: Infrastruktur + Agrikultur/Sawit (emisi rendah)
Jawa Barat,Cirebon,0.020958083832303954,0.0,0.0,0.67365269460977,0.1212574850297586,0.18413173652667048,0.0,12.872187729038801,3.3221541743217022,84,0.0015490753087135081,581.9596412556053,0.0,-5.340019711287611,0.0,0.002203589438020491,0,-2.0849070965743817,0.22141460340243094,C1: Agrikultur/Sawit (emisi rendah)
Jawa Barat,Depok,0.0,0.0,0.0,0.0,0.9999999999666667,0.0,0.0,9.971426535544321,0.7884573603642702,67,0.00043636363636360406,690.483870967742,0.0,-6.2727272727272725,0.0,-0.009240281417135825,2,-4.462260372367601,-0.8719139056215891,C3: Infrastruktur + Agrikultur/Sawit (emisi rendah)
Jawa Barat,Garut,0.0022089896273528417,0.0004802151363810526,0.022762197464461894,0.7623895505185591,0.008355743373030316,0.18190549366114273,0.021897810218975997,15.88096435062598,6.034236638951851,113,0.0018127845533762801,757.59877076731,0.1472278093006494,-2.6870195781428188,0.0,-0.034000151215369735,0,-0.2774956066600018,-0.25385840703076323,C1: Agrikultur/Sawit (emisi rendah)
Jawa Barat,Indramayu,0.029872673849152855,0.0,0.012242899118505268,0.9461312438780871,0.011753183153765057,0.0,0.0,13.847499414938454,4.414977734813568,64,0.006237018937079972,505.3866862457171,0.0,-4.21731826511912,0.0,-0.052328205773865814,0,-1.8064499096289677,1.7337098910239086,C1: Agrikultur/Sawit (emisi rendah)
Jawa Barat,Karawang,0.06838407494141996,0.00889929742388342,0.00889929742388342,0.8285714285710405,0.05854800936765408,0.02669789227165026,0.0,13.998310333726641,4.45898767581001,73,0.003425179481009048,562.0660112359551,0.0008865248132639167,-4.26402759395179,0.0,0.0330557067266569,0,-1.6058988593659589,1.1269493432423068,C1: Agrikultur/Sawit (emisi rendah)
Jawa Barat,Kota Bandung,0.0,0.0,0.0,0.0,0.9999999999722223,0.0,0.0,10.104221882337209,0.8919980393051105,86,0.001206030150753744,660.6756756756756,0.0,-2.9623115577889445,0.0,-0.11167363490616361,2,-4.268687956924266,-0.8732670317180967,C3: Infrastruktur + Agrikultur/Sawit (emisi rendah)
Jawa Barat,Kota Bekasi,0.0,0.0,0.0,0.0,0.9999999999411765,0.0,0.0,9.291090521661292,0.5187937934151675,68,0.000730397422126724,602.2222222222222,0.0,-8.22126745435016,0.0,-0.038273921200747636,2,-4.849315919417043,-0.7959190637002803,C3: Infrastruktur + Agrikultur/Sawit (emisi rendah)
Jawa Barat,Kota Bogor,0.0,0.0,0.0,0.04347826086767486,0.9565217390888469,0.0,0.0,9.586170674954657,0.6523251860396903,77,0.000386067981535844,606.7083333333334,0.0,-5.902224087284935,0.0,-0.07625594616544369,2,-4.589166236788347,-0.7664355094753774,C3: Infrastruktur + Agrikultur/Sawit (emisi rendah)
Jawa Barat,Kota Cirebon,0.0,0.0,0.0,0.0,0.0,0.0,0.0,6.934397209928558,0.0,70,0.0,1026.0,0.0,-8.745387453874539,0.0,-0.03679645758617981,2,-3.4506413160473794,-1.3725258730873942,C3: Infrastruktur + Agrikultur/Sawit (emisi rendah)
Jawa Barat,Kota Sukabumi,0.0,0.0,0.0,0.777777777691358,0.22222222219753085,0.0,0.0,9.019542996701185,0.3074846997479606,78,0.00028985507246376,826.2,0.0,-5.919484702093397,0.0,-0.007528009579417655,0,-3.153171122911912,0.12183267864210638,C1: Agrikultur/Sawit (emisi rendah)
Jawa Barat,Kota Tasikmalaya,0.0,0.0,0.0,0.7388535031823603,0.26114649681445495,0.0,0.0,12.349389132584802,2.6071242825122494,98,0.001329100529100484,732.7555555555556,0.0,-4.9646560846560845,0.0,-0.06891505348790151,0,-2.3630352532530616,0.27225169531616966,C1: Agrikultur/Sawit (emisi rendah)
Jawa Barat,Kuningan,0.0,0.018753447324865554,0.038610038610017314,0.6845008273575927,0.09542195256475708,0.16271373414221582,0.0,14.049977754129902,4.297557478047431,106,0.000952506041819848,696.9316427783903,0.01723955580344558,-4.960110854260797,0.0,-0.008798282387003658,0,-1.3904727558638876,-0.3579570467545912,C1: Agrikultur/Sawit (emisi rendah)
Jawa Barat,Majalengka,0.009540329575017546,0.006938421509103669,0.009973980919336524,0.9080659150039427,0.05333911535123446,0.012142237640931421,0.0,14.0969660353451,4.535176814167556,100,0.0017558152815319039,574.3632423060251,0.00942069037088506,-4.433414550576769,0.0,-0.04568518975298684,0,-1.5746787234059993,0.8498811542905418,C1: Agrikultur/Sawit (emisi rendah)
Jawa Barat,Purwakarta,0.059511523907788265,0.07258341933262037,0.00825593395252554,0.7003783969725833,0.13003095975227724,0.029239766081861285,0.0,14.39984683266604,4.764564238138341,90,0.0023950566426364163,616.8497248968363,0.00833745173881223,-7.211493305870237,0.0,0.05991389387656045,0,-1.4574984932611512,0.3464273137685716,C1: Agrikultur/Sawit (emisi rendah)
Jawa Barat,Subang,0.018605525277200035,0.009020860740460624,0.020860740462315192,0.8120654012402156,0.07592557789887691,0.06352189438074356,0.0,15.002591189509342,5.365228071830663,94,0.002882448537378076,615.8395340097708,0.004457430101091829,-6.479184723726977,0.0,0.03916879747766184,0,-1.2518561469270464,0.5914029400611448,C1: Agrikultur/Sawit (emisi rendah)
Jawa Barat,Sukabumi,0.00943396226415044,0.02798209146146317,0.0028248587570619964,0.9132821660803265,0.017642042426179637,0.028834879010764904,0.0,16.344033454710463,6.622044595399098,95,0.00262116899219386,668.0688589244791,0.00906580196538222,-4.664931980510976,0.0,-0.0016925208063424202,0,-0.6691724282651149,0.9114135311369843,C1: Agrikultur/Sawit (emisi rendah)
Jawa Barat,Sumedang,0.13199356913181157,0.0012861736334403076,0.030707395498387344,0.7472668810288187,0.04999999999999196,0.03472668810288831,0.004019292604500961,15.237122351261142,5.520660597691477,107,0.002456071076011796,666.097572737502,0.010851432756826138,-5.3228923988154,0.0,0.01669875833943617,0,-0.87550317482559,0.3995681558016694,C1: Agrikultur/Sawit (emisi rendah)
Jawa Barat,Tasikmalaya,0.0020364159080016727,0.009702922855772676,0.010781025395302972,0.6806420699567943,0.014015333013893865,0.28282223287011465,0.0,15.632491443031045,5.813891697336231,109,0.001546183623196404,737.0046712181099,0.007951143827988562,-4.311751032579504,0.0,-0.05263830588532017,0,-0.7116307372393138,-0.335908974749296,C1: Agrikultur/Sawit (emisi rendah)
Jawa Barat,Waduk Cirata,0.0,0.0,0.0,0.9999999999285715,0.0,0.0,0.0,9.038483865029992,0.44468582126144574,77,0.001382716049382704,561.3333333333334,0.0,-5.390123456790123,0.0,0.003067358928819272,0,-3.0606610268352026,0.9921910480769306,C1: Agrikultur/Sawit (emisi rendah)
Jawa Tengah,Banjarnegara,0.0010638297872329109,0.19468085106362268,0.09468085106372906,0.5648936170206756,0.04255319148931643,0.10212765957435944,0.0,13.369829521640563,3.653252276470785,93,0.00043146975121632507,680.538788522848,0.003862251494265771,-5.257711374277059,0.0,-0.05587076396492789,0,-1.5786267837969645,-1.0331949460128806,C1: Agrikultur/Sawit (emisi rendah)
Jawa Tengah,Banyumas,0.024804777216341386,0.0822232429949094,0.036747818098283536,0.6610013780428751,0.12034910427187857,0.0748736793752527,0.0,14.284955906400276,4.478245492414424,107,0.0009584186312707279,734.208448117539,0.016806019135180837,-6.343183869334566,0.0,-0.004722649123424196,0,-1.3078429497197532,-0.4347364488780621,C1: Agrikultur/Sawit (emisi rendah)
Jawa Tengah,Batang,0.0016349887594519445,0.03167790721438143,0.00265685673410941,0.8720621295726809,0.047210300429174894,0.04475781728999698,0.0,15.022664198064033,5.281781397907937,104,0.003143086558535368,683.2758479771148,0.011212609722031787,-3.8457844869118354,0.0,0.051132781760711656,0,-0.8481345310094198,0.5938160869098733,C1: Agrikultur/Sawit (emisi rendah)
Jawa Tengah,Blora,0.0024729520865529406,0.0,0.0,0.9973724884078828,0.0001545595054095588,0.0,0.0,15.22971892278397,5.559912104236499,87,0.006946718561266888,635.6402410755679,0.0,-2.631405180512683,0.0,0.08770207125413836,0,-0.7154490241216275,1.5147866485374872,C1: Agrikultur/Sawit (emisi rendah)
Jawa Tengah,Boyolali,0.0,0.0,0.007367716008032574,0.8633623576685443,0.12926992632275333,0.0,0.0,13.760296957630318,4.106273133087375,80,0.001291131577809448,633.388219544846,0.0,-5.138042115276517,0.0,0.017749830088480138,0,-1.8854088057699139,0.8675623094537918,C1: Agrikultur/Sawit (emisi rendah)
Jawa Tengah,Brebes,0.0,0.11630946157864185,0.038159958180857774,0.8107684265549371,0.008625196027180182,0.02613695765812176,0.0,14.75072195969701,5.0372123089467085,107,0.00229775989430058,665.7305983799321,0.005197370937773129,-5.47273437030809,0.0,-0.01473260781771597,0,-1.0061454073209035,0.06569961614681233,C1: Agrikultur/Sawit (emisi rendah)
Jawa Tengah,Cilacap,0.020765351527733494,0.0792049836843549,0.02402847819637733,0.7830020765350366,0.01957876001186301,0.07342035004448628,0.0,15.383825180493224,5.600937311364024,93,0.002151244416081644,711.6347323149934,0.033807720081701194,-6.742054881940013,0.0,0.0052750723555677285,0,-0.9160472468370336,0.15222026942092623,C1: Agrikultur/Sawit (emisi rendah)
Jawa Tengah,Demak,0.0,0.0,0.0,0.9631901840431707,0.03680981595069442,0.0,0.0,11.447426482737534,2.017566137961748,58,0.001180090497737508,571.0914634146342,0.0,-10.2689592760181,0.0,0.018057430379705725,0,-2.938141343273445,1.1424029713454598,C1: Agrikultur/Sawit (emisi rendah)
Jawa Tengah,Grobogan,0.0,0.0,0.0,0.999351596692981,0.0006484033068567598,0.0,0.0,15.181452710796014,5.512460535664947,86,0.006980875862849336,635.2371150729335,0.0,-1.7308192825619555,0.0,-0.011764039404862205,0,-0.8599576912500343,1.587905761887558,C1: Agrikultur/Sawit (emisi rendah)
Jawa Tengah,Jepara,0.0,0.0,0.014571948998174714,0.8430913348943943,0.07025761124119952,0.07207910486597136,0.0,14.756089527997553,5.041617031704984,94,0.0029157814871016157,666.3535379812695,0.004540898832168917,-4.544878603945372,0.0,0.020162371667141188,0,-1.2101602880929898,0.6203280258352585,C1: Agrikultur/Sawit (emisi rendah)
Jawa Tengah,Karanganyar,0.0058187863674099595,0.007481296758098519,0.13549459684111761,0.7107231920193593,0.11471321695751063,0.021612635078951278,0.0041562759767214,13.581522163339892,3.894266283838887,93,0.001066702134734276,657.2840531561462,0.07618237135875972,-4.82722617543393,0.0,0.01221742327448026,0,-1.6692117052556816,-0.39591060958036683,C1: Agrikultur/Sawit (emisi rendah)
Jawa Tengah,Kebumen,0.0,0.1227154046995787,0.005221932114875689,0.6723237597902451,0.05483028720619474,0.14490861618780038,0.0,13.202877358626424,3.4544221428994533,90,0.0004737314078975427,706.5462842242504,0.0,-7.442437923250564,0.0,0.0038589921959295806,0,-1.7207304898536881,-0.39322220729464463,C1: Agrikultur/Sawit (emisi rendah)
Jawa Tengah,Kendal,0.003076923076922025,0.006495726495724275,0.001025641025640675,0.9104273504270392,0.07623931623929017,0.0027350427350418,0.0,14.405154386159461,4.770684624465665,93,0.002246371246448004,616.3174982911825,0.002595821201454325,-5.506489516934184,0.0,0.060324559020055464,0,-1.4129170413137913,0.9165529374042114,C1: Agrikultur/Sawit (emisi rendah)
Jawa Tengah,Klaten,0.0,0.0,0.018987341772031728,0.5949367088569941,0.3860759493646451,0.0,0.0,11.593122006964505,1.9906103279732201,78,0.00030184353806472634,681.440251572327,0.0,-6.197774381507307,0.0,0.05212096713517437,0,-2.908795605978666,0.038848311105932336,C1: Agrikultur/Sawit (emisi rendah)
Jawa Tengah,Kota Magelang,0.0,0.0,0.0,0.0,0.9999999989999999,0.0,0.0,7.581209826196346,0.039220713153281295,87,0.00010695187165775199,980.0,0.0,-7.229946524064171,0.0,-0.08534198798682043,2,-4.527833833766303,-1.632195221723989,C3: Infrastruktur + Agrikultur/Sawit (emisi rendah)
Jawa Tengah,Kota Pekalongan,0.0,0.0,0.0,0.0,0.9999999995,0.0,0.0,7.99598047476376,0.07696104113612832,55,0.000394088669950736,989.3333333333334,0.0,-7.246305418719212,0.0,0.035364568608803965,2,-4.519348711470136,-1.310683055142897,C3: Infrastruktur + Agrikultur/Sawit (emisi rendah)
Jawa Tengah,Kota Semarang,0.0,0.0,0.0,0.3889674681748388,0.6110325318237467,0.0,0.0,13.122345377242327,3.3769046890931107,88,0.00236632917747464,706.2005649717514,0.0,-9.06409505480713,0.0,0.04252730110404133,2,-2.7979177525358407,-0.21090760116287147,C3: Infrastruktur + Agrikultur/Sawit (emisi rendah)
Jawa Tengah,Kota Tegal,0.0,0.0,0.0,0.0,0.0,0.0,0.0,5.8998973535824915,0.0,43,0.0,364.0,0.0,-8.065693430656934,0.0,-0.0660470634763677,2,-4.7369165509775275,-0.09273754429680714,C3: Infrastruktur + Agrikultur/Sawit (emisi rendah)
Jawa Tengah,Kudus,0.0,0.0,0.01041666666655816,0.4374999999954427,0.26041666666395397,0.29166666666362845,0.0,11.147930289415777,1.5769147207285403,93,0.0003638775703590951,715.659793814433,0.0,-5.893679522410689,0.0,0.03741143943321051,0,-2.5468096822233672,-0.9929125117159022,C1: Agrikultur/Sawit (emisi rendah)
Jawa Tengah,Magelang,0.0,0.11357340720190146,0.13296398891929928,0.5567867035995657,0.1966759002764635,0.0,0.0,12.536084774804422,2.73696154459663,91,0.00020075072987624294,768.4972375690608,0.0,-5.54971500069512,0.0,-0.013514298124375152,0,-2.090866251523141,-1.0464045423618271,C1: Agrikultur/Sawit (emisi rendah)
Jawa Tengah,Pati,0.0,0.0,0.010197960407912298,0.9688062387516684,0.004199160167963888,0.016796640671855552,0.0,13.847625314271452,4.214790715297968,83,0.002351364694266108,619.0857314148681,0.0,-5.5175611820297625,0.0,0.04757595768358983,0,-1.5765516005941413,1.0415096939030306,C1: Agrikultur/Sawit (emisi rendah)
Jawa Tengah,Pekalongan,0.0,0.1892702432521862,0.02599133622125092,0.7114295234919322,0.0069976674441829395,0.06631122959011453,0.0,14.60002971924693,4.7961210694801,118,0.002212311094729032,729.9640239840106,0.01977481378726194,-4.1162550681901955,0.0,0.0008747924250351836,0,-0.6502845225681698,-0.5413960248484311,C1: Agrikultur/Sawit (emisi rendah)
Jawa Tengah,Pemalang,0.0005310674455654458,0.010090281465743471,0.009293680297395301,0.9718534253847658,0.006107275624002627,0.0021242697822617834,0.0,14.761469212339733,5.021509290648134,100,0.0029809043237359763,683.6421555614547,0.010164369869998241,-5.14047689719996,0.0,0.017279118395684655,0,-1.0763849052597634,0.8749400328005129,C1: Agrikultur/Sawit (emisi rendah)
Jawa Tengah,Purbalingga,0.0,0.009208103130738107,0.12154696132574301,0.6408839778993722,0.13443830570877635,0.0939226519335287,0.0,12.810771052905006,3.1232455938529506,99,0.0003625801282050952,673.0496323529412,0.08909456581179952,-4.958550347222222,0.0,-0.04434651181941949,0,-1.9411973479089717,-0.7816807402471245,C1: Agrikultur/Sawit (emisi rendah)
Jawa Tengah,Purworejo,0.1166666666663426,0.25833333333261577,0.11111111111080248,0.3416666666657176,0.02777777777770062,0.14444444444404322,0.0,12.531548933401737,2.7343675094195836,97,0.00020993395827558647,767.1385041551247,0.0,-5.8557870336623274,0.0,-0.05325070976135404,0,-1.5058708075856635,-1.8986384048102827,C1: Agrikultur/Sawit (emisi rendah)
Jawa Tengah,Rembang,0.005268703898838109,0.0,0.0,0.9773445732344692,0.007376185458373353,0.010010537407792407,0.0,13.848818633567864,4.342765920720579,78,0.005856668980945719,544.4275934702475,0.0,-3.6976780066342667,0.0,-0.0006406145733420253,0,-1.5506920366255768,1.5571286819821306,C1: Agrikultur/Sawit (emisi rendah)
Jawa Tengah,Salatiga,0.0,0.0,0.0,0.20895522387903767,0.7910447761134998,0.0,0.0,11.314011004202497,1.8500283773520307,92,0.001536256807107976,607.1185185185185,0.0,-6.0865577529378045,0.0,0.06578679474356525,2,-3.500812816006039,-0.5394733404519612,C3: Infrastruktur + Agrikultur/Sawit (emisi rendah)
Jawa Tengah,Semarang,0.001493280238924095,0.0,0.00199104031856546,0.7307117969135238,0.24688899950211704,0.001493280238924095,0.017421602787447775,14.037124940695936,4.398883751740304,87,0.001218443436992956,620.9398009950248,0.002083333229166671,-5.906539505405364,0.0,0.05564162901293037,0,-1.8919308343375951,0.5744202362341466,C1: Agrikultur/Sawit (emisi rendah)
Jawa Tengah,Sragen,0.0,0.026194144838172274,0.0,0.9229583975332466,0.0508474576270403,0.0,0.0,12.957153772460293,3.2943542860441064,84,0.0009896687125919318,652.0876923076924,0.0,-5.450230643132172,0.0,-0.007944337193986793,0,-1.9761678046739954,0.8001068118767456,C1: Agrikultur/Sawit (emisi rendah)
Jawa Tengah,Sukoharjo,0.0,0.0,0.0,0.962305986694097,0.037694013303685825,0.0,0.0,12.517802000440401,2.9465420293632194,74,0.0014536663980660239,604.3274336283185,0.0,-5.301531023368251,0.0,-0.006994024530932993,0,-2.229007086189297,1.1170419803905376,C1: Agrikultur/Sawit (emisi rendah)
Jawa Tengah,Surakarta,0.0,0.0,0.0,0.0,0.9999999989999999,0.0,0.0,6.794586580876499,0.039220713153281295,71,0.00024096385542168397,446.0,0.0,-6.481927710843373,0.0,-0.02394933310963552,2,-5.3495359146057035,-0.68744655306997,C3: Infrastruktur + Agrikultur/Sawit (emisi rendah)
Jawa Tengah,Tegal,0.004765395894426406,0.006598240469205792,0.0029325513196470187,0.977272727272369,0.008064516129029302,0.00036656891495587734,0.0,14.430546996735504,4.701570680274407,101,0.00301686480508704,677.8024917552217,0.006534720985027887,-4.433757257395632,0.0,-0.04429653286659618,0,-1.244117521344984,0.953877143227944,C1: Agrikultur/Sawit (emisi rendah)
Jawa Tengah,Temanggung,0.0,0.10623084780377301,0.08580183861073973,0.6864147088859178,0.0868232890703914,0.03472931562815656,0.0,13.340045643008436,3.6928714753834737,97,0.0007660556740154919,634.280612244898,0.0015432098193872874,-6.5779847023611575,0.0,-0.007497129089500339,0,-1.7938455155686357,-0.43149958477528055,C1: Agrikultur/Sawit (emisi rendah)
Jawa Tengah,Waduk Kedungombo,0.0,0.0,0.0,0.9999999989999999,0.0,0.0,0.0,7.643003635560718,0.039220713153281295,75,0.001111111111111108,1042.5,0.0,-3.1944444444444446,0.0,-0.10790193219102254,0,-2.7580085011330913,0.3226182373821804,C1: Agrikultur/Sawit (emisi rendah)
Jawa Tengah,Wonogiri,0.019674935842583684,0.05132591958934874,0.04448246364410224,0.7912745936691263,0.021385799828895307,0.07185628742508823,0.0,13.609090142273331,3.8661884690843467,81,0.000649615870854752,695.2905982905983,0.0,-5.535377391256026,0.0,0.004783728161600393,0,-1.6450095377294573,0.15333887172577892,C1: Agrikultur/Sawit (emisi rendah)
Jawa Tengah,Wonosobo,0.004711425206119303,0.2873969375732775,0.0777385159009685,0.4840989399287584,0.06595995288567025,0.08009422850402816,0.0,13.308771572505432,3.5542045507873348,96,0.0004376683463714109,708.7717647058823,0.005488350910931437,-4.409392599847925,0.0,-0.07984452238710768,0,-1.4492473962861898,-1.327631888548948,C1: Agrikultur/Sawit (emisi rendah)
Jawa Timur,Bangkalan,0.0,0.0,0.011999999999976,0.845999999998308,0.141999999999716,0.0,0.0,12.52957180884045,3.044522437723423,62,0.00111544896820966,551.6766467065868,0.0,-6.615225878416062,0.0,0.009887446272954004,0,-2.608492928483923,1.0154902091726576,C1: Agrikultur/Sawit (emisi rendah)
Jawa Timur,Banyuwangi,0.03277494537508945,0.03277494537508945,0.010487982520028624,0.8882738528768688,0.006166545277979793,0.029278951201746575,0.00024277737314881074,16.42393723682784,6.7151409327027505,108,0.003646568781511256,659.2382501456593,0.06415956863780836,-2.655581180199282,0.0,0.0179482785025357,0,-0.2428856680099684,0.7280392397039162,C1: Agrikultur/Sawit (emisi rendah)
Jawa Timur,Batu,0.0,0.03921568627439996,0.21288515406102834,0.44537815125925667,0.01960784313719998,0.10924369747868559,0.1736694677866284,12.36545390769413,2.7265447837383743,126,0.0010753821823932216,655.1843575418994,0.2392460491469989,-0.7551020408163265,0.0,-0.1000413011349633,0,-1.0500747394004375,-2.1068661343070842,C1: Agrikultur/Sawit (emisi rendah)
Jawa Timur,Blitar,0.0022878059940511807,0.023335621139322044,0.021276595744675983,0.8657057881489668,0.0569663692518744,0.02379318233813228,0.006634637382748425,14.764769806372167,5.169574490655311,91,0.001955879720780332,590.9867337602927,0.016644195846042348,-4.409857705387506,0.0,0.04069619278821044,0,-1.2546045594110737,0.73613620180641,C1: Agrikultur/Sawit (emisi rendah)
Jawa Timur,Bojonegoro,0.0,0.0,0.0,0.9983847810479184,0.001615218951902079,0.0,0.0,14.903280614820446,5.411110194023159,72,0.0055742296918767,532.5045756325139,0.0,-3.048344337735094,0.0,0.07014476688274798,0,-1.1633592722146993,1.7386789797085,C1: Agrikultur/Sawit (emisi rendah)
Jawa Timur,Bondowoso,0.0,0.017107046070457807,0.06402439024389159,0.6766598915988014,0.0,0.24000677506771,0.0022018970189698166,15.2259034528056,5.468735018839167,109,0.0029783209110513797,693.9143099068586,0.17518458384572075,-1.97939288461781,0.0,-0.037289808151161515,0,-0.4406795866856901,-0.6170608174110064,C1: Agrikultur/Sawit (emisi rendah)
Jawa Timur,Gresik,0.005733005733001038,0.017199017199003113,0.005733005733001038,0.8648648648641566,0.03194103194100578,0.07452907452901349,0.0,13.645897110014129,3.908817874479198,101,0.00276541532189564,690.6628477905074,0.17637091094861357,-4.789309778608233,0.0,-0.03935222168399128,0,-1.2393413138849743,0.23397717248358987,C1: Agrikultur/Sawit (emisi rendah)
Jawa Timur,Jember,0.0,0.014046109168493212,0.036389498014577346,0.8613761631007609,0.0015409233686954577,0.07710543471818425,0.009541871629229565,16.29239536866292,6.5160747258445895,109,0.0033329382716048798,705.4712575560034,0.1623824600463897,-2.863279012345679,0.0,0.025178513905215045,0,-0.11658739442620171,0.21702042638301966,C1: Agrikultur/Sawit (emisi rendah)
Jawa Timur,Jombang,0.0,0.021021021020989458,0.11411411411394277,0.8198198198185889,0.021021021020989458,0.024024024023987952,0.0,12.921118294791235,3.319263998899469,81,0.000860298391784492,612.976011994003,0.04381222031662297,-6.1183879093199,0.0,0.013482797284888794,0,-1.974995040821784,0.02077309409674443,C1: Agrikultur/Sawit (emisi rendah)
Jawa Timur,Kediri,0.0005633802816899821,0.0016901408450699464,0.03859154929576378,0.9360563380279053,0.019154929577459394,0.0039436619718298755,0.0,14.638151051568537,4.962844630259907,78,0.0021798532436829877,641.087580963109,0.0,-4.67965367965368,0.0,0.024380879633419644,0,-1.39735629020279,0.9621930356895487,C1: Agrikultur/Sawit (emisi rendah)
Jawa Timur,Kota Blitar,0.0,0.0,0.0,0.0,0.9999999999166667,0.0,0.0,9.019542996701185,0.3920420877760237,70,0.000595533498759268,635.5384615384615,0.0,-5.792803970223325,0.0,-0.01868775004409197,2,-4.68619750964189,-0.845451819951598,C3: Infrastruktur + Agrikultur/Sawit (emisi rendah)
Jawa Timur,Kota Kediri,0.0,0.0,0.0,0.4444444443950617,0.5555555554938272,0.0,0.0,8.951310542097564,0.3074846997479606,65,0.000311958405545908,771.7,0.0,-6.1490467937608315,0.0,0.04276374619954921,2,-3.7984033777472717,-0.26550517580360433,C3: Infrastruktur + Agrikultur/Sawit (emisi rendah)
Jawa Timur,Kota Madiun,0.0,0.0,0.0,0.29999999997,0.69999999993,0.0,0.0,8.690305809124883,0.33647223662121295,70,0.0008163265306122399,540.3636363636364,0.0,-5.616326530612245,0.0,-0.14844001701097612,2,-4.599410575649587,-0.11684892889576153,C3: Infrastruktur + Agrikultur/Sawit (emisi rendah)
Jawa Timur,Kota Malang,0.0,0.0,0.0,0.1818181818140496,0.8181818181632232,0.0,0.0,10.302800441159095,1.0152306797290584,83,0.000701474691111948,662.5555555555555,0.0,-5.994420087684336,0.0,-0.049744792740775916,2,-4.038071195298134,-0.6314819181074541,C3: Infrastruktur + Agrikultur/Sawit (emisi rendah)
Jawa Timur,Kota Mojokerto,0.0,0.0,0.0,0.0,0.0,0.0,0.0,6.410174881966167,0.0,69,0.0,607.0,0.0,-6.738853503184713,0.0,-0.07841407010710734,2,-4.061576453538125,-0.695105604268846,C3: Infrastruktur + Agrikultur/Sawit (emisi rendah)
Jawa Timur,Kota Pasuruan,0.0,0.0,0.29999999997,0.39999999996,0.29999999997,0.0,0.0,8.520188700396035,0.33647223662121295,56,0.000461361014994216,455.8181818181818,0.0,-6.03921568627451,0.0,-0.06300090066710362,2,-4.188636740099376,-1.2108723618847546,C3: Infrastruktur + Agrikultur/Sawit (emisi rendah)
Jawa Timur,Kota Probolinggo,0.0,0.0,0.0,0.11111111109876542,0.8888888887901234,0.0,0.0,8.463159302923751,0.3074846997479606,71,0.000203735144312388,473.6,0.0,-2.4770797962648556,0.0,-0.11587740132162894,2,-4.813658911925202,-0.3513048362282593,C3: Infrastruktur + Agrikultur/Sawit (emisi rendah)
Jawa Timur,Lamongan,0.0,0.0,0.0,0.9930313588841524,0.006968641114976509,0.0,0.0,13.290323974138166,3.848444023785275,51,0.002302908726178492,514.7467362924282,0.0,-5.901103309929789,0.0,0.016155473132930667,0,-2.2153874400687057,1.6491024628434088,C1: Agrikultur/Sawit (emisi rendah)
Jawa Timur,Lumajang,0.0,0.011441647597251385,0.0379862700228746,0.7299771167046384,0.01784897025171216,0.18398169336380227,0.018764302059492272,14.90755868290546,5.169346985251076,102,0.001458794074692204,681.8510638297872,0.21544357956137547,-4.25714166492802,0.0,0.043537877310467744,0,-0.6278188313505707,-0.4318532983363118,C1: Agrikultur/Sawit (emisi rendah)
Jawa Timur,Madiun,0.0,0.0189902732746554,0.02501157943491199,0.94951366373277,0.0018527095877712587,0.004631773969428147,0.0,14.022635290341979,4.470037511996595,85,0.001983190189684428,569.5069444444445,0.03561548201083341,-4.759220135029624,0.0,-0.0273161777579893,0,-1.5927275386098636,0.9560266899257929,C1: Agrikultur/Sawit (emisi rendah)
Jawa Timur,Magetan,0.0,0.20993788819849699,0.09937888198745419,0.4074534161485622,0.01366459627327495,0.14409937888180857,0.1254658385091609,13.221797768219554,3.502549875922443,88,0.0015655387008945358,685.2009925558312,0.17400379100799834,-4.0027226760015555,0.0,-0.10115759901200873,0,-1.1433103800335418,-1.5898614823758201,C1: Agrikultur/Sawit (emisi rendah)
Jawa Timur,Malang,0.0,0.016582483560467303,0.026303249785568826,0.8985037644142858,0.014962355856283716,0.036691127418275356,0.006957018965023639,15.791120692082163,6.041967529281089,105,0.001868170508614844,687.1561844863731,0.22568156368192074,-3.455229693460157,0.0,-0.030926529064731676,0,-0.450714635911151,0.2797243821028802,C1: Agrikultur/Sawit (emisi rendah)
Jawa Timur,Mojokerto,0.0,0.03909774436084346,0.1969924812027113,0.7233082706756041,0.02857142857138561,0.012030075187951834,0.0,13.007535969573578,3.3178157727231046,106,0.0009526879409762824,669.3078078078078,0.05037354633032006,-4.195372658572401,0.0,-0.05307481615795265,0,-1.6765089345345086,-0.8739203267502416,C1: Agrikultur/Sawit (emisi rendah)
Jawa Timur,Nganjuk,0.008087343307720143,0.013344116457738236,0.029518803073178522,0.9211484027493242,0.0040436716538600715,0.02385766275777442,0.0,14.193868223458939,4.604369865817322,80,0.0024286170238884,590.090541632983,0.012349705772671126,-3.9654071837175615,0.0,-0.019969355834981894,0,-1.5208205614722505,0.9760886210350461,C1: Agrikultur/Sawit (emisi rendah)
Jawa Timur,Ngawi,0.0,0.06809160305341433,0.016183206106865286,0.8635114503814157,0.005496183206105192,0.03725190839693519,0.009465648854958942,14.574380870233544,4.882801922586371,84,0.00287079242636742,651.9722222222222,0.008871478640998133,-4.231087833099579,0.0,0.018358315579936904,0,-1.160887980974737,0.6650578450557219,C1: Agrikultur/Sawit (emisi rendah)
Jawa Timur,Pacitan,0.02294056308653653,0.013034410844623028,0.017726798748687315,0.7028154327420736,0.09436913451507072,0.14911366006248744,0.0,14.020997545539709,4.353112624509239,87,0.0008008016366748281,639.980198019802,0.0,-5.619462652916371,0.0,0.0021859072119347145,0,-1.66156800946229,0.13350555013108942,C1: Agrikultur/Sawit (emisi rendah)
Jawa Timur,Pamekasan,0.0,0.0,0.35714285711734695,0.49999999996428574,0.14285714284693876,0.0,0.0,9.62350906446938,0.44468582126144574,64,0.000270662155630724,1007.6666666666666,0.0,-11.260995650072498,0.0,0.04071867696372191,0,-3.081294200222095,-2.3540228266893113,C1: Agrikultur/Sawit (emisi rendah)
Jawa Timur,Pasuruan,0.0031128404669236477,0.06147859922174204,0.0326848249026983,0.8186770428009194,0.07392996108943663,0.010116731517501854,0.0,13.586900844368376,3.9589065913269965,90,0.0007293366442000135,618.6920684292379,0.019323638871596657,-4.776502305782192,0.0,0.03939892797675374,0,-1.6363379776506082,0.3345331477155264,C1: Agrikultur/Sawit (emisi rendah)
Jawa Timur,Ponorogo,0.0008396305625522419,0.2311782815560506,0.04506017352363698,0.6918555835430473,0.008116428771338339,0.012874335292467709,0.010075566750626904,14.81614832060782,4.969257589642278,98,0.0022699766522132282,761.0562395075546,0.05919648634955029,-3.9038928860723305,0.0,-0.04666075329208773,0,-0.6971282443068499,-0.5081827112664065,C1: Agrikultur/Sawit (emisi rendah)
Jawa Timur,Probolinggo,0.010084711577244823,0.08753529649048505,0.09963695038317885,0.6288826139569872,0.01089148850342441,0.10488100040334615,0.05808793868493018,14.320472222277195,4.606768907351788,102,0.001077603538399628,668.1133064516129,0.07688366762285322,-3.559612688683859,0.0,0.004134018944398717,0,-0.9232721399509792,-0.7694285347733697,C1: Agrikultur/Sawit (emisi rendah)
Jawa Timur,Sampang,0.004830917874372798,0.04347826086935518,0.03864734299498238,0.835748792266494,0.07729468598996476,0.0,0.0,11.652861305267745,2.2278615467981093,65,0.001152561247215992,552.9759615384615,0.0,-7.012527839643653,0.0,0.0545018895780333,0,-2.617247115701791,0.6415984218526949,C1: Agrikultur/Sawit (emisi rendah)
Jawa Timur,Sidoarjo,0.020833333332899308,0.0,0.2499999999947917,0.10416666666449653,0.6249999999869792,0.0,0.0,10.284762421843075,1.0715836162801904,41,0.000205457463884404,597.5918367346939,0.0,-8.843766720171214,0.0,-0.074064085503337,2,-4.430357366698561,-1.49445564198173,C3: Infrastruktur + Agrikultur/Sawit (emisi rendah)
Jawa Timur,Situbondo,0.003174603174600655,0.005555555555551146,0.17698412698398652,0.6603174603169363,0.003174603174600655,0.14285714285702947,0.007936507936501637,13.610701645213135,3.9396381724611196,101,0.000843825341548301,646.1554321966693,0.18245346282589406,-3.07083779801768,0.0,-0.06665794372019421,0,-1.2898593003940957,-1.0841234539806839,C1: Agrikultur/Sawit (emisi rendah)
Jawa Timur,Sumenep,0.0,0.009134406263588893,0.030448020878629644,0.9138755980857269,0.016963897346665088,0.02957807742495451,0.0,14.053269975220669,4.532169293103601,71,0.0032687591085201915,551.4795652173913,0.13265830176572574,-9.876301851917678,0.0,-0.07178006647112996,0,-1.9176236326516094,0.8764351304916421,C1: Agrikultur/Sawit (emisi rendah)
Jawa Timur,Surabaya,0.0,0.0,0.1764705882249135,0.0,0.8235294117162629,0.0,0.0,9.088737550216933,0.5187937934151675,38,0.0007530454042081639,491.8888888888889,0.0,-21.19269102990033,0.0,0.012694170341426628,2,-5.6538953722914815,-1.470557557988789,C3: Infrastruktur + Agrikultur/Sawit (emisi rendah)
Jawa Timur,Trenggalek,0.010475217169133758,0.10705160960651328,0.01303014818599565,0.7713336739906052,0.013541134389368027,0.08456821665812862,0.0,14.851633779484098,5.059806338102705,95,0.001844638459816384,719.864367816092,0.0,-5.344514745561015,0.0,-0.10736170397901512,0,-1.1756257736547069,0.12089957670397629,C1: Agrikultur/Sawit (emisi rendah)
Jawa Timur,Tuban,0.0,0.0,0.0,0.9952442715084326,0.004755728491134995,0.0,0.0,13.940767814136551,4.538175317163813,60,0.005441072688779052,489.8180639585134,0.0,-4.294048459186074,0.0,0.03526940084011958,0,-1.7303402056626567,1.8446613829462177,C1: Agrikultur/Sawit (emisi rendah)
Jawa Timur,Tulungagung,0.0,0.0,0.00979301135098825,0.9646116180723425,0.019140885822386124,0.006454484754060436,0.0,14.88325565215223,5.196948872159748,84,0.0033304918275823157,647.2656875834446,0.14672647787605242,-3.9545050220525555,0.0,-0.00870672447706395,0,-1.0328628717269115,0.983732180519005,C1: Agrikultur/Sawit (emisi rendah)
Kalimantan Barat,Bengkayang,0.02301867257382941,0.011380919703518167,0.00022874203917508306,0.8731926369141461,0.0012721267792719531,0.08512815573721118,0.0057787462528442034,19.085768093951163,9.207191419224491,110,0.01877915060533777,780.3926200890886,0.32357294943893367,9.904421434196594,1.0,-0.02744723800938081,1,2.8711553810467003,1.8223762777979455,C2: Agrikultur/Sawit (emisi tinggi)
Kalimantan Barat,Kapuas Hulu,0.018285948386346663,0.1217651504037244,0.048275346633043566,0.6493421653596689,0.0012401006474543302,0.1529475919072356,0.008143696662523748,19.277591623712727,9.57854934255469,142,0.004859040010706328,652.122797305003,0.40607757375964354,0.949466177571825,1.0,-0.005157657126354734,1,2.357597502680681,-0.47354354947039995,C2: Agrikultur/Sawit (emisi tinggi)
Kalimantan Barat,Kayong Utara,0.002411177973786151,0.08211057071414776,0.0025485670321215444,0.6602368587365657,0.0019234468166955054,0.012935179842277274,0.23783419888439922,18.69900775394359,8.669721985268644,110,0.01310497247516459,907.3922155894294,0.5360371935185958,8.508975391941952,1.0,0.00477641569843736,3,3.3126201583684676,0.40714895265279316,C4: Agrikultur/Sawit + Kebakaran (emisi tinggi)
Kalimantan Barat,Ketapang,0.01587599632897079,0.056492279391830096,0.004645016698363094,0.6912098129743162,0.0011497069000487986,0.09662558514558593,0.13400160256088411,20.33594443824366,10.59255743219033,108,0.01474994557111814,681.6629163164833,0.35071595609483425,5.7888218627859,1.0,0.02014009884948868,1,3.0802496915999376,1.1830927168104695,C2: Agrikultur/Sawit (emisi tinggi)
Kalimantan Barat,Kota Pontianak,0.0,0.0,0.0,0.4689265536719852,0.5310734463273086,0.0,0.0,13.535751680605356,4.054216771131322,49,0.013978282329713685,533.4968242766408,0.0020616319057323294,1.0705824284304046,1.0,-0.010125947941923364,0,-1.542572507308884,1.9262165042126838,C1: Agrikultur/Sawit (emisi rendah)
Kalimantan Barat,Kubu Raya,0.0004548662849972537,0.10030585836404957,0.010292526076386133,0.7767359422790345,0.006283428750686201,0.006641047760959904,0.09928633048388331,19.661173801161016,9.453443401029997,92,0.015888938178809386,1084.560220970211,0.48575752153259827,9.651856430091662,1.0,-0.012495533493045658,1,3.5456997087506044,0.8544053402256421,C2: Agrikultur/Sawit (emisi tinggi)
Kalimantan Barat,Landak,0.009667131752043027,0.01625823551277005,0.00033669308136120884,0.8887835413647628,0.0013117562449832696,0.08085212978575525,0.002790512258321699,19.385922952698646,9.60584402916935,109,0.018900341980636733,707.1676296062857,0.19960361873457064,8.451682985095143,1.0,0.010974020692846741,1,2.677601841875364,2.1146902193395696,C2: Agrikultur/Sawit (emisi tinggi)
Kalimantan Barat,Melawi,0.008598448310079485,0.0268245741160397,0.0012415365514822229,0.5849298693386599,0.0018738432710103438,0.3693594317547187,0.007172296658005109,18.786751539306376,9.067356444577463,127,0.009353558573872269,665.5608211641775,0.1811554930139854,2.182374684992418,1.0,0.03473954193318026,1,2.0580745555621127,0.14435486508876083,C2: Agrikultur/Sawit (emisi tinggi)
Kalimantan Barat,Pontianak,0.031053411868413254,0.05665745081540173,0.0028181806039721275,0.6617649022986114,0.007733301278198398,0.03636922172803841,0.20360353140735124,18.086098170792013,8.004979938671651,95,0.016291267522887815,955.8135751682872,0.4845659482931632,8.937279348967259,1.0,0.008114026766990327,3,3.0859235246736714,0.7753593605957173,C4: Agrikultur/Sawit + Kebakaran (emisi tinggi)
Kalimantan Barat,Sambas,0.0022454454386471204,0.040367081515187364,0.0025255955311815435,0.9043372327962337,0.00031410767950829283,0.009834966127306952,0.04037557091193083,18.976269147135827,9.151070082637355,96,0.020112562668208992,739.8334557216169,0.5361482677631847,9.797933576500569,1.0,-0.017465455491254014,1,3.061017275252779,1.890442564238217,C2: Agrikultur/Sawit (emisi tinggi)
Kalimantan Barat,Sanggau,0.01953324658547313,0.023871263679170168,0.0008500042125759417,0.8690019939526115,0.0014697209402469477,0.07935744174943583,0.005916328880484528,19.656426541079018,9.969537430997628,99,0.01852531725145561,644.231552696418,0.14178956451848093,6.562933063953211,1.0,0.02021728354997853,1,2.442222666367169,2.314076310233004,C2: Agrikultur/Sawit (emisi tinggi)
Kalimantan Barat,Sekadau,0.003805422507360356,0.007232939315375457,2.6365513907808472e-05,0.8432042887902587,0.0018411917212286248,0.14309882673463048,0.0007909654172342541,18.66974277081398,9.11644718775925,93,0.017396821756538478,563.7016974922112,0.041636925055047035,4.704744431384915,1.0,0.045007056474808786,1,1.7560636160169827,2.3239244703566295,C2: Agrikultur/Sawit (emisi tinggi)
Kalimantan Barat,Singkawang,0.016565562295845656,0.020687509721572506,0.00031109037175297,0.8638201897650596,0.03313112459169131,0.00124436148701188,0.06424016176698831,15.84917671146727,6.244788066923324,80,0.0147759135830843,594.2959017030873,0.22869868077988295,3.0397035164330037,1.0,0.03667199251174041,1,0.9057472996856226,2.03377941818883,C2: Agrikultur/Sawit (emisi tinggi)
Kalimantan Barat,Sintang,0.010889491583231378,0.03615127555119744,0.000883818094166799,0.7633417178537801,0.0012593178039333982,0.18118598877764155,0.006288390336047634,19.75574897685006,10.102140030949478,126,0.01157175398633252,623.140784284789,0.24267821455287508,3.6618943891070446,1.0,0.006313996299654794,1,2.42644821357626,1.0355569263570539,C2: Agrikultur/Sawit (emisi tinggi)
Kalimantan Selatan,Balangan,0.19086128419284568,0.03201643908259243,0.0014362101727871,0.5380706173494071,0.010848910689822555,0.2052454814618365,0.021521057050686698,17.208587491183426,7.501811140231098,122,0.010284097687339115,657.4907090302481,0.06321477852600695,1.6032403383494953,1.0,0.006628725468986285,1,1.4425502059969846,0.6972394412583048,C2: Agrikultur/Sawit (emisi tinggi)
Kalimantan Selatan,Banjar,0.08187057428020174,0.010256287367752479,0.01400654197769001,0.6563305016714315,0.008494985681935173,0.15261020117180296,0.07643090784917414,17.829005068642907,8.113558407242795,97,0.010412743168512572,663.0552586805971,0.13741175214849977,0.3727601361151052,1.0,0.014202163581500896,1,1.3962069983829002,1.0684864401679057,C2: Agrikultur/Sawit (emisi tinggi)
Kalimantan Selatan,Banjar Baru,0.10960016237058866,0.0,0.09052161558756026,0.5346052364520936,0.21087883093155857,0.005074081591230957,0.0493200730667649,14.73577856996346,5.288670989496231,54,0.01293260712645182,509.32670454545456,0.0004912032417156167,0.3850646367871908,1.0,-0.018122113473401282,0,-0.6183596685615956,1.6667249634303671,C1: Agrikultur/Sawit (emisi rendah)
Kalimantan Selatan,Banjarmasin,0.0,0.0,0.0,0.004901960784301711,0.9950980392132474,0.0,0.0,11.800680034794011,2.851861903134289,28,0.007154756685664148,326.0195599022005,0.0,-3.535729943007453,0.0,-0.03934198922464226,2,-4.359177737073006,0.7127536713365729,C3: Infrastruktur + Agrikultur/Sawit (emisi rendah)
Kalimantan Selatan,Barito Kuala,0.0,0.0,0.01936070981685771,0.8862700489136416,0.013195313388692682,0.0,0.08117392788078533,17.08075960951258,7.472614439240552,27,0.01236349316850546,595.746450996451,0.019325937222342635,-0.8984944694077027,0.0,0.009024135157880952,0,-0.46092927157548896,2.412610691157256,C1: Agrikultur/Sawit (emisi rendah)
Kalimantan Selatan,Hulu Sungai Selatan,0.10658455708194607,0.001105321332701663,0.016579819990524942,0.553344912890123,0.005368703615979506,0.2245381335859664,0.0924785515027058,16.42676193177611,6.634580794062362,66,0.007447156702303792,716.6356842105263,0.01712770645405279,-0.8276676433408136,0.0,0.01910160937892696,0,-0.135975627484072,0.5441156308288552,C1: Agrikultur/Sawit (emisi rendah)
Kalimantan Selatan,Hulu Sungai Tengah,0.0007180812868016316,0.00923931255684766,0.01426588156445908,0.3470726219541219,0.0025850926324858738,0.6211403130834113,0.004978696921824646,16.472816787457756,6.729298245290333,115,0.006165538920167304,682.5193393968406,0.08163797574405843,-0.37328532109414775,0.0,0.005254653114211974,4,0.27243987169534584,-1.2972515016756552,C5: Ladang Berpindah + Agrikultur/Sawit + Pembalakan (emisi tinggi)
Kalimantan Selatan,Hulu Sungai Utara,0.0004320027648176575,0.0,0.05097632624848358,0.39130810437183416,0.0051840331778118896,0.0,0.5520995334369663,16.327565907381082,6.139798341613675,35,0.009151034769030009,1065.2480345572353,0.1356418323684138,3.52177264730881,1.0,0.006590395732958988,3,1.475853402032856,0.4546431425978166,C4: Agrikultur/Sawit + Kebakaran (emisi tinggi)
Kalimantan Selatan,Kota Baru,0.02534457411314524,0.015948565509429708,0.004774299187459454,0.8729044582622935,0.001552307480126645,0.04560673507774729,0.03386906036979535,19.013036200457684,9.520198722971987,103,0.016854300459708114,530.6125375604488,0.1130623246102528,3.597234827034499,1.0,0.005909926279032629,1,1.8961676615450886,2.353970820835047,C2: Agrikultur/Sawit (emisi tinggi)
Kalimantan Selatan,Tabalong,0.14239427729854628,0.12069570096079499,0.005287888351216701,0.5107230521074337,0.010295252121467,0.12571709096009362,0.08488673820043362,17.759068140659725,7.956056247108876,134,0.008327079798991409,723.7692437163375,0.14940297048807255,0.5953432825361415,1.0,0.00021539317858059926,1,1.8876157740800776,0.05124586734254297,C2: Agrikultur/Sawit (emisi tinggi)
Kalimantan Selatan,Tanah Bumbu,0.13370160930060182,0.01661600148182037,0.002190043473997308,0.8117052920602709,0.0041894115211540545,0.024640713017138865,0.006956929145011348,18.633588414928035,8.901546335420775,104,0.01894479363408362,674.0450754253401,0.14549839952874302,6.035692169551352,1.0,0.00591879594008069,1,2.2529433095921676,2.270131186663729,C2: Agrikultur/Sawit (emisi tinggi)
Kalimantan Selatan,Tanah Laut,0.13862210095497765,0.02058663028649358,0.007557980900409173,0.7914597544338228,0.0016234652114597323,0.009004092769440532,0.03114597544338293,17.707544200662266,7.983781068977451,78,0.016442535246021104,668.6191729990041,0.03178578236499741,1.5500734642604785,1.0,0.00326255424179556,1,1.2893220825429061,2.3772375564404,C2: Agrikultur/Sawit (emisi tinggi)
Kalimantan Selatan,Tapin,0.13523595432406238,0.002915831826548683,0.02365244587792563,0.683216862955893,0.0022805388587531597,0.034403557640619094,0.11829480851618177,17.622975192597032,7.806517276305329,43,0.015704528012279298,733.6066134549601,0.012710470067257016,4.294001023279611,1.0,-0.008526530119389274,1,1.2007519657562464,2.3981419854767068,C2: Agrikultur/Sawit (emisi tinggi)
Kalimantan Tengah,Barito Selatan,0.020386819163161637,0.08698575387902312,0.014724228864269544,0.19630064021634236,0.0006275166030434508,0.07357632170684461,0.6073987195673078,18.574982220980583,8.585868145706206,103,0.009323744514870757,871.6757556289313,0.522121622764348,4.645486522253953,1.0,-0.023065164522959737,3,3.297370706013184,-0.8631143122375524,C4: Agrikultur/Sawit + Kebakaran (emisi tinggi)
Kalimantan Tengah,Barito Timur,0.04888956062518849,0.0032628602926794282,0.0011735628300645355,0.6221661124842136,0.0018848130301036478,0.10111310656306031,0.22150998417468107,18.095019216467605,8.411859342069528,99,0.01630984618619332,641.9416335493737,0.31862980831021875,5.472766292191856,1.0,-0.0019695600275852283,3,2.3385363984872884,1.33262891670092,C4: Agrikultur/Sawit + Kebakaran (emisi tinggi)
Kalimantan Tengah,Barito Utara,0.08782795577564234,0.2081469881444477,0.00027275762663242964,0.5271981678211815,0.0021726555776583186,0.12875570792360846,0.04562576713082469,18.847093607760563,9.04861171836344,154,0.008897689934692992,720.3368258685879,0.5451781398804693,3.4576393879577005,1.0,-0.013302804913385112,1,3.101902098364722,-0.7453228234624059,C2: Agrikultur/Sawit (emisi tinggi)
Kalimantan Tengah,Gunung Mas,0.12435313291854481,0.23608814443823095,0.001606014822921989,0.5641236115902697,0.0007574045214274072,0.0570591291037642,0.016012562604837015,18.963676803276783,9.219109807827428,139,0.010267939486108263,682.5162464608333,0.6203056724810676,3.9439863760273455,1.0,0.007204295719500027,1,3.180657085742581,-0.36353925739605414,C2: Agrikultur/Sawit (emisi tinggi)
Kalimantan Tengah,Kapuas,0.13613092353803993,0.1379288418993908,0.0025148931225237457,0.36611318553859634,0.00010305141827255105,0.02707182683853591,0.3301372776446385,19.845702958809518,9.811609077690921,117,0.011538167687878485,911.6632462441129,0.591555296412512,7.23209759108687,1.0,-0.004750025571259685,3,3.970858010440382,-0.37852869337223116,C4: Agrikultur/Sawit + Kebakaran (emisi tinggi)
Kalimantan Tengah,Katingan,0.065983274607015,0.11713965857911514,0.0073928094223496875,0.37381923987680277,0.000962148609398616,0.063189690306804,0.37151317859851224,19.598259789358654,9.64910871947359,118,0.008341609337118137,837.4295556845295,0.5822245179890483,4.243114402505878,1.0,-0.017189553723155445,3,3.4820971709427084,-0.6309178445581306,C4: Agrikultur/Sawit + Kebakaran (emisi tinggi)
Kalimantan Tengah,Kotawaringin Barat,0.0035489639861864715,0.09536568820917583,0.003367044893931909,0.7489948199309301,0.0031203749383325015,0.0028182042427232277,0.1427849037987169,19.311367464838774,9.470687218207905,96,0.018702389121797305,751.3551296400788,0.3464864396937785,7.92479427487299,1.0,-0.043066607914688075,1,2.917570372997185,1.6190599692717444,C2: Agrikultur/Sawit (emisi tinggi)
Kalimantan Tengah,Kotawaringin Timur,0.010139896663280629,0.02743433970319074,0.0020906535222440354,0.8138198101910642,0.0019362388522448381,0.017241457613929992,0.12733760345404402,19.931517118400482,10.182003746371615,88,0.019162856678696133,685.8602413104032,0.23131745369563508,8.457069461689313,1.0,-0.03929242499033612,1,2.755137844310974,2.323353932361,C2: Agrikultur/Sawit (emisi tinggi)
Kalimantan Tengah,Lamandau,0.001842754093075561,0.10012053003908947,0.00016485871608031856,0.865237158421896,0.001754829444499391,0.029692886529577377,0.0011869827557782937,19.08492107850111,9.298299965932644,141,0.015448057680988772,711.8257889376544,0.4898280015340169,7.488754697333273,1.0,0.00022926176006633233,1,3.148110709086862,0.9529060881002356,C2: Agrikultur/Sawit (emisi tinggi)
Kalimantan Tengah,Murung Raya,0.0807480534601106,0.34379168991194886,0.004699590074465735,0.2348521599922367,0.004717782036044312,0.32439299488199286,0.006797729643194953,18.651642239346742,8.794418784943524,164,0.002784270059405528,763.9429746102396,0.5845850020805411,0.3209365600484227,1.0,0.002345319802529207,4,3.0508519213242997,-2.65565538923747,C5: Ladang Berpindah + Agrikultur/Sawit + Pembalakan (emisi tinggi)
Kalimantan Tengah,Palangka Raya,0.042970942821245646,0.03517870031275849,0.028656205725894453,0.2295570584618644,0.022962388729984455,0.0,0.6406747039482391,17.978246381853534,8.00427204023219,91,0.0123339927464556,858.6996618505995,0.5028962711002238,7.677798384437851,1.0,-0.0012923273160662875,3,3.219387569901452,-0.23146669085574229,C4: Agrikultur/Sawit + Kebakaran (emisi tinggi)
Kalimantan Tengah,Pulang Pisau,0.022411091449645728,0.00457278019077578,0.00426296316156361,0.38341644770943817,0.00023534178180539846,0.0006136760386317986,0.5844876996681366,19.752877424171423,9.505118209833674,65,0.014813219643020608,1128.850209870622,0.3318728140195303,11.5558344246,1.0,-0.021281281362812623,3,3.7791361840040576,0.7171111624465089,C4: Agrikultur/Sawit + Kebakaran (emisi tinggi)
Kalimantan Tengah,Seruyan,0.0013143187852601881,0.06560549230626485,0.00784836074626798,0.6369984051459432,0.00032250511369409657,0.04830508100179797,0.2396058369007695,19.577814836436595,9.8041775842321,102,0.0125038685661136,702.6187578279107,0.27994235264533746,4.493778876144429,1.0,-0.015573367823170082,3,2.6369540257982718,1.0281302480927992,C4: Agrikultur/Sawit + Kebakaran (emisi tinggi)
Kalimantan Tengah,Sukamara,3.3761542227248654e-05,0.0016796367258056207,0.007326254663312958,0.8017859855838146,0.0015530309424534382,0.001696517496919245,0.18592481304545835,18.249527765745388,8.463817730824362,72,0.019216128325940055,711.2590754479697,0.2985329137871583,8.758014289073968,1.0,-0.011021738162065328,1,2.3363999192790144,2.257334136119636,C2: Agrikultur/Sawit (emisi tinggi)
Kalimantan Timur,Balikpapan,0.08798283261801788,0.01189198855507762,0.0,0.6858011444920703,0.12687768240342212,0.01770386266094262,0.06974248927038003,15.617520313054495,6.105596481152895,89,0.013836446863788153,541.959499329459,0.04658183541835189,1.0154026970184338,1.0,0.02736244959103889,1,0.368784233255013,1.902121182662638,C2: Agrikultur/Sawit (emisi tinggi)
Kalimantan Timur,Berau,0.06825819222768127,0.17711253484425496,0.004170444959411743,0.7056388920168859,0.00307992595534008,0.02604206795592876,0.015697942040495367,19.773542489118686,9.915823155177234,152,0.009439048302348011,764.2469111900463,0.6131926243575073,3.995025293104919,1.0,0.02479427017490782,1,3.4728440976902233,-0.2297648807673315,C2: Agrikultur/Sawit (emisi tinggi)
Kalimantan Timur,Bontang,0.0,0.0,0.02969657843769535,0.8510867226165587,0.09360877985795274,0.0,0.025607919087577875,14.636835890590456,5.230466699639862,64,0.018944150020383146,489.13726333907056,0.035157981498012254,0.9769669792091317,1.0,0.03208003260256625,1,-0.11924545324082711,2.6423794968259258,C2: Agrikultur/Sawit (emisi tinggi)
Kalimantan Timur,Kutai Barat,0.059566231059317215,0.14021029484970982,0.00522693006048841,0.6582619159321973,0.0009794898057852554,0.07660792115375648,0.05914721713874364,19.806082239086027,10.014096471200062,148,0.007226474496919548,715.6225873167937,0.4410073808286134,2.7082259840655083,1.0,0.026612290738616453,1,3.030883974035787,-0.1405972764508442,C2: Agrikultur/Sawit (emisi tinggi)
Kalimantan Timur,Kutai Kartanegara,0.08609257633128801,0.18935305073464817,0.015078890113147584,0.6538049588071112,0.00088090697063084,0.012648705486232663,0.04214091155694009,19.940070273814975,10.261437483333571,103,0.013190936225173179,638.9272008311276,0.058714571102188834,2.375431196070231,1.0,0.014752074501684899,1,2.295363007079916,1.345435280028483,C2: Agrikultur/Sawit (emisi tinggi)
Kalimantan Timur,Kutai Timur,0.059255623533548574,0.08354246508249794,0.0007943169188457175,0.8072049463234315,0.0019015465632973236,0.022725417513484523,0.024575684064893258,20.218898683953018,10.551180149686642,118,0.012862771598298984,631.9863679033509,0.06027080000767496,2.972197730157726,1.0,0.028837335582672166,1,2.3666638902110773,1.7565715786823597,C2: Agrikultur/Sawit (emisi tinggi)
Kalimantan Timur,Paser,0.04825227390048256,0.08456826833384125,0.011060831554765272,0.7591672980960494,0.002955391400686463,0.05071258441280071,0.04328335230137131,19.239611104615314,9.491855467656523,127,0.013503868116144332,684.6804654953813,0.33270746821109726,4.325772731488229,1.0,6.277127004298605e-05,1,2.662566275481526,0.9884497092008825,C2: Agrikultur/Sawit (emisi tinggi)
Kalimantan Timur,Penajam Paser Utara,0.014321736080318108,0.2696642598561191,0.002607561929595811,0.6961329988947598,0.002481816557356419,0.011899483120338243,0.0028921435615060134,18.545289153658565,8.706980145988124,110,0.02203902435466869,749.6391793514229,0.15084300204635692,7.467960428677176,1.0,-0.0021711188695510016,1,2.7698284447791304,1.3772988677905589,C2: Agrikultur/Sawit (emisi tinggi)
Kalimantan Timur,Samarinda,0.6168536394468762,0.001982781111400888,0.0,0.28056352726322564,0.09689538220714339,0.0019306026611008646,0.0017740673102007944,16.03719747747823,6.643268764133545,68,0.017394263931747995,481.2102160075133,0.0,3.148484298420766,1.0,0.03186161202425084,3,0.8424462430919106,2.422661519060172,C4: Agrikultur/Sawit + Kebakaran (emisi tinggi)
Kepulauan Riau,Batam,0.08442660904460304,0.011514122549775845,0.025806451612902428,0.42719555486956545,0.17169316252507572,9.260688377835799e-05,0.27927149251426825,16.79972465123126,7.1676549704214665,90,0.01770049312224236,610.2900666748982,0.48527165278854184,5.515852309205404,1.0,-0.018944280990266325,3,1.907662182088997,0.9622185034596036,C4: Agrikultur/Sawit + Kebakaran (emisi tinggi)
Kepulauan Riau,Bintan,0.10588152525678536,0.001934712255522656,0.008618263683691832,0.47330097087376977,0.04674968341072018,0.00028141269171238635,0.36323343182776263,16.367820060273218,7.037133057281667,68,0.012870773862748824,451.5359316191213,0.07579026596233125,-0.22560527000871544,0.0,0.026144946817914273,3,0.12213478092311104,1.3974985167644434,C4: Agrikultur/Sawit + Kebakaran (emisi tinggi)
Kepulauan Riau,Karimun,0.036626075508954976,0.014904320842540087,0.045089096807558175,0.7164417697117534,0.036955193003900655,0.002585923174573201,0.14739762095067246,16.275997884898196,6.74730479700635,84,0.011373796791443808,550.5649271274095,0.16970343598640383,-0.6862566844919786,0.0,0.026530354805325628,0,0.059459977351352826,1.0577318988576772,C1: Agrikultur/Sawit (emisi rendah)
Kepulauan Riau,Kepulauan Anambas,0.036786060019352175,0.12173281703772464,0.08760890609872032,0.4898354307840053,0.04453049370763685,0.21950629235231858,0.0,14.77094700017907,5.1136731143844365,125,0.002781414603772892,629.0355673844665,0.5015851147170595,-1.4336704642983356,0.0,-0.002118142267165472,4,0.10440392561929147,-1.8293551879210805,C5: Ladang Berpindah + Agrikultur/Sawit + Pembalakan (emisi tinggi)
Kepulauan Riau,Lingga,0.08164215484895568,0.03705529537424926,0.06542875140360789,0.32796538219263477,0.03845205817106131,0.07408320324267867,0.3753731547667851,16.89881867833149,7.287232269028315,113,0.00710936739422492,597.8665717259133,0.5896216317826384,0.35613524406627856,1.0,0.011543199963566226,3,2.0248301597117533,-0.7584311370998644,C4: Agrikultur/Sawit + Kebakaran (emisi tinggi)
Kepulauan Riau,Natuna,0.02079179720877177,0.02332352289629345,0.07060350011076076,0.48605968543306793,0.019810753504857122,0.041393714990979415,0.3380170258552379,16.658501416543988,7.142795780108321,85,0.006983976129959058,543.2605063291139,0.5437568568831159,0.2024588352304122,1.0,0.0028780951258519766,3,1.4533864817814455,-0.012344102712414755,C4: Agrikultur/Sawit + Kebakaran (emisi tinggi)
Kepulauan Riau,Tanjungpinang,0.36201427438526484,0.0,0.0027755749405222936,0.3552735923868536,0.26764472640750686,0.0,0.012291831879455872,13.99070678981564,4.623795650111256,58,0.013287671232876656,472.2469282600079,0.07127194068308786,-0.44151738672286617,0.0,-0.023412458927151037,0,-1.320571684188746,1.5392180418235009,C1: Agrikultur/Sawit (emisi rendah)
Lampung,Bandar Lampung,0.0,0.0,0.0,0.24347826086903593,0.743478260867949,0.01304347826084121,0.0,12.509050882882919,2.9652730660692823,90,0.0032094889237745876,587.3665943600868,0.0,-4.420896563753707,0.0,-0.02299694666506516,2,-3.1223884748301534,-0.1991455317472832,C3: Infrastruktur + Agrikultur/Sawit (emisi rendah)
Lampung,Lampung Barat,0.0014336615293794896,0.02272775189222191,0.002508907676414107,0.8180514853154938,0.004300984588138468,0.1505555438426314,0.00042166515569984987,17.323733588180676,7.548682420069458,121,0.004005083300260868,703.931586270872,0.25995106064670676,-1.3875024276558554,0.0,0.0010394527520246257,0,0.5208307264531639,0.0363715753234499,C1: Agrikultur/Sawit (emisi rendah)
Lampung,Lampung Selatan,0.0,4.679019277559204e-05,0.0035092644581694032,0.9424948530787506,0.017312371326969056,0.019558300580197474,0.017078420363091096,16.32967806917373,6.75213017939875,88,0.00922758084711364,578.1274037336827,0.022411638845675316,-2.128491861318596,0.0,0.0012584241542342607,0,-0.44495219641595213,1.6600057572064508,C1: Agrikultur/Sawit (emisi rendah)
Lampung,Lampung Tengah,0.0,0.004966403739409667,0.023830391052125376,0.9108968740870201,0.002337131171486902,0.05458870664830121,0.0033804933016149835,16.20993390149454,6.866349780923466,78,0.009535103514828296,457.4690760370587,0.011451546808096432,-2.734721489897231,0.0,-0.0015419738439912019,0,-0.7127098559732387,1.7429589702983017,C1: Agrikultur/Sawit (emisi rendah)
Lampung,Lampung Timur,0.0,0.0073025005532192,0.023825330087775775,0.7080475031348596,0.004278232647340541,0.0,0.25654643357673107,15.950060357794774,6.297624840805536,76,0.003161282048292452,623.4871662487093,0.11317703129928151,-5.186844897340531,0.0,0.031005153748894572,0,-0.4953026829564329,0.5608166331071707,C1: Agrikultur/Sawit (emisi rendah)
Lampung,Lampung Utara,0.0,0.00038858273279636894,0.0014836795252224995,0.9868235127878696,0.0002472799208704166,0.01105694503320577,0.0,16.647007017252243,7.032906657161056,91,0.007764178306214332,599.4855699600834,0.02095298302157053,-2.999670869931911,0.0,0.03240545018142822,0,-0.3534579448863697,1.6127831018671848,C1: Agrikultur/Sawit (emisi rendah)
Lampung,Mesuji,0.0005759935889409087,0.01372367333650513,0.007237484661040114,0.9737046405048466,0.0006511231874984186,2.5043199519169944e-05,0.004082041521624701,16.629816393985504,7.37665830278384,39,0.018786638438014546,417.7499499148553,0.0,-0.6353093389790637,0.0,0.03740297448953994,0,-0.45333474448631034,3.1231038832883598,C1: Agrikultur/Sawit (emisi rendah)
Lampung,Metro,0.0,0.0,0.0,0.7999999999733334,0.19999999999333334,0.0,0.0,9.729372232289272,0.7884573603642702,69,0.002226345083487896,542.0322580645161,0.0,-5.246753246753247,0.0,-0.0340549633394869,0,-3.344274809393008,0.8606754581510029,C1: Agrikultur/Sawit (emisi rendah)
Lampung,Pesawaran,0.0019392372333547014,9.234463015974768e-05,0.010989010989009973,0.6859359128266057,0.015790931757316853,0.2852525625634606,0.0,15.748339375409453,6.073413129755149,93,0.004444626861077148,637.952539242844,0.021122477745378444,-5.12124321495634,0.0,-0.007669605030805397,0,-0.7805166129788351,0.14256332612949427,C1: Agrikultur/Sawit (emisi rendah)
Lampung,Pringsewu,0.049497171590187065,0.0,0.0,0.7983972344436205,0.0010999371464486013,0.15100565681958658,0.0,15.190159372163835,5.543457215734143,88,0.007426987600291704,621.1605655930872,0.0,-3.0644784828592266,0.0,0.010359762984953405,0,-0.7679661247026438,0.975258862843532,C1: Agrikultur/Sawit (emisi rendah)
Lampung,Tanggamus,0.010184906794948505,0.005787733012627564,0.0037206855081177194,0.7186560432952225,0.002555622369212171,0.2590950090198339,0.0,16.650813658134833,6.971030502495179,99,0.00427936150536766,640.2180465256116,0.10141344860118222,-3.4326886735555466,0.0,0.0042629641205691165,0,-0.2197944828367856,0.18409085002413336,C1: Agrikultur/Sawit (emisi rendah)
Lampung,Tulang Bawang Barat,0.0,0.0,0.0,0.9989489003880175,0.0010510996119015967,0.0,0.0,15.581382142215109,6.206011251196673,58,0.014967476477172972,472.68695933381844,0.0,-3.3616010649562824,0.0,-0.002221579152544384,0,-0.9234995740219891,2.6020482991956784,C1: Agrikultur/Sawit (emisi rendah)
Lampung,Tulangbawang,0.00011436413540713196,0.002859103385178299,0.09435041171088386,0.8679094236047245,0.002134797194266463,0.0,0.03263189996950165,16.35043566488001,6.956812074269,37,0.011431559681004004,480.90134563336255,0.022283869651830282,-2.852115744977557,0.0,0.020479426027656226,0,-0.8867518718256308,1.9319370149521873,C1: Agrikultur/Sawit (emisi rendah)
Lampung,Way Kanan,0.0,0.01835778693713311,4.220180905088072e-05,0.9750165290418645,0.00014067269683626905,0.006442809515101123,0.0,17.534631590883517,7.95313555305331,83,0.014054230385227445,579.959191424713,0.006929335144564817,-0.4260485760322654,0.0,0.003243458207915965,0,0.1503213038002385,2.1962246081825345,C1: Agrikultur/Sawit (emisi rendah)
Maluku,Ambon,0.0,0.12228915662643236,0.014457831325292495,0.23493975903600306,0.3036144578311424,0.18915662650591014,0.13554216867461713,13.883498124301294,4.210645017918261,129,0.002527982943729488,644.4015653220952,0.1550963844808009,-2.528820528439808,0.0,0.012841838899457964,0,-0.8746663915750148,-1.6331327245257008,C1: Agrikultur/Sawit (emisi rendah)
Maluku,Buru,0.0009155744024671879,0.2018118735543465,0.13931187355434949,0.21795489591363637,0.004095990747879525,0.19810138781803208,0.23780840400924066,16.4062755744617,6.722726059776585,131,0.002289231719626436,642.7972823206284,0.5828736908961485,-1.6002697172106055,0.0,0.008055172783714717,4,1.1890382961064627,-2.9575096102815968,C5: Ladang Berpindah + Agrikultur/Sawit + Pembalakan (emisi tinggi)
Maluku,Buru Selatan,0.004268871120747924,0.3387992952974543,0.06565930342864665,0.13270768396801286,0.008842661607263557,0.20473641414825164,0.2449857704295892,16.75343907419488,7.074658583047711,139,0.0031508015510619603,639.5196666327879,0.6813690910417085,-0.31880836164404036,0.0,0.022559826833735117,4,1.8199770090515484,-3.2183136289440344,C5: Ladang Berpindah + Agrikultur/Sawit + Pembalakan (emisi tinggi)
Maluku,Kepulauan Aru,0.0,0.20823535559386486,0.08277159429377212,0.21440142133039586,0.008099493128494116,0.3839159742906211,0.10257616136279968,16.40602434299699,6.641808605342618,134,0.00100764142560958,696.8659734559515,0.4287440246716621,-5.4404264981735615,0.0,-0.003131396523764225,4,0.6978479742390024,-3.0608701140824306,C5: Ladang Berpindah + Agrikultur/Sawit + Pembalakan (emisi tinggi)
Maluku,Maluku Barat Daya,0.015338730293991023,0.06536003408606175,0.07711972731145486,0.7287601193011735,0.009032807839794713,0.06587132509586145,0.03851725607157746,15.77641402902055,6.153583396584417,122,0.0013900322781248639,605.4654907975461,0.19770234089968805,-1.5203529864668779,0.0,-0.0035496190180665664,0,-0.1752382168321815,-0.466047015130005,C1: Agrikultur/Sawit (emisi rendah)
Maluku,Maluku Tengah,0.000674479386223749,0.11206193969029997,0.04982716465727946,0.5125621785684102,0.0023606778517831217,0.11282072899980168,0.20969283084618764,17.739700129649957,7.954245860047763,153,0.003464810744097344,711.1729172228702,0.4808307795921419,0.09758199385091762,1.0,0.0011674955740726863,3,2.30542014298335,-1.2443646682392755,C4: Agrikultur/Sawit + Kebakaran (emisi tinggi)
Maluku,Maluku Tenggara,0.0,0.10890448919267422,0.035562534638829156,0.565398115647463,9.237021984111468e-05,0.14428228339182114,0.14576020690927896,15.69235951687244,6.073136695752007,123,0.005033768468039049,603.3883808996028,0.15405355381763958,-2.057028607297709,0.0,0.0026427522714788506,0,0.11060895851561084,-0.6182422931950323,C1: Agrikultur/Sawit (emisi rendah)
Maluku,Maluku Tenggara Barat,0.0,0.09838662743703003,0.00866500695140455,0.719227909082068,0.001196288273141673,0.1638914934204092,0.008632674835914235,16.880915105492402,7.121381685604504,136,0.0033305604686410077,693.2794697704494,0.3171829224461006,-2.0986843699270707,0.0,0.016296341339517177,0,0.6668183472635915,-0.7072954325473353,C1: Agrikultur/Sawit (emisi rendah)
Maluku,Seram Bagian Barat,0.001604092603832411,0.3133183039972118,0.049726870718804744,0.3210352900372704,0.007543570623428096,0.2459464146362505,0.060825457383158726,16.615903631675156,6.828322385334227,152,0.002139757739645452,713.1881475701218,0.5807096437706556,-1.1300543381208705,0.0,-0.00031435285310641353,4,1.455938104577123,-2.9526751597334266,C5: Ladang Berpindah + Agrikultur/Sawit + Pembalakan (emisi tinggi)
Maluku,Seram Bagian Timur,0.0018076465927099395,0.19611727416798247,0.06453050713153564,0.3306507527733674,0.009880150554674874,0.046454041204436254,0.3505596275752687,17.16490834165025,7.387931986548209,162,0.0028857514948076477,705.3503280921134,0.6150467067349975,-0.25307313169135237,0.0,0.024666694997672264,3,2.0101207936005747,-2.501226868895368,C4: Agrikultur/Sawit + Kebakaran (emisi tinggi)
Maluku,Tual,0.0,0.00028019052956002234,0.04146819837488331,0.7214906136170576,0.012048192771080962,0.021574670776121723,0.2031381339310162,14.573645065183523,4.968145242475304,109,0.008676309711924108,597.8403361344538,0.08101065280584314,-0.48231433086179654,0.0,0.011310672727098264,0,-0.34122761030179116,0.5330801146720326,C1: Agrikultur/Sawit (emisi rendah)
Maluku Utara,Halmahera Barat,0.00019679874048804795,0.2355680923641934,0.004919968512201199,0.3461689845184764,0.007806350039359236,0.404749409603752,0.0005903962214641439,16.31487953892486,6.414704083315311,146,0.002850931125251852,798.6099048868482,0.52767210101193,-4.432586344743105,0.0,-0.00045537032765021623,4,1.081469733298745,-2.8245610512594768,C5: Ladang Berpindah + Agrikultur/Sawit + Pembalakan (emisi tinggi)
Maluku Utara,Halmahera Selatan,0.03905227230222509,0.29739807368617566,0.01167710865906102,0.2736347484570755,0.007562651954366846,0.3166378342996035,0.05403731064148057,18.022111474799896,8.138296009568796,152,0.0042907511522817,784.6361553656798,0.6737830863736834,-0.1629644861500499,0.0,-0.006778270128897106,4,2.2429100025096442,-2.900933005778184,C5: Ladang Berpindah + Agrikultur/Sawit + Pembalakan (emisi tinggi)
Maluku Utara,Halmahera Tengah,0.1899646316067765,0.19488976299870442,0.02330347403563206,0.11658347932436067,0.02796416884275847,0.12706177899712004,0.32023270419461475,16.854400352571925,7.099300830303624,158,0.005501520724128316,690.2243009188868,0.7459463722742137,1.5171734989384482,1.0,0.018992081771966388,3,3.0073546550042147,-2.231468909375033,C4: Agrikultur/Sawit + Kebakaran (emisi tinggi)
Maluku Utara,Halmahera Timur,0.0786238366462571,0.20675278630401972,0.016939415327544328,0.23006089654153228,0.003561873184183255,0.16855703100634953,0.2955041609900974,17.571267631329025,7.798900495721044,155,0.003848846097960008,701.9661217254284,0.6932055711789554,0.011897541838030438,1.0,0.0044062840456463095,3,2.904797552934889,-2.1799111813721335,C4: Agrikultur/Sawit + Kebakaran (emisi tinggi)
Maluku Utara,Halmahera Utara,0.012086052695189387,0.14950447183949273,0.014775199419869026,0.44168479574569613,0.004834421078075754,0.3584118926758413,0.018703166545805578,17.022389750131047,7.189046976411904,140,0.003936731107205576,746.3478563011753,0.46192476749348343,-3.647860853636415,0.0,0.013103857317734195,4,1.1002599694669466,-2.0362325064849482,C5: Ladang Berpindah + Agrikultur/Sawit + Pembalakan (emisi tinggi)
Maluku Utara,Kepulauan Sula,0.015281975252323369,0.204862101081519,0.015205945524699869,0.5042101461671418,0.010473094980137035,0.22968580715059153,0.02028092984356845,17.449415793499092,7.6522797504018305,142,0.004548104956268164,719.6149357561013,0.4832324531334052,-0.03519073625426025,0.0,-0.0066817149902643575,4,1.4408161706165707,-1.6719880365658442,C5: Ladang Berpindah + Agrikultur/Sawit + Pembalakan (emisi tinggi)
Maluku Utara,Pulau Morotai,0.0,0.1665626170558018,0.005930827818703587,0.35141715569981574,0.005244100387064225,0.4596703708327844,0.011174928205767813,16.295925635728032,6.464152071482875,146,0.0027946943030492883,745.7532305387352,0.45189765964574496,-2.9631209571540107,0.0,0.005160216149781218,4,0.9471314751251748,-2.54971002417796,C5: Ladang Berpindah + Agrikultur/Sawit + Pembalakan (emisi tinggi)
Maluku Utara,Ternate,0.0,0.12844036697228067,0.13149847094781117,0.24770642201796989,0.2844036697243358,0.20795107033607346,0.0,12.565738113391413,3.3017453026904953,106,0.0018343734660962998,437.50992366412214,0.2685426089497855,-3.314914802608513,0.0,-0.0065671834881926225,0,-1.785393847595003,-1.9118546493894053,C1: Agrikultur/Sawit (emisi rendah)
Maluku Utara,Tidore Kepulauan,0.0,0.2971725331794147,0.019763416041543597,0.31780150028847115,0.062463935372177946,0.29068090017306825,0.012117714945180018,15.458269313495462,5.6286278010554405,150,0.001668230933987872,745.6238280686572,0.4321742112455445,-2.1510059442158207,0.0,-0.0050312335130198085,4,0.7010329286723634,-2.79101243629415,C5: Ladang Berpindah + Agrikultur/Sawit + Pembalakan (emisi tinggi)
Nusa Tenggara Barat,Bima,0.0,0.01294393657471026,0.027910363239219,0.871895477712124,8.089960359193912e-05,0.07005905671061928,0.017110266159695124,16.495518833785162,6.897583723660641,106,0.004938103917505128,589.9451118391781,0.07493713144742407,-0.4241991460887369,0.0,0.07413961452510319,0,-0.046930570942873756,0.764332802749938,C1: Agrikultur/Sawit (emisi rendah)
Nusa Tenggara Barat,Dompu,0.003347827760033734,0.002154923615653898,0.015084465309577286,0.939931504213609,0.00015392311540384984,0.019625197213990857,0.01970215877169278,16.571951668941352,6.947437424120841,109,0.007938052218802684,605.8069878405418,0.19865236151308963,0.985070523638974,1.0,0.09892789431123901,1,1.034744089210004,1.4004484582909098,C2: Agrikultur/Sawit (emisi tinggi)
Nusa Tenggara Barat,Kota Bima,0.0,0.0,0.0017152658662063203,0.9433962264134762,0.025728987993094806,0.029159519725507444,0.0,12.706162850341967,3.1912990570979662,88,0.002405611718588772,564.679794520548,0.0,-4.536826903239117,0.0,0.08427174769450661,0,-1.8346418477738786,0.9694427058973129,C1: Agrikultur/Sawit (emisi rendah)
Nusa Tenggara Barat,Lombok Barat,0.012706905199797239,0.04915565958868932,0.030262497910043425,0.8443404113023165,0.022571476341745098,0.0409630496572411,0.0,15.175705523688713,5.481638423675075,110,0.004571756162812868,651.4463390170512,0.19915517282170583,-2.318345117523409,0.0,-0.06269620114415557,0,-0.5196991572243307,0.27551554136197465,C1: Agrikultur/Sawit (emisi rendah)
Nusa Tenggara Barat,Lombok Tengah,0.0,0.05241730279895551,0.02544529262085219,0.8290076335873644,0.055470737913457774,0.037659033078861245,0.0,13.999039718644392,4.377014092850337,102,0.0023583065798553323,611.1134282807732,0.08150892580227338,-2.8851750727594587,0.0,-0.06934323685227561,0,-1.3264594467931567,0.35474541136561877,C1: Agrikultur/Sawit (emisi rendah)
Nusa Tenggara Barat,Lombok Timur,0.0015649452269162415,0.058946270213845096,0.3296817944703549,0.5388628064681592,0.06311945748562174,0.007824726134581208,0.0,14.022221429325885,4.35259782398307,114,0.001145691703148068,641.0980187695516,0.1895670233902849,-3.0701788462400454,0.0,-0.041321355534088916,0,-1.1211712734355275,-2.030349761288786,C1: Agrikultur/Sawit (emisi rendah)
Nusa Tenggara Barat,Lombok Utara,0.0,0.23429319371717527,0.3206806282721114,0.1932809773123066,0.050610820244306014,0.1849912739964289,0.01614310645723554,14.247582542850429,4.529152699564175,122,0.0017074533467426028,671.8033144352377,0.4113300099391363,-2.6283011137184786,0.0,-0.08734735552736553,4,-0.33750618580316466,-3.7437593475183175,C5: Ladang Berpindah + Agrikultur/Sawit + Pembalakan (emisi tinggi)
Nusa Tenggara Barat,Mataram,0.0,0.0,0.0,0.0,0.99999999975,0.0,0.0,8.387084506069217,0.1484200051182733,61,0.000249609984399376,877.8,0.0,-6.107644305772231,0.0,-0.08106636227388044,2,-4.695254729425375,-1.1325035248037556,C3: Infrastruktur + Agrikultur/Sawit (emisi rendah)
Nusa Tenggara Barat,Sumbawa,0.011454591735723862,0.005147495545436402,0.009305088101365804,0.9400401617784049,0.0007636394490482574,0.03085669033006107,0.002432333059931487,16.740633064273894,7.255082670360358,114,0.003160734200016484,527.0803778494259,0.1197888755048579,-0.8720334873159863,0.0,0.04357010873378392,0,-0.08736876949981996,0.9521709840358494,C1: Agrikultur/Sawit (emisi rendah)
Nusa Tenggara Barat,Sumbawa Barat,0.28334043459731806,0.0193154381479876,0.016901008379489147,0.6496236330065829,0.013776452208491155,0.00837949154949462,0.008663542110494438,15.24245777930202,5.64417400305089,121,0.002020039735194284,591.5877591593297,0.22982787843516708,-1.9621941860381715,0.0,0.060566601852383564,0,-0.08497035388592393,0.11783635625821824,C1: Agrikultur/Sawit (emisi rendah)
Nusa Tenggara Timur,Alor,0.019947391494956165,0.006028057869354885,0.05644454186759574,0.4174704077158683,0.0025208241999120427,0.4293073213502379,0.06828145550196534,15.351936604992412,5.902524037811334,100,0.00182217606646424,509.3641643835617,0.000305840991861875,-1.3142724476753476,0.0,0.07470020554369075,0,-0.5778784312709653,-0.8380247579091253,C1: Agrikultur/Sawit (emisi rendah)
Nusa Tenggara Timur,Belu,0.01188669701567882,0.00025290844714210257,0.008725341426402538,0.9639605462821239,0.00594334850783941,0.006828528072836769,0.0024026302478499743,15.194941670784507,5.759910728433802,78,0.004455211267605592,502.29358958148947,0.0010132919562444293,-1.2489154929577464,0.0,-0.036037235806349585,0,-1.1734882210652995,1.650929627984736,C1: Agrikultur/Sawit (emisi rendah)
Nusa Tenggara Timur,Ende,0.0,0.05211267605633135,0.03316261203584722,0.4768245838667763,0.0002560819462227585,0.4367477592829146,0.0008962868117796547,15.311214550995125,5.74748032992192,101,0.0019012031621803642,571.3066188708232,0.11470676132156697,-4.07286525435591,0.0,-0.004823179268237083,0,-0.6728951555640414,-1.0308920209537558,C1: Agrikultur/Sawit (emisi rendah)
Nusa Tenggara Timur,Flores Timur,0.049182177100953274,0.005076142131979123,0.012633953750703595,0.8024816694866551,0.002594472645233774,0.07986463620980486,0.04816694867455745,15.307097607441772,5.8738065036397495,97,0.003082138200782224,501.25671103090457,0.04001842338234448,-0.923155149934811,0.0,0.01713115883566725,0,-0.733597025373917,0.859676031947825,C1: Agrikultur/Sawit (emisi rendah)
Nusa Tenggara Timur,Kota Kupang,0.00512820512817883,0.0,0.0,0.7025641025604997,0.2923076923061933,0.0,0.0,11.385307979246239,2.174751721484161,73,0.0029624003038358597,449.07142857142856,0.0,-1.1177364223319408,0.0,0.07389920484658019,0,-2.7007591857535553,0.9800912846645378,C1: Agrikultur/Sawit (emisi rendah)
Nusa Tenggara Timur,Kupang,0.014691522414557715,0.0048379937860628126,0.01566799822458874,0.8594318686195801,0.007367953839325017,0.08592987128273032,0.012072791833110871,16.12009235621496,6.804836224974296,80,0.003500988683555176,444.7199857973459,0.002659214389256875,-0.7027034376663184,0.0,0.03755849745996276,0,-0.774353796874156,1.3269057639708641,C1: Agrikultur/Sawit (emisi rendah)
Nusa Tenggara Timur,Lembata,0.0,0.006996064713595542,0.045474420638371024,0.698294709225755,0.0065588106689958205,0.24267599475284535,0.0,13.928874064093597,4.5269924049240675,95,0.001380205190102532,489.5270979020979,0.0,-1.7347012673506337,0.0,0.03021459507188317,0,-1.3622916315112412,0.04415852860614425,C1: Agrikultur/Sawit (emisi rendah)
Nusa Tenggara Timur,Manggarai,0.010379806558148057,0.0,0.006133522057087488,0.6836518046707516,0.004010379806557204,0.29582448690721963,0.0,14.691656982303135,5.139087140977479,103,0.001667551779075892,566.4212264150943,0.017208323011253017,-1.8019905194626384,0.0,-0.032284505694046645,0,-1.0278345531007462,-0.00023761925020917632,C1: Agrikultur/Sawit (emisi rendah)
Nusa Tenggara Timur,Manggarai Barat,0.002277432712215085,0.028364389233951515,0.006935817805382305,0.49761904761899606,0.0068322981366452555,0.4579710144927062,0.0,15.552918552562932,5.959457750972896,103,0.001960615178530604,588.1993582444882,0.14205652803432167,-2.0576615706232464,0.0,-0.05116643332129747,0,-0.5230704525605717,-0.8488196707200384,C1: Agrikultur/Sawit (emisi rendah)
Nusa Tenggara Timur,Manggarai Timur,0.005414935146706282,0.0,0.007807580909204406,0.6117617428534678,0.0,0.37287495277668137,0.0021407883138141112,15.326671032635188,5.764061938873389,102,0.001777971822471452,570.6353563334172,0.11918021844194317,-2.1353013943230734,0.0,-0.00662056662466915,0,-0.6400682024895463,-0.3933886274251246,C1: Agrikultur/Sawit (emisi rendah)
Nusa Tenggara Timur,Nagekeo,0.0,0.0,0.03102779573365803,0.5656108597281412,0.007110536522296632,0.39625080801525775,0.0,13.67457697949152,4.141228148120951,92,0.0010527748477320961,561.0762273901809,0.031066971928127265,-5.378747150294328,0.0,0.016883301599806815,0,-1.5186324587082154,-0.62906049529579,C1: Agrikultur/Sawit (emisi rendah)
Nusa Tenggara Timur,Ngada,0.0037894736842089306,0.0021052631578938504,0.05894736842102781,0.5410526315787195,0.004631578947366471,0.3873684210524685,0.0021052631578938504,14.13261865685299,4.564348191467836,94,0.001020145182767008,577.9250841750842,0.07116859359529586,-3.3988123362398523,0.0,-0.012492132914875049,0,-1.2358526157996501,-0.814288903191131,C1: Agrikultur/Sawit (emisi rendah)
Nusa Tenggara Timur,Rote Ndao,0.004246284501058566,0.0,0.0417551309270759,0.9101203113935527,0.018400566171253786,0.024062278839331874,0.001415428167019522,13.400293554313354,4.052132713412791,64,0.0012832039231711761,466.8995756718529,0.0003280839869179708,-4.733301548381238,0.0,0.044760070433291665,0,-2.05920936980385,1.1456629944269348,C1: Agrikultur/Sawit (emisi rendah)
Nusa Tenggara Timur,Sabu Raijua,0.0,0.008695652173875237,0.0,0.9869565217348394,0.0043478260869376185,0.0,0.0,11.713708881351865,2.322387720290225,73,0.002522621332602104,529.1558441558442,0.004150197567915792,-0.7554154099259666,0.0,0.05340038253910223,0,-2.093192476727646,1.3370626542217179,C1: Agrikultur/Sawit (emisi rendah)
Nusa Tenggara Timur,Sikka,0.02490593083676314,0.003404407812219422,0.04121125246370879,0.773875649525036,0.0017917935853786432,0.15176491668157108,0.003046049095143693,14.940332681642241,5.412716906856533,98,0.0019869518392921838,551.714080974561,0.07329633228919767,-4.474255249081021,0.0,-0.010413275708873711,0,-1.071487724303911,0.23781606150899978,C1: Agrikultur/Sawit (emisi rendah)
Nusa Tenggara Timur,Sumba Barat,0.0,0.0,0.00020185708518364917,0.9049253128782992,0.0028259991925710885,0.09204683084374403,0.0,15.016164862154383,5.294108521773982,94,0.0067264086897487595,670.4922300706357,0.07463491787521756,-1.1747114731839783,0.0,0.09034329339777256,0,-0.47125029657215833,0.9353821502514506,C1: Agrikultur/Sawit (emisi rendah)
Nusa Tenggara Timur,Sumba Barat Daya,0.0,0.0,0.0,0.8791890773685478,0.0019652461729414597,0.11884567645840723,0.0,15.601014166704712,5.960283429624408,90,0.005454596744618984,616.6698727893267,0.021615235146035198,-2.3127027560721034,0.0,0.0652622327836553,0,-0.6065999461218728,0.9984523234439671,C1: Agrikultur/Sawit (emisi rendah)
Nusa Tenggara Timur,Sumba Tengah,0.0,0.00048146364949423135,0.015406836783815403,0.6557534906111431,0.0009629272989884627,0.32739528165607734,0.0,13.9795399960693,4.431768726568696,98,0.001299465073356848,567.0105871029837,0.02875177234364444,-4.028247880626896,0.0,0.08164852288051881,0,-1.197648738124114,-0.2971037021206602,C1: Agrikultur/Sawit (emisi rendah)
Nusa Tenggara Timur,Sumba Timur,0.0015698587127157323,0.003924646781789331,0.024254317111458062,0.6696232339088957,0.0009419152276294394,0.29403453689165665,0.005651491365776636,15.74484741124352,6.235586504807383,93,0.002347564908142728,540.3768934934463,0.026951595067384898,-3.5728500617295325,0.0,0.0412501027461488,0,-0.7592411212973991,0.05499735850088644,C1: Agrikultur/Sawit (emisi rendah)
Nusa Tenggara Timur,Timor Tengah Selatan,0.018233715332508914,0.009457674775273315,0.013419673667617543,0.8867209133898144,0.0009798491884292174,0.05691645720614932,0.014271716440164688,16.24251448757331,6.845794765259317,85,0.005732217317777448,482.44440657749,0.002387905109134954,0.18918539411588736,1.0,0.022836388286489453,0,0.10133912275717329,1.842795268957454,C1: Agrikultur/Sawit (emisi rendah)
Nusa Tenggara Timur,Timor Tengah Utara,0.0033906514894643507,0.014046984742066596,0.02179704528941368,0.8630418987647296,0.0015742310486798771,0.08379752966819039,0.01235165899733442,15.248647712166267,5.803084675730063,83,0.003815155750106788,507.54667635306936,0.0,-0.333294833739504,0.0,0.002658893884803173,0,-0.961629133944398,1.12244894837633,C1: Agrikultur/Sawit (emisi rendah)
Papua,Asmat,0.00345547476783504,0.2694550428334699,0.19300266359511964,0.16931826362391697,0.01576560362824737,0.011806205456769721,0.33719674609456934,16.15630797123898,6.321918711403632,136,0.0002310383210760362,747.8776993953354,0.676884100505844,-2.694894611947181,0.0,0.025819265772624476,3,1.417229000483559,-3.6656037192363584,C4: Agrikultur/Sawit + Kebakaran (emisi tinggi)
Papua,Biak Numfor,0.0,0.045155171505345634,0.003056009273407289,0.3425891775119689,0.013277833394804085,0.5880183360556095,0.007903472258811954,16.373683546069675,6.633528937438611,145,0.00347462320412652,680.3057955742887,0.2765929204382338,-0.6055051330285097,0.0,0.005685269367512078,4,0.6771606494678135,-2.047741834315177,C5: Ladang Berpindah + Agrikultur/Sawit + Pembalakan (emisi tinggi)
Papua,Boven Digoel,0.003645556146886593,0.38251729643426846,0.05800957956359688,0.4826769558275614,0.00807610431080351,0.0317189994678016,0.03335550824906821,17.892729086615148,8.00883119708822,153,0.001296015132821676,784.7312569018507,0.8280766822035494,-0.9485271105294332,0.0,-0.015690125388468906,4,2.1786077820443435,-2.865862903743088,C5: Ladang Berpindah + Agrikultur/Sawit + Pembalakan (emisi tinggi)
Papua,Deiyai,0.06192307692305311,0.019615384615377072,0.599615384615154,0.07423076923074068,0.019230769230761835,0.2253846153845287,0.0,14.383007777093326,4.653960350157523,145,0.0005934514910468189,678.1414840445982,0.6539491364121117,-0.0004622074112961209,0.0,0.037221401111532854,4,0.3110605047598457,-5.480163258217478,C5: Ladang Berpindah + Agrikultur/Sawit + Pembalakan (emisi tinggi)
Papua,Dogiyai,0.014310645724255791,0.050959860383935254,0.4387434554973056,0.1031413612565265,0.0010471204188479846,0.38726003490394634,0.004537521815007934,15.289316587573797,5.438948496287782,157,0.0005013134324440279,761.7900889897052,0.6490693133968569,-0.028125608323727742,0.0,0.031525215531503475,4,0.8883078786137001,-5.263354639074091,C5: Ladang Berpindah + Agrikultur/Sawit + Pembalakan (emisi tinggi)
Papua,Intan Jaya,0.0,0.023700071508834027,0.21697824088260118,0.013178057002756852,0.006844417202982241,0.7392992134027235,0.0,15.779013892494689,5.972689391781648,170,0.000848428643242152,727.705924412666,0.6051817053763703,1.200265648563851,1.0,0.06707965801993679,4,1.9500547821737801,-4.55412064490896,C5: Ladang Berpindah + Agrikultur/Sawit + Pembalakan (emisi tinggi)
Papua,Jayapura,0.0028628544633381168,0.17273377921468516,0.04338705298748628,0.5689182852488816,0.02882598287223207,0.1733754534909506,0.009896591722401593,17.17362651952551,7.391267258252665,170,0.001154950132400632,709.1559970384995,0.5884837088354656,-1.1143805101630708,0.0,0.016904590451870614,4,1.4639956032407546,-2.2094757634780966,C5: Ladang Berpindah + Agrikultur/Sawit + Pembalakan (emisi tinggi)
Papua,Jayawijaya,0.004743382980741415,0.008822692344179033,0.046769756190110354,0.7924295607626608,0.0030357651076745053,0.14002466559148657,0.004174177023052445,15.678941796116103,6.04652075285606,138,0.001830606786843052,611.4413773477519,0.09634120212230439,0.7393629953805009,1.0,-0.022633479649128187,1,0.46397445819718475,0.18522721273822756,C2: Agrikultur/Sawit (emisi tinggi)
Papua,Keerom,0.006713895448441759,0.24007964069083115,0.03521322405889626,0.684053340741754,0.00016205954530721484,0.03377783951474664,0.0,17.437863649826337,7.45515966748863,180,0.0019222279580610841,866.4319712929737,0.761155308714931,-0.12424568773697421,0.0,0.02383478206032492,4,2.2093282505295746,-2.369312127772094,C5: Ladang Berpindah + Agrikultur/Sawit + Pembalakan (emisi tinggi)
Papua,Kepulauan Yapen,0.0,0.2406785085613313,0.1377820451271983,0.234757561209756,0.036485837734031606,0.35029604736752273,0.0,15.373200967610646,5.525293563882423,158,0.0010386264667752122,759.65472,0.5661944760555727,-1.4473539873017984,0.0,0.0006946074618668524,4,0.9192175343852447,-3.8214827011379175,C5: Ladang Berpindah + Agrikultur/Sawit + Pembalakan (emisi tinggi)
Papua,Kota Jayapura,0.0023876709355326255,0.07238984154546642,0.004015628391577597,0.7685044497502964,0.07575428695462602,0.07532016496634737,0.001627957456044972,15.672321541726285,5.912313108802544,149,0.00533781337349916,694.8760716223549,0.626855859311985,1.3282546671108086,1.0,0.005417965814881374,1,1.5396074991350004,-0.47476223657295435,C2: Agrikultur/Sawit (emisi tinggi)
Papua,Lanny Jaya,0.0,0.0236359360301007,0.08513640639697964,0.6536923800563671,0.0,0.22695202257758385,0.01058325493885106,15.493686722805972,5.832351575450909,149,0.001063930939572084,629.7211052322164,0.16584379520270753,0.5849211810334042,1.0,-0.00499900977284979,1,0.6685666783352626,-0.7764965380231581,C2: Agrikultur/Sawit (emisi tinggi)
Papua,Mamberamo Raya,0.001049317943336787,0.49502623294856263,0.25586568730324216,0.10098635886673238,0.0017208814270723307,0.11181532004196802,0.033536201469043715,16.856179341797333,6.860663671448287,148,0.00034006056146742,878.0,0.7704187377586734,-2.3771949606807206,0.0,0.005476192930245579,4,1.9266061232209317,-5.122625344125403,C5: Ladang Berpindah + Agrikultur/Sawit + Pembalakan (emisi tinggi)
Papua,Mamberamo Tengah,0.009500686160666155,0.019318061860021184,0.18220204792566427,0.07864456877440318,0.019634751398710057,0.6883774939300444,0.0023223899503850604,15.760253168568891,5.939960704240867,157,0.001256382710645988,738.0020054887059,0.4391059811719833,-0.18515497553017946,0.0,0.050582318694997117,4,0.8627013777791497,-4.150402235532559,C5: Ladang Berpindah + Agrikultur/Sawit + Pembalakan (emisi tinggi)
Papua,Mappi,0.0009657170449058266,0.055562030669840404,0.14788791022161296,0.4136765513911252,0.018348623853210705,0.006660117551074666,0.35689904926821364,17.70814717585645,7.7846230372497445,108,0.0009938791678646534,816.5170662670663,0.5113566668596052,-2.5793873375931624,0.0,0.006386124637996479,3,1.2338780495787343,-1.8816508502136369,C4: Agrikultur/Sawit + Kebakaran (emisi tinggi)
Papua,Merauke,0.0018367382301467553,0.1536333339109231,0.14981545979102684,0.5653457168766176,0.001830962323762646,0.0013284584683451374,0.12620933039917218,18.584553938019777,8.843083926609465,102,0.002004676107072792,680.4353333256322,0.526153447954907,-1.6884344651727865,0.0,0.05546821414948038,4,1.3151544281845355,-1.3910395597624556,C5: Ladang Berpindah + Agrikultur/Sawit + Pembalakan (emisi tinggi)
Papua,Mimika,0.014909370448292302,0.21384932837028214,0.22790904677131762,0.4209823596051056,0.036110212008414876,0.044788800776823824,0.04145088201974346,17.637994930124673,7.5899830592928055,153,0.001159942650513016,924.8406125462748,0.8129987388651565,-3.9022330867117674,0.0,0.024979887721348445,4,1.8799343998870606,-3.718958801652229,C5: Ladang Berpindah + Agrikultur/Sawit + Pembalakan (emisi tinggi)
Papua,Nabire,0.009201135093301073,0.3455155215409692,0.11495399432453152,0.444303035514654,0.009889070427379658,0.07042737982629511,0.005709863272852254,17.759087538999765,7.752249212036607,162,0.0019185447502336,887.4703848931998,0.7637997782594267,-0.10751373659233522,0.0,0.04315888864540804,4,2.337884822255686,-3.3326552544610157,C5: Ladang Berpindah + Agrikultur/Sawit + Pembalakan (emisi tinggi)
Papua,Nduga,0.02247892600686505,0.17748985326253863,0.4528566968466355,0.04651888854198462,0.05541679675303537,0.24430221667183197,0.0009366219169527104,15.457598025319767,5.550009501266662,166,0.0003773690496702827,806.2963945684407,0.7064701423199077,-0.4554348418375387,0.0,0.04264105314847707,4,1.1583299756601693,-5.715162609042553,C5: Ladang Berpindah + Agrikultur/Sawit + Pembalakan (emisi tinggi)
Papua,Paniai,0.010047846889949748,0.03947368421051687,0.4930622009568198,0.16866028708129935,0.007416267942581957,0.2746411483252931,0.006698564593299832,14.931778071871063,5.125153747538848,156,0.0003939651698974292,730.3121262855776,0.6889635977621961,0.3513453015176613,1.0,0.04811185192686736,4,1.3930775883898354,-4.840240483914904,C5: Ladang Berpindah + Agrikultur/Sawit + Pembalakan (emisi tinggi)
Papua,Pegunungan Bintang,0.0008084246356770385,0.23025210084033126,0.1729390490373328,0.018381023295393716,0.002701840229762734,0.5749175619614812,0.0,17.37535210859269,7.539665150070893,165,0.0012515851170406681,747.9390928817597,0.6808036560180747,0.2896172753627047,1.0,0.05451309097954131,4,2.666939406396412,-4.46977862286556,C5: Ladang Berpindah + Agrikultur/Sawit + Pembalakan (emisi tinggi)
Papua,Puncak,0.0021673891297097226,0.0334278092697538,0.2948482827608957,0.07335778592863676,0.0,0.5949483161053188,0.001250416805601763,15.960680147389297,6.175534574436053,160,0.0006368089480256439,712.135450529299,0.5318155075783337,0.11684695696257633,1.0,0.055820363575490736,4,1.6648267804408678,-4.353910720919497,C5: Ladang Berpindah + Agrikultur/Sawit + Pembalakan (emisi tinggi)
Papua,Puncak Jaya,0.0,0.060078891473646194,0.17558410033375385,0.10316577323757427,0.0006068574896327899,0.6485283705875747,0.012036006877716998,15.705230630911977,5.9826255984407775,155,0.000909645024990592,669.2470671521036,0.48623580728415217,0.4285507276378165,1.0,0.05701487143374734,4,1.5573958128821461,-3.69826098459246,C5: Ladang Berpindah + Agrikultur/Sawit + Pembalakan (emisi tinggi)
Papua,Sarmi,0.000959172609366489,0.5985654114016181,0.08811877059093005,0.22156887276365897,0.00771508403186089,0.07352266566578783,0.009550022936735913,16.827560225772725,6.8670999372412025,163,0.000690663271772016,847.7491242702251,0.8214586683588861,-1.293439721418943,0.0,0.007470238580951196,4,2.271141698924715,-4.405596804695392,C5: Ladang Berpindah + Agrikultur/Sawit + Pembalakan (emisi tinggi)
Papua,Supiori,0.0,0.15207060420899385,0.055668703326506676,0.2810590631362654,0.15003394433119482,0.36116768499636037,0.0,13.838173795692553,4.0930103392089645,153,0.000895481556909844,693.9762550881953,0.40116535203224296,-2.289602869431737,0.0,0.02103032282777914,4,-0.16303771233478545,-2.8965122005998114,C5: Ladang Berpindah + Agrikultur/Sawit + Pembalakan (emisi tinggi)
Papua,Tolikara,0.0,0.04931177335293002,0.10984899104636443,0.056127221702521976,0.004009087264465855,0.7807029266336508,0.0,16.134154120774,6.396329475144114,158,0.00166200248756214,678.9523618627647,0.3966437311388184,0.8019889392324094,1.0,0.04995287830836198,4,1.6665785236574524,-3.5183429930979147,C5: Ladang Berpindah + Agrikultur/Sawit + Pembalakan (emisi tinggi)
Papua,Waropen,0.0040869403678242535,0.4403678246330633,0.23425599108301742,0.1932008173880556,0.005201560468139959,0.12288686605980653,0.0,15.99836222703068,6.067591907495533,167,0.0004013300628499,823.959134392124,0.7859222313013707,-1.5833553892148604,0.0,0.037575252398733855,4,1.7873236704807567,-4.933521461787926,C5: Ladang Berpindah + Agrikultur/Sawit + Pembalakan (emisi tinggi)
Papua,Yahukimo,0.01127884284238287,0.10914361152565409,0.22414188956491152,0.09878314774422861,0.02143841120422393,0.5351279990816056,8.609803696475474e-05,17.089843719549666,7.240477636443617,161,0.000993568494605668,758.3755775577557,0.6153739259666072,-0.08263293940184577,0.0,0.03403035683148083,4,1.5630667250449435,-4.4752943036206805,C5: Ladang Berpindah + Agrikultur/Sawit + Pembalakan (emisi tinggi)
Papua,Yalimo,0.012988067213246773,0.10228102930431834,0.22201477392643704,0.04213004302296922,0.029060800389639655,0.5915252861433078,0.0,16.06816521692824,6.202049569174796,162,0.001258382663145864,772.1554383116883,0.6366932774839235,-0.4440576941738895,0.0,0.06567909360117817,4,1.364412273983216,-4.798389621176749,C5: Ladang Berpindah + Agrikultur/Sawit + Pembalakan (emisi tinggi)
Papua Barat,Fakfak,0.00594958226337289,0.5816485225505338,0.02927773156352799,0.2140764584614233,0.0029838330500198385,0.03482946942023157,0.13123440269087253,17.570611109078268,7.702068189375028,163,0.0021195804765395,772.8623664080725,0.7644166718885311,-0.3366402667778241,0.0,0.0378510459860853,4,2.6319175716056007,-3.7139873696147707,C5: Ladang Berpindah + Agrikultur/Sawit + Pembalakan (emisi tinggi)
Papua Barat,Kaimana,0.004223022857480237,0.5716141988069053,0.12967338019017988,0.1301163546157897,0.01727600259878279,0.12943712716318798,0.017659913767644628,17.14836867591994,7.211910914126807,168,0.00087494468937224,827.4017659392257,0.7521087275692092,-1.5805545596951052,0.0,-0.010114403728703257,4,2.230132420255994,-4.705417434789035,C5: Ladang Berpindah + Agrikultur/Sawit + Pembalakan (emisi tinggi)
Papua Barat,Kota Sorong,0.002404809619237513,0.36312625250486447,0.03967935871741897,0.3414829659317269,0.20320641282556987,0.036072144288562695,0.014028056112218827,14.393051581746773,4.613138355637268,155,0.00376447512353358,713.802483974359,0.457426253665802,-0.7175512051601222,0.0,-0.016052743855525863,4,0.3319165294632061,-2.4798726063401557,C5: Ladang Berpindah + Agrikultur/Sawit + Pembalakan (emisi tinggi)
Papua Barat,Manokwari,0.010564376670334687,0.08578839805061962,0.09673007388775198,0.5521930514070028,0.02153749410470018,0.22724414400251178,0.005942461877063262,17.59867805604327,7.842043087557947,158,0.002024289243278248,690.997594755624,0.5544787056078465,0.07484714802276968,1.0,0.020731312751650074,4,2.0695795906947936,-1.7082281669622188,C5: Ladang Berpindah + Agrikultur/Sawit + Pembalakan (emisi tinggi)
Papua Barat,Maybrat,0.005885950160525464,0.35308056872035215,0.02262650970799399,0.20937165571012006,0.01054884574224044,0.3935178107322738,0.004968659226417599,16.092829431386914,6.262025892751344,166,0.0016109250320165,745.2802873958573,0.53764410892582,-0.7908549650280761,0.0,0.03930698191610901,4,1.5073128652418584,-3.59682297484473,C5: Ladang Berpindah + Agrikultur/Sawit + Pembalakan (emisi tinggi)
Papua Barat,Raja Ampat,0.020605196656513922,0.3617572733752114,0.0773666817857787,0.17656968833019007,0.04172876304023575,0.1682757726948637,0.1536966241171416,16.25309985845835,6.427006122798615,165,0.000870438208362548,741.5715303874563,0.7516548842749011,-1.562022881927113,0.0,-0.012096189533862534,4,1.7514392666400513,-3.86171867011144,C5: Ladang Berpindah + Agrikultur/Sawit + Pembalakan (emisi tinggi)
Papua Barat,Sorong,0.0005861248268267453,0.28844446023231346,0.00808141806685361,0.6396930837270322,0.004102873787787217,0.0433021917516244,0.015789847607544746,17.688301054969575,7.720053448013116,163,0.0030330676126484202,853.8862049979575,0.7411250825547065,-0.758952416738383,0.0,0.02683896557295521,4,2.18848905446241,-2.1570544788088,C5: Ladang Berpindah + Agrikultur/Sawit + Pembalakan (emisi tinggi)
Papua Barat,Sorong Selatan,0.0006481721545242206,0.15264454239045397,0.02608892921959988,0.3912367124708196,0.007842883069743069,0.07207674358309334,0.3494620171117335,17.20437344825324,7.119020562165869,136,0.00226669017395388,960.3084227241793,0.6658735301162776,-2.7531165520686414,0.0,0.015872383776014087,3,1.9518718431832187,-2.4034432699772346,C4: Agrikultur/Sawit + Kebakaran (emisi tinggi)
Papua Barat,Tambrauw,0.02242510193227952,0.4579861726643806,0.22823967381667892,0.11203687289486686,0.017461443006557574,0.16185073568514785,0.0,16.053781851235666,6.114301457067044,171,0.0007084658593177931,831.0826907737304,0.8079055286921952,-0.9560772517904744,0.0,0.028681919382870666,4,1.9442600805859873,-5.196109231255443,C5: Ladang Berpindah + Agrikultur/Sawit + Pembalakan (emisi tinggi)
Papua Barat,Teluk Bintuni,0.013444865282090624,0.6011057459297313,0.05388716365398672,0.22080812795059648,0.019512107558921906,0.056346371322406504,0.03489561830224856,17.65525431195538,7.709469827747375,153,0.001120388633613116,834.9228684257763,0.7981298674550649,-3.3856581244968997,0.0,0.04799290708022954,4,2.383821037570244,-4.021444059534502,C5: Ladang Berpindah + Agrikultur/Sawit + Pembalakan (emisi tinggi)
Papua Barat,Teluk Wondama,0.004855577689242725,0.6921065737051362,0.03212151394422111,0.09487051792828094,0.02851095617529703,0.13222111553784038,0.015313745019919365,16.409691629078893,6.467015262782834,174,0.0010128178453661719,833.2163087457205,0.8047169812603531,-0.9785775533236238,0.0,0.05046782033462406,4,2.4416256228974036,-4.793731581721489,C5: Ladang Berpindah + Agrikultur/Sawit + Pembalakan (emisi tinggi)
Riau,Bengkalis,0.0006526327799646286,0.24971875178275943,0.0012961378287409406,0.6702356095612969,0.0019350790119230946,0.0005567916024873055,0.07560499743282544,20.03277391606231,9.77166897791528,95,0.023268470817177377,1143.997373501344,0.5308810688863598,21.31966304588783,1.0,-0.07242548420757555,1,4.789964229973576,0.9032587114191982,C2: Agrikultur/Sawit (emisi tinggi)
Riau,Dumai,0.0007483952678391472,0.15087360755303425,0.0016047321608474022,0.8224432227051552,0.007527129328459115,0.0007340030511499329,0.016068909933507843,18.882943149594723,8.623274247422508,92,0.027217023860236642,1142.4904472349153,0.6253552684924523,25.645680626349574,1.0,-0.06082303259228714,1,4.73881369715806,1.56497489394307,C2: Agrikultur/Sawit (emisi tinggi)
Riau,Indragiri Hilir,0.0021501105452688407,0.19183809120440604,0.004709572956837687,0.7246135981826384,0.0002533117984529737,0.005041918036407988,0.0713933972759861,20.050617027871027,9.890377996582409,71,0.01652461464790049,1034.2293500640371,0.3787724832634201,5.594374010039414,1.0,-0.04412342294057635,1,3.117166855048272,1.0354072591602392,C2: Agrikultur/Sawit (emisi tinggi)
Riau,Indragiri Hulu,0.0027088945769870756,0.10390314644696984,0.0010248526774276172,0.8660452875433116,0.0005994890661651839,0.007372969261882178,0.01834536042725407,19.56314407334479,9.685416116270943,121,0.021521890136422667,779.7020248252531,0.4367688369352634,12.7573849347465,1.0,-0.05127029198205732,1,3.5687918024755616,1.6888478123175137,C2: Agrikultur/Sawit (emisi tinggi)
Riau,Kampar,0.0010076294984598553,0.19828830533299563,0.0012393417670930288,0.7843949227377744,0.005301746770377382,0.008163074417902625,0.0016049794753949173,19.410425909327515,9.84253937838228,105,0.020513613281207377,571.9558025730636,0.3116752219592163,7.972983845471216,1.0,-0.04434622612279349,1,2.7891261164456975,1.819203505289451,C2: Agrikultur/Sawit (emisi tinggi)
Riau,Kepulauan Meranti,0.0,0.27598918466049527,0.008606572984500488,0.19629841197303632,0.001530903690163361,0.0036025743554590536,0.513972352336338,18.924235831306515,8.566516546747328,91,0.015086480539365033,1260.2006458688763,0.5628094541701708,12.829397350860209,1.0,-0.03236611094923254,3,4.5361504766592695,-1.1249694233741216,C4: Agrikultur/Sawit + Kebakaran (emisi tinggi)
Riau,Kuantan Singingi,0.004289224595431597,0.213428907919798,0.00043982726783662983,0.7733144801314366,0.0006361138171190928,0.006917283394157906,0.0009741628742166678,18.97902201718172,9.306134071229772,121,0.025030752993412633,635.3012842182553,0.24260676995193964,9.83504840411981,1.0,-0.018704843605748943,1,3.1216738451968977,1.8479909728280963,C2: Agrikultur/Sawit (emisi tinggi)
Riau,Pekanbaru,0.00954668637595408,0.0004311406750430875,0.00024636610002462143,0.834134023158362,0.1556417836905546,0.0,0.0,15.784625244333817,6.477649056957522,65,0.01989035557869586,441.234834021063,0.02324601226421689,2.757373434198034,1.0,-0.03024295546922923,1,0.07210465345097443,3.0589549708656323,C2: Agrikultur/Sawit (emisi tinggi)
Riau,Pelalawan,5.964890377799502e-05,0.3589976209797674,0.0011028111279885126,0.5993424748746324,0.0008891848214347629,0.001313663066924681,0.0382945962254728,20.516776985458474,10.269393756977712,108,0.024720817666030497,1128.382752612757,0.49875529574537986,21.715606948309475,1.0,-0.07546768558384966,1,5.148214084922314,0.5763703896517924,C2: Agrikultur/Sawit (emisi tinggi)
Riau,Rokan Hilir,0.0003121236934637054,0.02997543470931067,0.0015259380569336708,0.9447252059149348,0.0006377342131881882,9.055440489379108e-05,0.02273300900727321,19.958420625682002,9.94087967175319,84,0.026393808178635216,896.6910405259082,0.479404556353231,19.303328561657594,1.0,-0.06313388715826265,1,3.9786708773680366,2.641861216028925,C2: Agrikultur/Sawit (emisi tinggi)
Riau,Rokan Hulu,1.6788899179862227e-05,0.05808399486259669,0.00033857613346055494,0.9298056125289933,0.0011780210924536663,0.00843642183788077,0.002140584645432434,19.289133149315862,9.567746248718436,105,0.0244339572654101,666.8587302031451,0.36661964399507885,11.779266151955463,1.0,-0.042793489113507104,1,3.1145229614178565,2.4918525109564933,C2: Agrikultur/Sawit (emisi tinggi)
Riau,Siak,0.0002853388744301845,0.31490136249312467,0.00117587229704697,0.6495578398006295,0.003262988096306465,0.0001242604775744352,0.030692337960885493,19.973273242733317,9.763296318028287,100,0.025796955625503607,1086.9776469721933,0.3849671191474742,21.945520626030486,1.0,-0.07977490196235454,1,4.686902914294258,1.1184661886715042,C2: Agrikultur/Sawit (emisi tinggi)
Sulawesi Barat,Majene,0.0,0.013156498673738656,0.019946949602119898,0.17644562334215633,0.010716180371351648,0.7786737400529677,0.001061007957559569,15.679160518742714,5.934894195619588,130,0.005040713454827404,683.9831317632081,0.3144358226294705,-0.5804842828682596,0.0,0.0552444095126998,4,0.5702223838791636,-2.584389947540982,C5: Ladang Berpindah + Agrikultur/Sawit + Pembalakan (emisi tinggi)
Sulawesi Barat,Mamasa,0.00035234529839240904,0.018145782867209068,0.05166262937678698,0.18233869191807167,0.006738603831754823,0.6969390002201851,0.04382294648755588,16.548524359326624,6.812565091978388,136,0.003358342793540632,677.3172729674976,0.40940274247282443,1.4900436710288392,1.0,0.0032011424248016432,4,1.6281904816745831,-2.394546427978287,C5: Ladang Berpindah + Agrikultur/Sawit + Pembalakan (emisi tinggi)
Sulawesi Barat,Mamuju,0.0,0.040607251632596285,0.013121551625167899,0.669806924775619,0.0032483100008779,0.2729323257494393,0.00028363621629287275,18.458015526008875,8.686780679685432,140,0.00819288640771054,701.0092451275679,0.466839526956427,3.950599899855316,1.0,-0.013561816616033697,1,2.43245747505339,-0.25171291171752247,C2: Agrikultur/Sawit (emisi tinggi)
Sulawesi Barat,Mamuju Utara,0.0,0.013406397349305295,0.004116222760290504,0.8908882375429986,0.0021919204791639836,0.08728176373136119,0.0021154581368675656,17.82475373618011,8.051914382606217,128,0.011258088119252186,702.2358450892687,0.2474699209708742,3.7569511197830736,1.0,-0.0130200097697956,1,1.8457019740601972,1.171975676155185,C2: Agrikultur/Sawit (emisi tinggi)
Sulawesi Barat,Polewali Mandar,0.0,0.012419419455876008,0.0025494409440214682,0.34155224532904754,0.01063481079506098,0.6328440834759576,0.0,16.768860401401405,7.002410699023519,119,0.006580940511001344,698.15944351373,0.24061313523628888,-0.7163666650687887,0.0,0.04553118155063256,4,0.687450503340582,-1.5498365826895826,C5: Ladang Berpindah + Agrikultur/Sawit + Pembalakan (emisi tinggi)
Sulawesi Selatan,Bantaeng,0.0,0.0,0.016248153618894944,0.9320531757747917,0.0007385524372224974,0.03175775480056739,0.01920236336778493,13.667188028095135,4.010238052925101,99,0.002577206757078232,636.2745387453874,0.035639811122570225,-1.822269807280514,0.0,-0.04131156898802266,0,-1.3295359450204856,0.7718244266709614,C1: Agrikultur/Sawit (emisi rendah)
Sulawesi Selatan,Barru,0.0,0.01217730150998242,0.016317584023376443,0.6980029225521923,0.010959571358984179,0.262542620555221,0.0,14.780083134359126,5.107398962528563,115,0.0020321451108003597,638.827611395179,0.11768245663804071,-3.695227725467391,0.0,0.03306900850446208,0,-0.676570563309763,-0.4289245086629134,C1: Agrikultur/Sawit (emisi rendah)
Sulawesi Selatan,Bone,0.0,0.0020065211938800546,0.004235989187080115,0.8970543154139594,0.0031769918903100866,0.09313602541593254,0.00039015689881001064,16.943442950891654,7.269839566008378,94,0.006314039116319536,636.1256548879724,0.035154225797747754,-2.9610904355935634,0.0,0.06674184491322122,0,-0.14565604612114175,1.0928461471427184,C1: Agrikultur/Sawit (emisi rendah)
Sulawesi Selatan,Bulukumba,0.0,0.0,0.001084010840108205,0.970912375790249,0.01951219512194769,0.008310749774162907,0.00018066847335136753,15.057439044860372,5.404477562376427,93,0.0033696578594910043,625.412391618497,0.011359453209172343,-5.434570193595519,0.0,-0.04721664210472248,0,-1.2532095544008781,1.1579149257197183,C1: Agrikultur/Sawit (emisi rendah)
Sulawesi Selatan,Enrekang,0.0,0.010672417606723586,0.006469807564697718,0.9023999115239492,0.0027648750276485974,0.07653174076531317,0.0011612475116124109,16.26067527211949,6.585288506373142,125,0.005119574218114071,637.6802875311031,0.17319873358105897,0.33083733801391435,1.0,0.009068324854388948,1,0.7919707772756516,0.8977619829815495,C2: Agrikultur/Sawit (emisi tinggi)
Sulawesi Selatan,Gowa,0.0,0.0034888791975572772,0.026893443814504012,0.8493967146386321,0.0055240587294656885,0.05218781799679427,0.06250908562290122,15.294438109857644,5.620980407895063,109,0.002775161117890844,637.825,0.10191220054600757,-2.6169176306845117,0.0,-0.0037046259063934677,0,-0.5827768812061515,0.39943549102803744,C1: Agrikultur/Sawit (emisi rendah)
Sulawesi Selatan,Jeneponto,0.0,0.0,0.026530612244843814,0.8938775510185839,0.0020408163265264474,0.07551020408147856,0.0020408163265264474,12.674590796999915,3.0252910757955354,90,0.001916495550992412,650.7617107942973,0.08820299671825009,-2.499168866725335,0.0,-0.06321806430553163,0,-1.7153051366779353,0.4655272195910671,C1: Agrikultur/Sawit (emisi rendah)
Sulawesi Selatan,Kepulauan Selayar,0.0,0.02279395170390174,0.003949447077408717,0.7292936131797868,0.006770480704129229,0.23719250733466066,0.0,15.549082495757181,5.8734689888702745,107,0.004164326915169752,638.7043890330588,0.12241550424839975,-3.4823373236375597,0.0,0.025078900052269714,0,-0.4212773128152034,-0.02056645755191814,C1: Agrikultur/Sawit (emisi rendah)
Sulawesi Selatan,Luwu,6.129203612143871e-05,0.0049237935684222425,0.012421852653944911,0.7374453479344434,0.0015323009030359677,0.23325705879948858,0.010358354104523142,17.28994672223958,7.580107740285377,110,0.008886387465447792,659.4811122234254,0.25768794388829647,1.4215705408975168,1.0,0.0050725854973196075,1,1.3700874741021167,0.6168776290985091,C2: Agrikultur/Sawit (emisi tinggi)
Sulawesi Selatan,Luwu Timur,0.05082070124259106,0.04476468307453661,0.02501800188327371,0.7124129908975027,0.0012278207566329903,0.06398515537009966,0.10177064677535402,18.153834634003044,8.37421849366499,134,0.007758705282798536,706.9513399739667,0.556090758688057,3.4974286154275913,1.0,0.02550382272081479,1,2.547089671832163,0.025441708454095928,C2: Agrikultur/Sawit (emisi tinggi)
Sulawesi Selatan,Luwu Utara,0.0011658717541070305,0.016019380725262836,0.042531607237488944,0.6814293284881416,0.0024680142327200777,0.23564236505412617,0.020743432508138076,17.52572678060516,7.879594240155731,132,0.003741380506809856,618.6996941525604,0.24463297373477674,1.693619769353763,1.0,0.03525337060313853,1,1.4577346520907972,-0.11355183361884923,C2: Agrikultur/Sawit (emisi tinggi)
Sulawesi Selatan,Makassar,0.0,0.0,0.0,0.12280701754170514,0.8771929824407511,0.0,0.0,10.612409652211436,1.1878434223960523,50,0.001977450130095376,700.6034482758621,0.0,-13.992194275802255,0.0,0.0689621249385128,2,-4.474935856246465,-0.5542337237398753,C3: Infrastruktur + Agrikultur/Sawit (emisi rendah)
Sulawesi Selatan,Maros,0.006970260223047247,0.0018587360594792659,0.017503097893429753,0.8561028500618252,0.011307311028498867,0.10486369268895525,0.0013940520446094494,15.230331878479321,5.557754273559516,110,0.002898739434485356,637.4090134737494,0.06743264603663061,-3.101653439895832,0.0,0.07358678592637928,0,-0.5953476121501118,0.385840694650889,C1: Agrikultur/Sawit (emisi rendah)
Sulawesi Selatan,Palopo,0.0,0.00035549235691419997,0.0145751866334822,0.6974760042656604,0.057234269463186195,0.23035904728040157,0.0,14.353454338114371,4.731979032851787,104,0.005269517163864524,608.5575692963753,0.1529572892288635,-0.34098253172856274,0.0,0.024672131412632792,0,-0.6935158043055419,0.019399712170778988,C1: Agrikultur/Sawit (emisi rendah)
Sulawesi Selatan,Pangkajene Dan Kepulauan,0.08309290248119845,0.0,0.08482400461622341,0.6895556837849455,0.03462204270049935,0.06866705135599038,0.03923831506056593,13.759103156161821,4.253056253376921,98,0.001655047273421772,545.0709342560554,0.07487012958964036,-4.351948237990641,0.0,0.030474296497996645,0,-1.3589315971046432,-0.029319014765294135,C1: Agrikultur/Sawit (emisi rendah)
Sulawesi Selatan,Parepare,0.0,0.0,0.0025252525252461486,0.8989898989876288,0.09595959595935365,0.0025252525252461486,0.0,12.275468102635326,2.8237570088141806,91,0.005653104925053468,539.977329974811,0.025462952031898262,-2.694860813704497,0.0,0.10479906341535883,0,-1.7864688756122804,1.0938572895844716,C1: Agrikultur/Sawit (emisi rendah)
Sulawesi Selatan,Pinrang,0.0,0.002246543778801714,0.0042626728110596625,0.8794354838709171,0.008179723502303676,0.10529953917050085,0.0005760368663594138,16.15886535611151,6.544487219573761,111,0.006774039352642164,599.9724094234203,0.13551634536177237,0.1839253138748793,1.0,0.016126712539138513,1,0.606407242563661,1.1826083906357154,C2: Agrikultur/Sawit (emisi tinggi)
Sulawesi Selatan,Sidenreng Rappang,0.0,0.045039967206392445,0.035253125640498297,0.8308054929288363,0.0025107604017215357,0.0858270137323178,0.0005636400901823856,16.328450170116596,6.661394276491743,128,0.007238671031035811,632.3284316237126,0.23894030776922084,1.4534276679988503,1.0,-0.0023619236927777372,1,1.086819512608508,0.5654368688060621,C2: Agrikultur/Sawit (emisi tinggi)
Sulawesi Selatan,Sinjai,0.0,0.025144054478771532,0.094814038763701,0.7349397590357596,0.002095337873230961,0.1430068098480131,0.0,14.14106772709497,4.348469851145039,99,0.001366670842804164,725.0267015706806,0.07241770613994314,-5.281227068530417,0.0,-0.047250840399944274,0,-1.2486170800118372,-0.5270454216412019,C1: Agrikultur/Sawit (emisi rendah)
Sulawesi Selatan,Soppeng,0.0,0.012834765032843573,0.016675088428497555,0.9160181910054658,0.003233956543708617,0.0512379989893834,0.0,15.72070927186361,5.983432375410718,98,0.004904645658558292,679.1372271624899,0.06990099994738348,-4.74468085106383,0.0,0.09561767795481649,0,-0.4818203314648466,0.7387100198448794,C1: Agrikultur/Sawit (emisi rendah)
Sulawesi Selatan,Takalar,0.12393681652475828,0.014580801944089209,0.05953827460503094,0.7885783718094914,0.006075334143370504,0.007290400972044604,0.0,13.1083253031004,3.5240048109237025,78,0.002906330007945575,598.3361650485436,0.07433025195957949,-6.3920720402577915,0.0,0.08225046967861885,0,-1.6120380398285317,0.5045400351763872,C1: Agrikultur/Sawit (emisi rendah)
Sulawesi Selatan,Tana Toraja,0.0019051888378345953,0.017819119130335334,0.0749747842653732,0.46329709738871866,0.006051776308415773,0.2827524375209814,0.15319959654822893,15.501620766147862,5.88030949774182,117,0.0024726355751378158,604.9350067234424,0.2085285095944088,-0.3517471665696788,0.0,-0.040577439071174976,0,-0.0702765814327596,-1.1564234128288609,C1: Agrikultur/Sawit (emisi rendah)
Sulawesi Selatan,Toraja Utara,0.004091839054329599,0.017731302568761598,0.11025233007499198,0.4366901568537311,0.024096385542163194,0.16617413048416316,0.24096385542163196,14.769754661792465,5.17592371833397,122,0.001845876256215456,590.1604545454545,0.32912716527825514,0.11633762037639259,1.0,-0.05941444336092876,3,0.5521537533020101,-1.0938175965489727,C4: Agrikultur/Sawit + Kebakaran (emisi tinggi)
Sulawesi Selatan,Wajo,0.005025125628140367,0.004288107202679779,0.0036850921273029356,0.9751423785593987,0.008241206030150201,0.003618090452261064,0.0,15.916369354100562,6.393590753950631,74,0.008730239971922791,547.5803966233418,0.03241810565202362,-2.184972873374962,0.0,0.008521990653704813,0,-0.7231302797626994,1.8748284505053376,C1: Agrikultur/Sawit (emisi rendah)
Sulawesi Tengah,Banggai,0.012662443209298905,0.03576723939708664,0.016714107880527296,0.6791256016048026,0.004725620634152879,0.1430372420136207,0.10796774526050294,18.227842706312575,8.526319420414495,135,0.00659324344281466,653.8236865891755,0.42063511515525986,1.2196331975434977,1.0,0.00880946287405086,1,2.1287603592595548,-0.0009834373481451247,C2: Agrikultur/Sawit (emisi tinggi)
Sulawesi Tengah,Banggai Kepulauan,0.0007621259685350713,0.05882886642835002,0.007276488413870561,0.2565279718376262,0.005207860784989653,0.617303888657014,0.05409279790959637,17.438121889375168,7.698646039860739,117,0.007649990282906189,679.2813463981129,0.2687493783767926,0.07485979621866237,1.0,0.01188751117674317,4,1.6844268468528676,-1.3096435086066724,C5: Ladang Berpindah + Agrikultur/Sawit + Pembalakan (emisi tinggi)
Sulawesi Tengah,Buol,0.001074757028143264,0.17011868388324808,0.006417834825198348,0.7625861724831376,0.004713577251999744,0.05049822665090279,0.004590747877354799,17.69692754100722,7.8656638486092945,151,0.0069876112081150325,744.5323189829884,0.5174864078660057,3.408068405228022,1.0,0.016941935542695977,1,2.483273119101532,-0.35332212324084,C2: Agrikultur/Sawit (emisi tinggi)
Sulawesi Tengah,Donggala,0.0018622604455881043,0.07465971422766854,0.013933094061081907,0.4912643055461419,0.0025394460621655968,0.41574117965733703,0.0,17.563343072908797,7.767991928194612,141,0.005018361776918699,718.2958404577697,0.40089248578709863,0.11258774677952062,1.0,0.011587458638136362,4,1.926303772995094,-1.2123041113964512,C5: Ladang Berpindah + Agrikultur/Sawit + Pembalakan (emisi tinggi)
Sulawesi Tengah,Morowali,0.09892475468234314,0.06561291168564337,0.03228467775422322,0.50498284415499,0.004070415455558691,0.2323196450816256,0.06180475118561061,18.66617294927257,8.898655182510648,142,0.006006235027729408,698.3867638461664,0.592649520388807,2.2010443671446853,1.0,0.027447453109422152,1,2.7528731250324268,-0.9120065746349229,C2: Agrikultur/Sawit (emisi tinggi)
Sulawesi Tengah,Palu,0.14487053425101773,0.0934119960668327,0.022943297279572946,0.4195345788264767,0.06030809570630603,0.25663716814150883,0.0022943297279572946,14.448304579858329,4.812509505757334,119,0.0055209228681293325,616.9275884665793,0.1512637267793222,-0.7173037774259218,0.0,0.08641167185727204,0,-0.17857792332629496,-0.8497607552430262,C1: Agrikultur/Sawit (emisi rendah)
Sulawesi Tengah,Parigi Moutong,0.005303242184978752,0.04104903078677265,0.011768249392224654,0.6064198274563735,0.004023149243776984,0.3296293109012249,0.0018071900346377896,17.960369257776755,8.22133915255013,129,0.00716435624488218,678.8582877058615,0.37640943731015347,1.589378160974905,1.0,0.008199168827877804,1,1.941171297323895,-0.3336019009300294,C2: Agrikultur/Sawit (emisi tinggi)
Sulawesi Tengah,Poso,0.0020638451848079276,0.035112171325953054,0.02377442440161859,0.5788549679701871,0.0014607735398965201,0.31579511645983116,0.042938701117692206,17.745185133725478,8.001596202771356,141,0.004603910837712676,682.0034173601898,0.4957279271215464,2.6112854985569975,1.0,-0.0025532225795455834,1,2.128085432911682,-0.8612210927793527,C2: Agrikultur/Sawit (emisi tinggi)
Sulawesi Tengah,Sigi,0.0067270533870405725,0.03146788803238736,0.10002658106201362,0.28924284867196337,0.009180689880793973,0.5597971660498383,0.0035577729159424307,17.343573603057852,7.579311033298606,144,0.00387544102585432,696.3673427660096,0.5813877888062376,2.3767851518159073,1.0,0.02794959988421717,4,2.1978549729448518,-2.45639373911768,C5: Ladang Berpindah + Agrikultur/Sawit + Pembalakan (emisi tinggi)
Sulawesi Tengah,Tojo Una-Una,0.0,0.026527987765670658,0.017717185409172116,0.4585961802478107,0.0008254696487843802,0.17241019759136494,0.3239229793371885,18.089994673140477,8.434776334345715,140,0.009055971294350883,624.2500543067418,0.5208663075574839,3.5982645200380854,1.0,0.01756751390332042,3,2.7579976498132277,-0.493120587193337,C4: Agrikultur/Sawit + Kebakaran (emisi tinggi)
Sulawesi Tengah,Toli-Toli,0.004013794984704636,0.10264403873506805,0.006975430119049803,0.5918788847105472,0.002104319700718935,0.28858406562359395,0.003799466126298077,17.484689092109665,7.627505441336616,141,0.006027133432957588,764.1585612968591,0.44003505215956856,1.5547879851914048,1.0,-0.006904474301195761,1,2.0878845873320775,-0.8581757409782739,C2: Agrikultur/Sawit (emisi tinggi)
Sulawesi Tenggara,Bau-Bau,0.03303370786516111,0.009213483146065344,0.0015730337078648149,0.7206741573032087,0.10674157303368387,0.1287640449437913,0.0,14.795502960914645,5.187385805840755,107,0.007650649015731048,598.6149179959559,0.1401848972629952,0.05093269148113126,1.0,0.015774837331737637,1,0.0949518499428665,0.8724444152552246,C2: Agrikultur/Sawit (emisi tinggi)
Sulawesi Tenggara,Bombana,0.04698569035461184,0.005812662724281878,0.00690253698508473,0.7592387026459573,0.004420045613256011,0.15801158495973203,0.018628776717056157,17.35124929290229,7.592305612316564,120,0.008293564774905168,692.6688867360942,0.37284822676439483,0.9500472870617578,1.0,0.02579258747692911,1,1.6774542475391168,0.4918767615128288,C2: Agrikultur/Sawit (emisi tinggi)
Sulawesi Tenggara,Buton,0.020503027714263666,0.034422975451643655,0.003593055101886892,0.8187140380411363,0.00592979723108606,0.09977637629085909,0.0170607301690993,16.970186620309725,7.373349199739173,109,0.006451999886519724,589.0814070351759,0.23354906270521136,-0.5144302278926315,0.0,0.0014367293829122272,0,0.32097789406209454,0.5948512348839697,C1: Agrikultur/Sawit (emisi rendah)
Sulawesi Tenggara,Buton Utara,0.0,0.02697389116074131,0.0031063227430008214,0.7121736395092516,0.0018480654293802357,0.2527524378735352,0.0031456432840514647,16.649735684113963,6.925870208407308,133,0.006251451818075619,669.0995163763614,0.4994305445980889,-0.28438427550437234,0.0,-0.0009064069617859905,4,0.9123398607468015,-0.6765261687929719,C5: Ladang Berpindah + Agrikultur/Sawit + Pembalakan (emisi tinggi)
Sulawesi Tenggara,Kendari,0.008142758142756732,0.02858627858627363,0.0,0.6557519057517921,0.25311850311845924,0.05440055440054497,0.0,15.018172603621275,5.446219996471532,102,0.013577981651376107,576.6440325653906,0.09345304669543673,3.0836861914843565,1.0,0.048925906932806185,1,0.21921498780864598,1.4018973547847016,C2: Agrikultur/Sawit (emisi tinggi)
Sulawesi Tenggara,Kolaka,0.03829355485625024,0.008156503404487994,0.003202358965416083,0.8149131637562654,0.0012841142386074392,0.09485006777269517,0.03930023700626965,18.34673374961025,8.526604763303467,144,0.008120379638062876,736.1569698314812,0.5475582668127866,3.8151581664344083,1.0,-0.006365959559005861,1,2.564454355677773,0.26563503089312,C2: Agrikultur/Sawit (emisi tinggi)
Sulawesi Tenggara,Kolaka Utara,0.023392177655791418,0.11298941633917384,0.034558043790155854,0.5020273220634915,0.004636849437547988,0.30374482772960093,0.01865136298421769,17.389705748389858,7.562535781596892,144,0.00601918660317018,741.5873913585895,0.6324582743726502,3.265690023091509,1.0,-0.02932390590902064,4,2.424530390294897,-1.4257747208966884,C5: Ladang Berpindah + Agrikultur/Sawit + Pembalakan (emisi tinggi)
Sulawesi Tenggara,Konawe,0.035384362827763735,0.0692763442625387,0.021893235035145255,0.7058516274418984,0.008014088080349695,0.1398510603369776,0.019729282015311538,17.632593059249626,7.8940495714249215,144,0.00513642687680374,678.595854226361,0.38693884750050794,0.837891755362981,1.0,0.029041674988610492,1,1.908537798182521,-0.23715243350392,C2: Agrikultur/Sawit (emisi tinggi)
Sulawesi Tenggara,Konawe Selatan,0.012021012601114956,0.011902843576439117,0.005618399991405829,0.8533629830158792,0.0069290019014469585,0.10556790958995235,0.00459784932375085,17.9439497526652,8.222682523753612,114,0.011517639234730917,666.9060458920592,0.20672884595781685,1.3220378303973275,1.0,0.016985485179142685,1,1.605283892583654,1.3041815048714143,C2: Agrikultur/Sawit (emisi tinggi)
Sulawesi Tenggara,Konawe Utara,0.19854404351286487,0.09460400636773524,0.03555319713451785,0.46613823295303025,0.0012602812417086553,0.08880007959670853,0.11510015919341811,17.58908943731581,7.788692370927823,154,0.00539183187183844,721.9234557665202,0.6696164855124405,1.864763854769957,1.0,0.0315591651163048,3,2.7807610777163903,-1.1210063158424537,C4: Agrikultur/Sawit + Kebakaran (emisi tinggi)
Sulawesi Tenggara,Muna,0.0,0.00387713781070946,0.0060741825701114876,0.9596346874595993,0.0020678068323783786,0.02810206924280894,0.00024411608437800304,17.457974041030493,7.932563139166073,91,0.01287274945469329,548.331275129236,0.13483798198520835,1.2181319087581797,1.0,-0.0028503289668001587,1,0.9956416264624035,2.2397171653875136,C2: Agrikultur/Sawit (emisi tinggi)
Sulawesi Tenggara,Wakatobi,0.0,0.0019069412662082734,0.0446224256292736,0.8218916857357659,0.03737604881768216,0.09420289855068871,0.0,14.175267447824991,4.662306377358901,85,0.004154156929536132,546.3133816240945,0.07509961369068224,-4.118786390462233,0.0,-0.04398426598436349,0,-1.474440224090492,0.6402519202556652,C1: Agrikultur/Sawit (emisi rendah)
Sulawesi Utara,Bitung,0.09559471365634556,0.04493392070482602,0.03832599118941043,0.6515418502199773,0.089427312775291,0.06651982378851695,0.013656387665192221,14.420579246915711,4.519612297626445,124,0.003276795380728928,806.4187582562747,0.10682345422674101,-10.407722843738723,0.0,0.05821035342994321,0,-0.8570565620320166,-0.6909376833077474,C1: Agrikultur/Sawit (emisi rendah)
Sulawesi Utara,Bolaang Mongondow,0.017182013431970233,0.08031909453516244,0.038284525960520975,0.6870078069068732,0.0015341083421401994,0.16432004909146133,0.011352401731837474,16.901586060054115,7.068444535648978,143,0.0039590637157809324,746.2670280220904,0.4374891732906682,-0.28541349628664847,0.0,-0.0015486951331354392,4,1.0390076885984596,-1.0977322713777489,C5: Ladang Berpindah + Agrikultur/Sawit + Pembalakan (emisi tinggi)
Sulawesi Utara,Bolaang Mongondow Selatan,0.024754723837208177,0.09188771802325164,0.008448401162790314,0.6831395348836898,0.00013626453488371475,0.19163335755813082,0.0,16.61327951778847,6.781783809420187,146,0.005043612725866912,745.2422219194259,0.54651498648768,1.7603676870650897,1.0,-0.03630054122818936,1,1.8858487995055206,-0.7506623565015826,C2: Agrikultur/Sawit (emisi tinggi)
Sulawesi Utara,Bolaang Mongondow Timur,0.0343229657555738,0.024819352811810805,0.006911718504554908,0.7288721332076085,0.0073044297832228,0.19776939993715065,0.0,16.032606387692898,6.234959594670089,133,0.006154589839029284,721.0106809078771,0.41229948159167473,-0.24424759510803887,0.0,-0.02293777428391963,0,0.6225006924247118,-0.5202012819633367,C1: Agrikultur/Sawit (emisi rendah)
Sulawesi Utara,Bolaang Mongondow Utara,0.0,0.06973995271867268,0.08397360126083117,0.6850866824270742,0.0016745468873127622,0.12859535066981242,0.03092986603624749,16.455535990245462,6.700927892152864,153,0.005512261007078951,690.1531149963063,0.34315833807033264,0.7138736366289526,1.0,0.02028488517339203,1,1.56346847944367,-0.7161595216532244,C2: Agrikultur/Sawit (emisi tinggi)
Sulawesi Utara,Kepulauan Sangihe,0.03252885624340763,0.13011542497363052,0.09129066107020851,0.2623294858339325,0.01259181532002876,0.47114375655774277,0.0,11.360310272345556,3.6666338451666167,121,0.0006855991798708201,89.98427672955975,0.14592875911722566,-1.7384939119800003,0.0,0.03925522480314454,0,-1.7097053817966228,-1.7211261819576946,C1: Agrikultur/Sawit (emisi rendah)
Sulawesi Utara,Kepulauan Talaud,0.0,0.36884830035508726,0.004058853373921181,0.3263994588194949,0.008625063419582508,0.21478099103666246,0.07728733299508248,15.189472435657194,5.470251830455505,125,0.002444070143531724,668.0710179235712,0.24692259418606022,-2.986318497928141,0.0,-0.049770830969031024,4,0.20901783150898962,-2.065438417263056,C5: Ladang Berpindah + Agrikultur/Sawit + Pembalakan (emisi tinggi)
Sulawesi Utara,Kotamobagu,0.0,0.004273504273486011,0.0,0.790598290594912,0.20512820512732852,0.0,0.0,12.205317360374137,2.337952236831337,113,0.0030271668822767924,850.4170212765957,0.0,-9.802716688227685,0.0,0.08512896073621802,0,-1.9744213775785302,-0.07662264733839905,C1: Agrikultur/Sawit (emisi rendah)
Sulawesi Utara,Manado,0.0016820857863736904,0.0008410428931868452,0.0,0.42640874684573055,0.5567703952896915,0.014297729184176369,0.0,13.671812228171987,3.8828001467512427,101,0.004292806209946696,727.855462184874,0.008499570472309762,-12.516201823269249,0.0,0.00822805961040518,2,-2.56258509408927,-0.27251597825422086,C3: Infrastruktur + Agrikultur/Sawit (emisi rendah)
Sulawesi Utara,Minahasa,0.0,0.04678867403314109,0.047651933701649225,0.618957182320335,0.05507596685081922,0.13276933701655166,0.09875690607733101,15.21652233465855,5.449664119042561,110,0.0025838974827966437,700.7257034351804,0.10125628217942297,-9.362736022662636,0.0,0.010146201313262871,0,-0.8155122000436928,-0.6571980718069959,C1: Agrikultur/Sawit (emisi rendah)
Sulawesi Utara,Minahasa Selatan,0.0028458844133096707,0.23795971978981634,0.012368651488615108,0.49999999999994527,0.005691768826619341,0.21946147110330347,0.02167250437828134,15.77610732867121,5.903834797147008,130,0.00269163063733248,777.4503666411294,0.3655735815115296,-10.63181580478607,0.0,0.010008248051686111,4,0.17763436665449509,-1.989377694268795,C5: Ladang Berpindah + Agrikultur/Sawit + Pembalakan (emisi tinggi)
Sulawesi Utara,Minahasa Tenggara,0.09436670254752522,0.09113742375312323,0.020272694653745912,0.5509508432004752,0.007893792608538232,0.21959095801933626,0.015787585217076464,15.417803203671694,5.411467464480692,127,0.003342628406944264,890.4753363228699,0.1365206000441746,-14.056310155617522,0.0,0.030275413412582955,0,-0.38297853957447875,-1.382962733571317,C1: Agrikultur/Sawit (emisi rendah)
Sulawesi Utara,Minahasa Utara,0.0677198409191264,0.008837825894828896,0.01657092355280418,0.6672558550595816,0.09014582412725473,0.08163941670348192,0.06783031374281177,15.694416520053398,5.8946231956584265,109,0.0040996376811593595,723.1125593725836,0.06837623186462818,-9.291564764492753,0.0,0.05129306444368571,0,-0.6721891407725225,-0.02560404997743085,C1: Agrikultur/Sawit (emisi rendah)
Sulawesi Utara,Siau Tagulandang Biaro,0.028377544725460595,0.020357803824786948,0.20913016656372047,0.22578655151127341,0.018507094386169952,0.11227637260943105,0.3855644663785407,13.98588014028576,4.187227556368814,129,0.0034644154733917075,731.0369913686807,0.1932236975488825,-2.606646719384484,0.0,0.11441177865335737,3,0.11084867556774634,-2.4512230607008187,C4: Agrikultur/Sawit + Kebakaran (emisi tinggi)
Sulawesi Utara,Tomohon,0.0,0.19692307692247102,0.021538461538395268,0.6584615384595125,0.10153846153814912,0.009230769230740829,0.012307692307654439,12.251165506901074,2.6390573296152584,107,0.0011772163361404896,641.7914110429448,0.022053088291005402,-5.492619759123427,0.0,0.025649511421247374,0,-1.7390996290486533,-0.5379522252458172,C1: Agrikultur/Sawit (emisi rendah)
Sumatera Barat,Agam,0.00021178107887331827,0.007170302241853776,0.007140047802014731,0.8935648806462079,0.0003933077179075911,0.09033975735938976,0.0011799231537227733,16.704890602052597,7.1877478629495375,115,0.0074278490968847,544.0236280026623,0.2572219087876311,0.2237984213039692,1.0,-0.014035132537991348,1,0.8983806611881074,1.172713599595591,C2: Agrikultur/Sawit (emisi tinggi)
Sumatera Barat,Bukittinggi,0.0,0.0,0.0,0.558139534870741,0.4418604651060033,0.0,0.0,10.282300629646866,1.000631880307906,96,0.0017972831765934879,663.8636363636364,0.0,-4.3782654127481715,0.0,-0.02046743234531496,2,-3.160900860643796,-0.0333931371008517,C3: Infrastruktur + Agrikultur/Sawit (emisi rendah)
Sumatera Barat,Danau,0.0,0.0,0.0,0.0,0.0,0.0,0.0,6.09807428216624,0.0,98,0.0,444.0,0.0,-5.52,0.0,-0.08766606527799758,2,-4.022055258275486,-0.7565045009935294,C3: Infrastruktur + Agrikultur/Sawit (emisi rendah)
Sumatera Barat,Dharmasraya,0.002232245141102754,0.07089505829367397,0.0003142163248473085,0.8877593102951612,0.0011390341775714932,0.03655383245723689,0.0011063033103998986,18.226538691556794,8.717917703612061,123,0.022562485460983696,539.1006271193098,0.4402030367329804,8.034550241301515,1.0,0.006246147645913001,1,2.7600092188658225,1.943283731950399,C2: Agrikultur/Sawit (emisi tinggi)
Sumatera Barat,Kepulauan Mentawai,0.0008761594005860941,0.3997099610260008,0.021662285869663084,0.28242545091995885,0.004229735037312178,0.28396628296926546,0.007130124777183386,16.848726219087343,7.18913754928539,132,0.00225059921464628,627.3079758308157,0.7047412329606902,-1.2039335679194927,0.0,-0.0024653027279594847,4,1.486777523680008,-2.9428557905547748,C5: Ladang Berpindah + Agrikultur/Sawit + Pembalakan (emisi tinggi)
Sumatera Barat,Kota Solok,0.0847784200383723,0.0,0.0,0.6011560693630036,0.11368015414236285,0.20038535645433453,0.0,12.769057039051837,3.080073421987742,113,0.004711756695415284,675.3461538461538,0.135707066466315,-1.262369496141625,0.0,0.08521414733669483,0,-1.0171415367573708,-0.31409967567196184,C1: Agrikultur/Sawit (emisi rendah)
Sumatera Barat,Lima Puluh Kota,0.011104421700447944,0.040916895221530074,0.016054585591009075,0.7081633108123017,0.002229803554306816,0.19729301848506708,0.02423796463531509,17.253549896293347,7.492693446319972,132,0.0059995585313810116,694.0302800570817,0.26647084357379214,0.7915833338907432,1.0,0.05474547058745624,1,1.5995927334391673,0.019599085940508437,C2: Agrikultur/Sawit (emisi tinggi)
Sumatera Barat,Padang,0.05131004366810827,0.03247816593885577,0.023471615720517612,0.28084061135363514,0.09825327510914349,0.5136462882094668,0.0,14.802961836884876,4.994234872728475,144,0.002840970768395712,732.437380627558,0.5332483687798676,-0.45130650538885014,0.0,0.04860601839041674,4,0.5249586850073404,-2.6294643847931174,C5: Ladang Berpindah + Agrikultur/Sawit + Pembalakan (emisi tinggi)
Sumatera Barat,Padang Panjang,0.0,0.0,0.04761904761678005,0.1904761904671202,0.6666666666349206,0.0952380952335601,0.0,9.590008925040337,0.6097655716208943,106,0.000713073005093348,664.4090909090909,0.020833322916671875,-1.4804753820033956,0.0,-0.002826431866178215,2,-3.380904969345417,-1.2862335977311128,C3: Infrastruktur + Agrikultur/Sawit (emisi rendah)
Sumatera Barat,Padang Pariaman,0.0432198267177067,0.04704815635703737,0.008261132379608275,0.7592182147893654,0.03848478742695562,0.10376788232922589,0.0,15.722686264189155,5.986552502746961,121,0.003392489426239956,678.3562002619119,0.07107208164963279,-4.502935019438629,0.0,0.048091711545534016,0,-0.35478497285984917,0.04008078597547125,C1: Agrikultur/Sawit (emisi rendah)
Sumatera Barat,Pariaman,0.0,0.0,0.0,0.7354651162769318,0.26453488372016126,0.0,0.0,12.226159546142355,2.6919208191723265,80,0.00336101612115286,591.4695652173913,0.0,-6.702735710796287,0.0,0.009329017823153549,0,-2.6026987419941574,0.7229438690542145,C1: Agrikultur/Sawit (emisi rendah)
Sumatera Barat,Pasaman,0.004350748116444337,0.04145590888189238,0.021081673800006702,0.6148703618548935,0.00010611580771815455,0.3173570089490942,0.0007781825899331334,17.54051661648705,7.72430523042056,144,0.006188956813467617,733.450347523124,0.5042568972617942,2.514473043306936,1.0,0.027138864924953935,1,2.226954488184385,-0.8492382431667151,C2: Agrikultur/Sawit (emisi tinggi)
Sumatera Barat,Pasaman Barat,0.0018246843296109625,0.01410278244085984,0.0017679163726897324,0.9373606143914804,0.00016219416263208556,0.04375998507813668,0.001021823224582139,17.958508782976427,8.503775576474894,108,0.016059780219780176,510.8377260562809,0.20707434079024367,3.228952380952381,1.0,0.011250143296366553,1,1.631280040955526,2.1911491779436623,C2: Agrikultur/Sawit (emisi tinggi)
Sumatera Barat,Payakumbuh,0.0,0.0,0.0,0.7068062827188125,0.2931937172759519,0.0,0.0,11.673146255769016,2.1564025828159643,88,0.0018557201846003918,611.3333333333334,0.0,-4.758562059752247,0.0,-0.022103402342921477,0,-2.7181842832948266,0.4825527728327963,C1: Agrikultur/Sawit (emisi rendah)
Sumatera Barat,Pesisir Selatan,0.0,0.048255957440973704,0.0039007870129157602,0.8428647818575642,0.0012339923766693092,0.0899854663120075,0.013759014999862797,18.644756884270237,8.671752930424523,144,0.010265815568895935,857.732808204622,0.6056238502473638,6.783835710917652,1.0,-0.01827354545039127,1,3.075494241528503,0.14182661855631137,C2: Agrikultur/Sawit (emisi tinggi)
Sumatera Barat,Sawahlunto,0.210396039603886,0.07390381895329777,0.005304101838753428,0.33628005657696736,0.025459688826016458,0.34865629420072536,0.0,14.615481832628408,4.737250526345299,124,0.005510522213561916,786.6652527394839,0.12817551304863462,-1.2353371005455962,0.0,-0.006943466800369657,0,0.013803239182681816,-1.2242213637294497,C1: Agrikultur/Sawit (emisi rendah)
Sumatera Barat,Sijunjung,0.004010343921563149,0.11582979547245839,0.016013718141965953,0.5712804060127422,0.001631795112911902,0.28588220651887924,0.005351734819465305,17.82914351246018,7.970229033034243,149,0.009935663374838944,765.3784882595348,0.5442189372516125,4.565719192786604,1.0,0.03844677894581621,1,2.808368712655283,-0.9105655755766354,C2: Agrikultur/Sawit (emisi tinggi)
Sumatera Barat,Solok,0.04577708006279147,0.057142857142853554,0.0508006279434819,0.337142857142836,0.0109890109890103,0.4596546310831736,0.038492935635790364,16.25807287450665,6.45833828334479,144,0.0022316658316896,722.2450709531583,0.47650365932027233,-0.16192715029936552,0.0,0.04833382709444343,4,1.0422943383536318,-2.4672707522692683,C5: Ladang Berpindah + Agrikultur/Sawit + Pembalakan (emisi tinggi)
Sumatera Barat,Solok Selatan,0.01938959559521526,0.11585105373077516,0.007013005505980551,0.7359383899753092,5.933168786785576e-05,0.12088238086196933,0.0008662426428706941,17.793890748507653,8.123225731299895,152,0.009858680393074352,634.0158295064849,0.518241360052202,4.0990933551708,1.0,0.025914951884680786,1,2.536463484494461,-0.047365529335817884,C2: Agrikultur/Sawit (emisi tinggi)
Sumatera Barat,Tanah Datar,0.009393286110254173,0.032491530643666076,0.04311672312903555,0.5023098244532641,0.01894056051739776,0.3922081921773341,0.0015398829688941268,15.403526039929078,5.5636004440563385,125,0.002333536957849692,753.5066974595843,0.1227837775702652,-1.7111376621509935,0.0,-0.008616367567008251,0,-0.15148920947945413,-1.3711319788807834,C1: Agrikultur/Sawit (emisi rendah)
Sumatera Selatan,Banyu Asin,0.0006923092015460619,0.05547442800404719,0.0034615460077303093,0.8552597280654278,0.003102778486281338,0.00042323356045933337,0.08158597667450514,19.37389445505605,9.566060460185247,58,0.018166112516993585,727.0719438978861,0.08770772894864598,3.567619413738499,1.0,-0.00599359052039565,1,1.8929906432805534,2.6191115054256233,C2: Agrikultur/Sawit (emisi tinggi)
Sumatera Selatan,Empat Lawang,0.0,0.0013964899037553992,0.0013210039630118641,0.715719947159828,0.0010945461407812589,0.28046801283260464,0.0,17.394568505423955,7.659454346491698,105,0.009646911040515509,676.3367552980695,0.1426006967625105,-0.009161743689638537,0.0,0.041945234571690165,0,0.5982869012378557,0.38875429418717783,C1: Agrikultur/Sawit (emisi rendah)
Sumatera Selatan,Lahat,0.08617926851193154,0.050324002782749684,0.0018838280010317913,0.7306516794209321,0.004940163056647686,0.12530973728025166,0.0007113209464476889,18.304838688374815,8.540565908937978,103,0.0136671117995833,696.1634852890598,0.03311810579176805,2.7052641418727634,1.0,0.006748562185502616,1,1.6712265038538383,1.5485765651709615,C2: Agrikultur/Sawit (emisi tinggi)
Sumatera Selatan,Lubuklinggau,0.011441647597252866,0.0,0.0,0.7501741120285792,0.03551885384538498,0.2028653865286834,0.0,15.75504643444132,5.9990358126043,100,0.011933157222997188,691.9539395145244,0.0,2.2340090825442998,1.0,0.05268655953990108,1,0.6815409547957623,1.2685405950315016,C2: Agrikultur/Sawit (emisi tinggi)
Sumatera Selatan,Muara Enim,0.020490118501937757,0.04628157695259674,0.0006392023515042626,0.89916048256213,0.0019936459959556743,0.010296147914750817,0.02113882572112238,19.39922356882829,9.731184443087242,82,0.022667323788902127,632.209182630846,0.017138231822910046,6.70668514149673,1.0,-0.012523549661989873,1,2.1675723781875567,3.0614714371076643,C2: Agrikultur/Sawit (emisi tinggi)
Sumatera Selatan,Musi Banyuasin,0.002205395959794028,0.09479231176877212,0.0002407691706246716,0.8073672884054741,0.0006056461611589677,0.004549792677886835,0.090238795856288,20.252617902580702,10.380685242362103,83,0.025011380435583885,775.1733014624847,0.13592038262387815,12.352573887468328,1.0,-0.0024715299962463737,1,3.300057036901399,2.665558505037741,C2: Agrikultur/Sawit (emisi tinggi)
Sumatera Selatan,Musi Rawas,0.005070375252802309,0.020727743161031965,0.001267082067615918,0.9235206458638656,8.802024056136426e-05,0.0374024612915639,0.011923672122556902,19.58304789365166,9.880319227628792,108,0.017534441280902438,654.5198833222455,0.035827671517305544,6.26227328157009,1.0,0.020821490508429023,1,2.28816100337039,2.4451477074773056,C2: Agrikultur/Sawit (emisi tinggi)
Sumatera Selatan,Ogan Ilir,0.0029241566116719572,0.0,0.0020315193302142018,0.976237379955661,0.0021084708199950427,0.004940285643929991,0.011758187638512501,17.17969337513661,7.863282108506616,52,0.018368812371017406,444.9245425304338,0.0008917621545568875,0.6665889237554067,1.0,0.01725528656045617,1,0.5032860778689191,3.402231761330708,C2: Agrikultur/Sawit (emisi tinggi)
Sumatera Selatan,Ogan Komering Ilir,0.000188819994707721,0.27605084310787037,0.004507744944078692,0.46652367762842023,0.0004667311136789442,0.0011209525037930198,0.25114123070744965,20.504998944130275,10.311700880825413,39,0.022353655428245682,1068.9735306632626,0.016497940709111706,12.024660569765722,1.0,-0.01489123359942199,3,3.4798525294421117,1.6208937751347805,C4: Agrikultur/Sawit + Kebakaran (emisi tinggi)
Sumatera Selatan,Ogan Komering Ulu,0.003115174940148237,0.026623208053303916,0.0005264068764602345,0.9321151460959292,0.004672762410222356,0.032182929995096254,0.0007643716288326692,18.156635819967537,8.621199991214066,96,0.01673991900194946,553.7609192584207,0.06103923848591642,3.693824954883724,1.0,-0.007455355815269815,1,1.4546558303914847,2.524692870670755,C2: Agrikultur/Sawit (emisi tinggi)
Sumatera Selatan,Ogan Komering Ulu Selatan,0.0029955702571101074,0.00637281548906436,0.0007517840413596795,0.8026624720972368,0.0004973340581302495,0.18652340361550077,0.0001966204415863777,17.824469475522974,8.148862005241709,101,0.008697852220713191,637.1525872637691,0.11133717868492765,0.9778658015190382,1.0,0.037760167000152035,1,1.2231053177298368,1.2284358058724476,C2: Agrikultur/Sawit (emisi tinggi)
Sumatera Selatan,Ogan Komering Ulu Timur,0.00019790503385589406,0.039510326401944566,0.00012722466462164618,0.9447844955541914,0.0009047087261983729,0.000735075840036178,0.013740263779137786,17.385432474464352,7.94825811347948,72,0.01729407953843986,502.01887139181815,0.014273580668056172,0.8304353406389233,1.0,-0.0246603928922411,1,0.763869306940945,2.9073252263293656,C2: Agrikultur/Sawit (emisi tinggi)
Sumatera Selatan,Pagar Alam,0.0,0.0,0.0062524423602957685,0.7295818679170125,0.01758499413833185,0.23134036733094346,0.015240328253220936,15.00145217307073,5.326516020906715,104,0.0038274005384384678,639.5325258839617,0.06038002972154855,-7.804217768471433,0.0,0.05915923162826533,0,-0.9075944251567665,-0.016397262774159434,C1: Agrikultur/Sawit (emisi rendah)
Sumatera Selatan,Palembang,0.0,0.0,0.0,0.5234899328857533,0.47651006711395494,0.0,0.0,14.231986820192201,4.9278332273351175,39,0.01448589242312158,442.41744457409567,0.0,-1.4601077882278348,0.0,0.05923517474144005,0,-2.0745418220262897,1.9137838662299278,C1: Agrikultur/Sawit (emisi rendah)
Sumatera Selatan,Prabumulih,0.007229271171436647,0.0,0.0,0.9474771318972682,0.045293596931245926,0.0,0.0,16.157839400381203,6.702402528676476,70,0.022745602505662862,511.701008114089,0.0,3.2012919824379877,1.0,0.01935942758481672,1,0.6532582927951944,3.30344451587466,C2: Agrikultur/Sawit (emisi tinggi)
Sumatera Utara,Asahan,0.0009376771773736249,0.019618532571561344,0.0012793114978120774,0.9557692587262059,0.0012720426824835997,0.016340296858417896,0.004782880486138335,17.895004138234587,8.613223112144912,93,0.0162763238843405,429.69670361620933,0.08138833845395278,0.17575481520041644,1.0,-0.03466117069495967,1,0.9934764261173563,2.6980083039725606,C2: Agrikultur/Sawit (emisi tinggi)
Sumatera Utara,Batu Bara,0.0019263810069244584,0.0,0.004789920341541897,0.9857343676783992,0.006195657833081366,0.0,0.0013536731400009708,15.393637147389011,6.6454550124667335,66,0.015683984893334644,252.2838400666389,0.0013343981046295957,-5.854894355414923,0.0,0.015007466512996467,0,-1.1875973346722404,2.786783875779026,C1: Agrikultur/Sawit (emisi rendah)
Sumatera Utara,Dairi,0.0007217238890607031,0.08935629102656324,0.004433446747087177,0.8302917826579774,3.4367804240985865e-05,0.07516238787503608,0.0,16.82046973244226,7.060373356402649,116,0.0072185767269930205,693.7037253419479,0.28037640790422896,1.1723705918106604,1.0,0.027163319489979056,1,1.3496320549727598,0.6267289691607206,C2: Agrikultur/Sawit (emisi tinggi)
Sumatera Utara,Deli Serdang,0.009802874085153861,0.0025642395427105465,0.0024039745712911374,0.9437469950317607,0.022169987713018268,0.019311929056038804,0.0,16.735755685664646,7.312233233347665,99,0.010218910361393108,495.3613077272363,0.0327219568681933,-2.1470821050333004,0.0,0.02585090318803429,0,-0.24262739867479868,1.745079759967867,C1: Agrikultur/Sawit (emisi rendah)
Sumatera Utara,Gunungsitoli,0.0,0.0006765899864677425,0.006765899864677425,0.8071718538560168,0.16644113667106467,0.01894451962109679,0.0,13.692163697902757,4.0963425648847736,96,0.002056061765319556,597.6713995943205,0.041846195451623464,-5.033943103568199,0.0,-0.011254853806899995,0,-1.8106855787339673,0.604832532137127,C1: Agrikultur/Sawit (emisi rendah)
Sumatera Utara,Humbang Hasundutan,0.005548543178710279,0.44985274008624043,0.008572630693173227,0.3702534974229418,0.0008940780477542629,0.16487851057115377,0.0,17.14107543159925,7.327859378940443,132,0.006907807795534075,731.4077414604644,0.3878689020646667,2.068477722828481,1.0,0.0038757321141609214,4,2.277125373659071,-1.6069080461287488,C5: Ladang Berpindah + Agrikultur/Sawit + Pembalakan (emisi tinggi)
Sumatera Utara,Karo,0.018931831146605144,0.002032230462064959,0.005918425556189179,0.9173203080433215,0.00032087849401025667,0.027595550484882072,0.027880775812891192,16.656009357347408,7.023687714444903,114,0.0074948561045345965,610.5138864130629,0.20519909166885916,1.160836918472597,1.0,0.020905742215784957,1,1.0075998550053624,1.3473769679846086,C2: Agrikultur/Sawit (emisi tinggi)
Sumatera Utara,Kota Binjai,0.0,0.0,0.0,0.70999999999645,0.28999999999855003,0.0,0.0,11.642189013289537,2.1972245773362196,74,0.003005259203606248,566.1592039800995,0.0,-7.631855747558227,0.0,0.07298190375204444,0,-2.8430270014349848,0.6765232483845554,C1: Agrikultur/Sawit (emisi rendah)
Sumatera Utara,Kota Medan,0.0,0.0,0.003184713375786036,0.5350318471320541,0.4617834394889752,0.0,0.0,12.28526268209069,2.6071242825122494,49,0.003530073074761052,687.2412698412699,0.0,-14.351039910061832,0.0,0.008809224686614707,2,-3.460630953683854,0.40421537604673335,C3: Infrastruktur + Agrikultur/Sawit (emisi rendah)
Sumatera Utara,Kota Tanjungbalai,0.0,0.0,0.0,0.6724324324317055,0.32756756756721345,0.0,0.0,13.714201822746546,3.6375861597263857,59,0.009770266701874796,975.8671706263499,0.0,-9.351993662529708,0.0,-0.010272634551415711,0,-1.9385955019859054,0.6811793990912182,C1: Agrikultur/Sawit (emisi rendah)
Sumatera Utara,Labuhanbatu,0.0,0.0027963124133707023,0.000499629307288137,0.9828756084195517,0.005012410147310019,0.0025464977597266336,0.006269541952744687,17.965388261207917,8.510104123244101,72,0.022525424421058326,511.11861265341315,0.17668873209241032,6.737228794830254,1.0,-0.04777582800319377,1,1.581398141064212,3.2963368954430923,C2: Agrikultur/Sawit (emisi tinggi)
Sumatera Utara,Labuhanbatu Selatan,0.0003537987617043319,0.047933632232286895,0.0,0.9421966023118862,0.0030987891542379417,0.006417177539878572,0.0,17.568977946057448,8.788501949750072,82,0.025219411262470435,260.2770227405817,0.019436859204651918,1.9118432084426222,1.0,-0.017065064063825422,1,1.05730019731508,3.6330494628048475,C2: Agrikultur/Sawit (emisi tinggi)
Sumatera Utara,Labuhanbatu Utara,0.0,0.04425308404870122,0.004680786443584869,0.8792642947108821,0.0010630030282187011,0.07073883176860415,0.0,17.537386708662638,8.407128294153821,90,0.014893401893155711,369.2954228749062,0.164255434770858,1.0520019157725287,1.0,0.012251841103902912,1,1.0367961868567879,2.28851633932851,C2: Agrikultur/Sawit (emisi tinggi)
Sumatera Utara,Lake Toba,0.0,0.0,0.0,0.999999999993007,0.0,0.0,0.0,11.358748118120742,1.9050881545350582,92,0.0048270042194092245,595.2152777777778,0.0,-0.41687763713080167,0.0,0.062058573366541185,0,-1.8406679236446113,1.1837614440009676,C1: Agrikultur/Sawit (emisi rendah)
Sumatera Utara,Langkat,0.001009097163825388,0.006604999617766175,0.009915144102132789,0.9611115358152973,0.0010855439186606445,0.019302805595902306,0.0009708737864077596,17.592964375301566,8.562816441440654,109,0.010216378539435045,334.1050752612548,0.06912224812101436,-1.391195685706364,0.0,0.04702876567392664,0,0.09727585401606503,1.883731227260139,C1: Agrikultur/Sawit (emisi rendah)
Sumatera Utara,Mandailing Natal,0.005361282566052466,0.09348880285781619,0.00499312582331925,0.8067004527177399,0.0006787889944143681,0.07380967446890471,0.014967872571747337,18.614109412765142,8.847152838517337,137,0.011267960765440099,697.9997814081914,0.5863793281740948,5.1456760475053835,1.0,-0.0062788833607880625,1,2.825843315293898,0.3642435666343081,C2: Agrikultur/Sawit (emisi tinggi)
Sumatera Utara,Nias,0.0,0.00850365507981374,0.008205281217364134,0.9115321497835429,0.00014918693122480245,0.07160972698790517,0.0,15.169829614451151,5.5951573767845835,95,0.003552575789696796,577.8820107398568,0.16120978490227927,-4.013448696205216,0.0,0.052210116857910924,0,-0.7332758812665648,0.7224356871669481,C1: Agrikultur/Sawit (emisi rendah)
Sumatera Utara,Nias Barat,0.0,0.0,0.010701107011066162,0.9206642066417267,0.01918819188191174,0.03837638376382348,0.011070110701102927,14.271855074821143,4.695010889987881,92,0.002454932512002856,582.1811139800811,0.0016761961195915793,-4.9605263157894735,0.0,-0.02736515903444238,0,-1.5043539228205849,0.9437174728588886,C1: Agrikultur/Sawit (emisi rendah)
Sumatera Utara,Nias Selatan,9.022420715477556e-05,0.3225966526819,0.006586367122298616,0.3566562908828278,0.00875174809401323,0.29877746199303923,0.006541255018721228,16.443245819896873,6.788611317686412,107,0.00387446908919296,624.4308913749549,0.2731263643282144,-2.552361351441106,0.0,0.029377357932866804,4,0.49804766440524983,-1.666588108252164,C5: Ladang Berpindah + Agrikultur/Sawit + Pembalakan (emisi tinggi)
Sumatera Utara,Nias Utara,0.0,0.00360306260321246,0.0008257018465695221,0.9461792523644388,0.0004503828254015575,0.04894160036030259,0.0,15.870221042564758,6.280171094605951,92,0.004751493535443548,585.797267882609,0.1387575703943531,-3.087926883637985,0.0,0.0022964261736457387,0,-0.5787323050282002,1.0893370591007303,C1: Agrikultur/Sawit (emisi rendah)
Sumatera Utara,Padang Lawas,0.0004018547140649119,0.1622797527047901,0.0031916537867078577,0.7521561051004578,0.00016228748068006056,0.041213292117464904,0.04059505409582658,18.389275191917655,8.551981016901902,130,0.017884970888547153,748.8987488504725,0.44876984828790895,6.672590314611012,1.0,-0.017042429408040124,1,2.9934076419709172,0.750864035908183,C2: Agrikultur/Sawit (emisi tinggi)
Sumatera Utara,Padang Lawas Utara,0.0,0.05513120290984614,0.0012159002338269554,0.7781034034814156,1.0392309690828678e-05,0.16263964666146882,0.002899454403741201,17.8047822113139,8.25582842728183,110,0.014615974664124929,561.3403030366013,0.18770492516677792,2.710152577256951,1.0,0.013987774712897355,1,1.654275717782232,1.400868267459899,C2: Agrikultur/Sawit (emisi tinggi)
Sumatera Utara,Padangsidimpuan,0.0,0.0,0.0,0.8757309941514066,0.1096491228069374,0.014619883040924986,0.0,13.713035874284905,4.020339148911605,95,0.00609693593314758,659.3133674214755,0.0,-1.9592200557103063,0.0,0.013312965389409712,0,-1.3535999374684118,1.0311200375998189,C1: Agrikultur/Sawit (emisi rendah)
Sumatera Utara,Pakpak Barat,0.0,0.12207455429496777,0.006029173419772705,0.6342301458670577,0.0,0.23766612641813695,0.0,16.281459473433483,6.42648845745769,150,0.0048925541194195,763.2989109295994,0.5379515665754668,1.8249068273729283,1.0,0.0061947705597745015,4,1.9380197459221653,-1.1202355652990075,C5: Ladang Berpindah + Agrikultur/Sawit + Pembalakan (emisi tinggi)
Sumatera Utara,Pematangsiantar,0.0,0.0653889515219105,0.0,0.6054114994356196,0.3291995490413425,0.0,0.0,12.81746732421786,3.5967641652061304,90,0.014411047928513348,415.088963963964,0.0,0.9114541023558083,1.0,-0.02377323401456725,0,-1.131529028338514,1.7130519204928591,C1: Agrikultur/Sawit (emisi rendah)
Sumatera Utara,Samosir,0.0019688790092091475,0.7704668148618119,0.004001270244521816,0.21727532550014497,0.0013337567481739388,0.004699904731660546,0.00025404890441408355,16.34884452832415,6.446988855088883,121,0.008494854260240848,799.912866759812,0.33217696242797573,2.296173404011384,1.0,-0.022135747656772512,4,2.328569162427932,-2.186469783970033,C5: Ladang Berpindah + Agrikultur/Sawit + Pembalakan (emisi tinggi)
Sumatera Utara,Serdang Bedagai,0.0,0.0006026338644782679,1.772452542583141e-05,0.9948953366773429,0.001169818678104873,0.0033144862546304736,0.0,16.35026363927171,7.722128450309451,86,0.019104037924320617,223.5610599078341,0.0037236974061754164,-0.8638872428680268,0.0,0.03495811546773582,0,-0.30858646761908615,3.0022320518388437,C1: Agrikultur/Sawit (emisi rendah)
Sumatera Utara,Sibolga,0.0,0.0,0.04545454545385675,0.04545454545385675,0.8181818181694215,0.0909090909077135,0.0,10.778289400902324,1.2919836816486494,109,0.005019011406844064,715.9253731343283,0.0138888842592608,-2.1254752851711025,0.0,0.06221108966878951,2,-3.022545430585274,-1.3527280647037236,C3: Infrastruktur + Agrikultur/Sawit (emisi rendah)
Sumatera Utara,Simalungun,0.0002292857324829927,0.08957429282335581,0.000798254031607456,0.8749713392834322,0.003923333644708986,0.03033365320108333,0.0001698412833207353,17.44752676055593,8.457714912297872,101,0.014145664656560029,320.9032847025255,0.08845997661582168,-0.12574177738269707,0.0,0.014184063498472902,0,0.27145202224297194,1.8915250957530694,C1: Agrikultur/Sawit (emisi rendah)
Sumatera Utara,Tapanuli Selatan,0.012900439611547134,0.08950579689282016,0.006256436378132301,0.7235098054414306,0.0007197670169532736,0.15456166188667372,0.012546092772431676,18.024462288480844,8.192371226068994,134,0.009419808749938008,745.0720644904106,0.49184399406059226,4.029915744620929,1.0,-0.010959364043383813,1,2.4415522687521927,-0.003995340537636406,C2: Agrikultur/Sawit (emisi tinggi)
Sumatera Utara,Tapanuli Tengah,0.0005071336804381549,0.04616606937588671,0.0035161268510378743,0.8189194671715326,0.007032253702075749,0.11337818648995684,0.010480762729055203,17.41185939570582,7.769479998543778,115,0.011053425700578726,616.4080497658772,0.33810085365132553,2.772624291713574,1.0,0.0010422711559908127,1,1.6601323389248839,0.9968912253502104,C2: Agrikultur/Sawit (emisi tinggi)
Sumatera Utara,Tapanuli Utara,0.012231957862153019,0.30467560348485223,0.012806110986294895,0.6154422227214705,0.002571207468983186,0.05142414937966371,0.0008487480965575564,17.042182871078577,7.379856706310019,132,0.005160214091111032,628.9484023964054,0.25091414103619564,1.6602849395533972,1.0,0.04279000327754297,1,1.6903260788360015,-0.39789299459224386,C2: Agrikultur/Sawit (emisi tinggi)
Sumatera Utara,Tebingtinggi,0.0,0.0,0.0,0.8392857142819675,0.16071428571356824,0.0,0.0,11.444132573485943,2.298577071596507,79,0.00932362122788758,414.8933333333333,0.0,-3.3631633714880333,0.0,-0.007827946235572756,0,-2.477236906437343,1.5583830874979328,C1: Agrikultur/Sawit (emisi rendah)
Sumatera Utara,Toba Samosir,0.0014872202815342066,0.3319959879638802,0.01137896447964544,0.5886279528239688,0.00134887420883335,0.06083768547020161,0.004323314771901763,16.680178792471885,7.0540350644288266,118,0.006280417275328905,606.7382928685066,0.18050221478848638,1.3250772480681194,1.0,0.02223637303220017,1,1.3678776525834595,-0.20483691133539486,C2: Agrikultur/Sawit (emisi tinggi)
Yogyakarta,Bantul,0.19354838709521333,0.0,0.0,0.3306451612876561,0.47580645160906604,0.0,0.0,11.33462381750315,1.7850704810772584,74,0.00024709809196430977,669.344,0.0,-6.094305783888806,0.0,0.06722899351016007,2,-2.964882739591224,-0.11803142835862192,C3: Infrastruktur + Agrikultur/Sawit (emisi rendah)
Yogyakarta,Gunung Kidul,0.01506849315066429,0.0,0.0,0.8369863013687164,0.13013698630119158,0.017808219178057798,0.0,12.964497136755488,3.407841924380824,72,0.0005576563156487174,584.1053351573188,0.0,-6.733738207096749,0.0,0.04076748696379126,0,-2.2948007434346938,0.8593663722781104,C1: Agrikultur/Sawit (emisi rendah)
Yogyakarta,Kota Yogyakarta,0.0,0.0,0.0,0.0,0.0,0.0,0.0,5.402677381872279,0.0,71,0.0,221.0,0.0,-14.418181818181818,0.0,-0.08880550343965514,2,-5.130206816381465,-0.333063424475711,C3: Infrastruktur + Agrikultur/Sawit (emisi rendah)
Yogyakarta,Kulon Progo,0.005988023952059952,0.023952095808239808,0.047904191616479616,0.31137724550711754,0.5089820359250959,0.10179640718501919,0.0,11.573653610839628,2.038619547159581,83,0.00019162913451330408,632.5,0.0,-5.896067012823087,0.0,0.04275152800344269,2,-3.0513182972879647,-0.8302124158286995,C3: Infrastruktur + Agrikultur/Sawit (emisi rendah)
Yogyakarta,Sleman,0.0,0.0,0.04018912529541326,0.5910165484619598,0.3144208037817626,0.0543735224585003,0.0,12.60095528969781,2.8859174075467844,82,0.0006532566310180535,700.0966981132076,0.0,-6.42554341531215,0.0,-0.023712394973334636,0,-2.5663580694852133,-0.13364405251122727,C1: Agrikultur/Sawit (emisi rendah)
