subnational1,subnational2,year,forecast_Mg_CO2e,p10,p90,method
Aceh,Aceh Barat,2026,2331359.584244501,669546.0198653692,5437595.139393351,HistGB-lag
Aceh,Aceh Barat Daya,2026,629509.0916392115,180788.9681759423,1468249.628898658,HistGB-lag
Aceh,Aceh Besar,2026,954129.9029956732,274017.3165913939,2225385.5616787216,HistGB-lag
Aceh,Aceh Jaya,2026,1912968.960944116,549387.7754206703,4461753.284044408,HistGB-lag
Aceh,Aceh Selatan,2026,2030048.312549889,583011.9738759332,4734825.684168447,HistGB-lag
Aceh,Aceh Singkil,2026,685281.8282514416,196806.42589604697,1598332.3022249476,HistGB-lag
Aceh,Aceh Tamiang,2026,1492709.2231228887,428692.73711161816,3481551.9615365434,HistGB-lag
Aceh,Aceh Tengah,2026,2038865.315055587,585544.1423408765,4755390.198774214,HistGB-lag
Aceh,Aceh Tenggara,2026,626852.2046396731,180025.93272587852,1462052.7846227754,HistGB-lag
Aceh,Aceh Timur,2026,4848200.354446417,1392361.3786531389,11307799.75210137,HistGB-lag
Aceh,Aceh Utara,2026,2947306.665696929,846440.8063554176,6874211.806420726,HistGB-lag
Aceh,Banda Aceh,2026,12.418592796647513,2.8537062342476425,30.297127042570683,HistGB-lag
Aceh,Bener Meriah,2026,1101317.8933014674,316288.46114759013,2568682.4558874797,HistGB-lag
Aceh,Bireuen,2026,1906477.9036279032,547523.5987200703,4446613.7348722415,HistGB-lag
Aceh,Gayo Lues,2026,961150.5237877627,276033.57943838363,2241760.2489635637,HistGB-lag
Aceh,Langsa,2026,23134.542683382013,6643.33196705445,53959.6521737157,HistGB-lag
Aceh,Lhokseumawe,2026,26492.530225676634,7607.717556689436,61791.722519036965,HistGB-lag
Aceh,Nagan Raya,2026,2584954.415694789,742376.3082378667,6029072.187509894,HistGB-lag
Aceh,Pidie,2026,689475.7059763189,198010.87206853012,1608113.9779897332,HistGB-lag
Aceh,Pidie Jaya,2026,476646.69836060505,136888.18313185356,1111717.925837573,HistGB-lag
Aceh,Sabang,2026,23942.436255581655,6875.3521604514945,55843.95913117294,HistGB-lag
Aceh,Simeulue,2026,619453.8108881409,177901.1766835891,1444796.9909146219,HistGB-lag
Aceh,Subulussalam,2026,1143340.1754177585,328356.90476332634,2666693.9778065956,HistGB-lag
Bali,Badung,2026,17843.931367214846,5123.913193337107,41619.987575180865,HistGB-lag
Bali,Bangli,2026,24769.688358154373,7112.931959860523,57773.41734954294,HistGB-lag
Bali,Buleleng,2026,30446.673314989494,8743.313971702437,71014.24834466942,HistGB-lag
Bali,Denpasar,2026,129.4442323907092,36.462479054533716,303.2442508667984,HistGB-lag
Bali,Gianyar,2026,7595.16399478328,2180.5539816050937,17716.067145843324,HistGB-lag
Bali,Jembrana,2026,54431.66174338112,15631.599564357368,126956.12252878692,HistGB-lag
Bali,Karangasem,2026,16370.020885503041,4700.618582778926,38182.28257178917,HistGB-lag
Bali,Klungkung,2026,3194.5392746735865,916.731822644583,7452.180833833046,HistGB-lag
Bali,Tabanan,2026,16818.962756024066,4829.550886744057,39229.38124818214,HistGB-lag
Bangka Belitung,Bangka,2026,3389103.7695547515,973321.193830534,7904646.241388644,HistGB-lag
Bangka Belitung,Bangka Barat,2026,2454978.949631539,705048.4549034747,5725921.273293675,HistGB-lag
Bangka Belitung,Bangka Selatan,2026,3958035.8089822778,1136713.6583334326,9231606.421669303,HistGB-lag
Bangka Belitung,Bangka Tengah,2026,2925936.2183731324,840303.3948303467,6824368.010205631,HistGB-lag
Bangka Belitung,Belitung,2026,1612577.0368152885,463117.7582678936,3761128.0877592205,HistGB-lag
Bangka Belitung,Belitung Timur,2026,1762402.3585819302,506146.32208902074,4110576.215486603,HistGB-lag
Bangka Belitung,Pangkalpinang,2026,45662.30813702467,13113.11545985566,106502.7427997342,HistGB-lag
Banten,Cilegon,2026,456.8099255095479,130.4791342708735,1066.7822642924127,HistGB-lag
Banten,Kota Serang,2026,3321.04939952103,953.0644593232848,7747.249289186362,HistGB-lag
Banten,Kota Tangerang,2026,2.548854623169607,0.019200999166182297,7.277243052244856,HistGB-lag
Banten,Lebak,2026,1039371.0905598449,298497.86391173524,2424199.574212286,HistGB-lag
Banten,Pandeglang,2026,845504.6759898082,242821.07113906508,1972031.3105176007,HistGB-lag
Banten,Serang,2026,37797.54834463124,10854.423039412068,88159.21079812704,HistGB-lag
Banten,Tangerang,2026,1921.4244480543855,551.1040240663829,4482.805648796041,HistGB-lag
Banten,Tangerang Selatan,2026,3.1654014343587535,0.19626802295862758,8.715258511086377,HistGB-lag
Bengkulu,Bengkulu,2026,48220.301235649145,13847.749418924335,112468.9298802208,HistGB-lag
Bengkulu,Bengkulu Selatan,2026,1446734.3340555383,415489.13824676874,3374321.496635004,HistGB-lag
Bengkulu,Bengkulu Tengah,2026,961765.9856095025,276210.334862393,2243195.7338252594,HistGB-lag
Bengkulu,Bengkulu Utara,2026,4776688.78589198,1371823.861661945,11141008.294906199,HistGB-lag
Bengkulu,Kaur,2026,1977377.7582546344,567885.4366506876,4611978.448682395,HistGB-lag
Bengkulu,Kepahiang,2026,180477.73428694578,51830.96435057573,420942.23608002363,HistGB-lag
Bengkulu,Lebong,2026,681531.1613759594,195729.26612678688,1589584.3582732049,HistGB-lag
Bengkulu,Mukomuko,2026,3509268.399196264,1007831.4580142157,8184914.652309756,HistGB-lag
Bengkulu,Rejang Lebong,2026,882463.2589004361,253435.26321792667,2058232.4109009653,HistGB-lag
Bengkulu,Seluma,2026,1919736.2022508138,551331.2698248521,4477536.996547881,HistGB-lag
Gorontalo,Boalemo,2026,351707.66119573155,101006.74953298448,820313.8287028543,HistGB-lag
Gorontalo,Bone Bolango,2026,297970.6094660107,85573.92327473097,694979.1262966193,HistGB-lag
Gorontalo,Danau Limboto,2026,4.242384118863721,0.50556833099767,11.227180916841316,HistGB-lag
Gorontalo,Gorontalo,2026,527391.8061332341,151461.74841880426,1230074.3070779142,HistGB-lag
Gorontalo,Gorontalo Utara,2026,643186.0912398292,184716.88665632656,1500149.4562910404,HistGB-lag
Gorontalo,Kota Gorontalo,2026,3217.1256902332902,923.2184499512467,7504.860718223378,HistGB-lag
Gorontalo,Pohuwato,2026,1983224.8208110945,569564.663509073,4625615.963616234,HistGB-lag
Jakarta Raya,Jakarta Barat,2026,2.2220561756003607,-0.07465274793125545,6.515028065480754,HistGB-lag
Jakarta Raya,Jakarta Pusat,2026,0.3794699216505746,-0.603827918651046,2.2174346478484295,HistGB-lag
Jakarta Raya,Jakarta Selatan,2026,2.978715325883771,0.14265335329988243,8.27983737993137,HistGB-lag
Jakarta Raya,Jakarta Timur,2026,3.4431989516334385,0.27604911777264085,9.363185184323578,HistGB-lag
Jakarta Raya,Jakarta Utara,2026,8.133757362761383,1.6231377778877736,20.303304220527313,HistGB-lag
Jakarta Raya,Kepulauan Seribu,2026,0.14001436059323555,-0.6725975282857078,1.658935613781762,HistGB-lag
Jambi,Batang Hari,2026,6733638.42033775,1933843.2269307433,15705339.46236387,HistGB-lag
Jambi,Bungo,2026,5776982.229117211,1659099.668943108,13474062.99348024,HistGB-lag
Jambi,Jambi,2026,33662.553573641395,9666.887552715865,78514.8718850059,HistGB-lag
Jambi,Kerinci,2026,1738778.6232387894,499361.78532367357,4055476.917262197,HistGB-lag
Jambi,Merangin,2026,8367462.961693811,2403063.801405863,19516023.265874635,HistGB-lag
Jambi,Muaro Jambi,2026,4861218.299116311,1396100.022137722,11338162.419360235,HistGB-lag
Jambi,Sarolangun,2026,6411799.485025795,1841413.8097607722,14954691.894593569,HistGB-lag
Jambi,Sungai Penuh,2026,89022.68010907977,25565.8471523885,207635.18573082713,HistGB-lag
Jambi,Tanjung Jabung B,2026,4217328.349219981,1211180.280426443,9836372.636427525,HistGB-lag
Jambi,Tanjung Jabung T,2026,3194406.14593662,917405.6848572048,7450539.290413453,HistGB-lag
Jambi,Tebo,2026,6675207.829610102,1917062.4560130828,15569057.689089391,HistGB-lag
Jawa Barat,Bandung,2026,134862.21349784892,38730.57301242332,314549.95107037143,HistGB-lag
Jawa Barat,Bandung Barat,2026,61354.74603359944,17619.850753863753,143103.31857541867,HistGB-lag
Jawa Barat,Banjar,2026,3177.7996632779286,911.9243479881907,7413.137861709764,HistGB-lag
Jawa Barat,Bekasi,2026,2634.432082205736,755.8737794673897,6145.803464329483,HistGB-lag
Jawa Barat,Bogor,2026,328625.01904362824,94377.61015059767,766476.5601561061,HistGB-lag
Jawa Barat,Ciamis,2026,151801.72751258544,43595.458008413734,354059.170121349,HistGB-lag
Jawa Barat,Cianjur,2026,330789.48857379024,94999.22747281854,771524.9045609066,HistGB-lag
Jawa Barat,Cimahi,2026,1.24739026539737,-0.3545685447200463,4.241746263285597,HistGB-lag
Jawa Barat,Cirebon,2026,8701.992721874425,2498.4258203646086,20297.60157431133,HistGB-lag
Jawa Barat,Depok,2026,109.40025181183113,30.706017547239178,256.4942662653806,HistGB-lag
Jawa Barat,Garut,2026,161699.2430067129,46437.9406547916,377143.84110882465,HistGB-lag
Jawa Barat,Indramayu,2026,25618.242216087987,7356.629443044501,59752.559149035274,HistGB-lag
Jawa Barat,Karawang,2026,45818.30235147355,13157.91567742232,106866.57906941608,HistGB-lag
Jawa Barat,Kota Bandung,2026,5.184985092405558,0.7762753494753167,13.425675413727769,HistGB-lag
Jawa Barat,Kota Bekasi,2026,20.573903740962272,5.195842485389103,49.318331915830896,HistGB-lag
Jawa Barat,Kota Bogor,2026,2.3413275491715972,-0.04039901932764295,6.79321307249084,HistGB-lag
Jawa Barat,Kota Cirebon,2026,1.5521909459318932,-0.26703237005706076,4.9526543119845865,HistGB-lag
Jawa Barat,Kota Sukabumi,2026,18.92065694441444,4.721044003673637,45.46234822153416,HistGB-lag
Jawa Barat,Kota Tasikmalaya,2026,3834.3344635540793,1100.4755836629813,8944.420117867434,HistGB-lag
Jawa Barat,Kuningan,2026,48758.598204594564,14002.343750575852,113724.4377325736,HistGB-lag
Jawa Barat,Majalengka,2026,35506.06778941799,10196.329226215143,82814.62965322433,HistGB-lag
Jawa Barat,Purwakarta,2026,80606.10711325305,23148.67865219217,188004.6210132459,HistGB-lag
Jawa Barat,Subang,2026,131730.85656712792,37831.273815521774,307246.4672280945,HistGB-lag
Jawa Barat,Sukabumi,2026,513084.71033740335,147352.87164626026,1196704.8620460765,HistGB-lag
Jawa Barat,Sumedang,2026,189304.44036085872,54365.919598148954,441529.382999908,HistGB-lag
Jawa Barat,Tasikmalaya,2026,115306.54918172612,33114.351801155564,268938.90080759936,HistGB-lag
Jawa Barat,Waduk Cirata,2026,4.216242075166966,0.49806055739600547,11.166207991056272,HistGB-lag
Jawa Tengah,Banjarnegara,2026,18498.920199941545,5312.020440221601,43147.664062571865,HistGB-lag
Jawa Tengah,Banyumas,2026,63243.04108821988,18162.153105113866,147507.52184128415,HistGB-lag
Jawa Tengah,Batang,2026,159815.62044630168,45896.980204315754,372750.53582958766,HistGB-lag
Jawa Tengah,Blora,2026,322499.0691460777,92618.28920922612,752188.5766763508,HistGB-lag
Jawa Tengah,Boyolali,2026,44392.03986377783,12748.305167303868,103540.0068311842,HistGB-lag
Jawa Tengah,Brebes,2026,87241.1864150038,25054.21724758592,203480.082784193,HistGB-lag
Jawa Tengah,Cilacap,2026,184883.14013936612,53096.1596102534,431217.2737629416,HistGB-lag
Jawa Tengah,Demak,2026,2503.1297708468815,718.1648673986693,5839.557855579217,HistGB-lag
Jawa Tengah,Grobogan,2026,101220.76280455693,29069.033219795878,236085.6312866019,HistGB-lag
Jawa Tengah,Jepara,2026,86077.0146306325,24719.876968306577,200764.80311314226,HistGB-lag
Jawa Tengah,Karanganyar,2026,28960.113152313235,8316.38647987774,67547.03960134076,HistGB-lag
Jawa Tengah,Kebumen,2026,28222.715694110433,8104.61217352093,65827.15568504756,HistGB-lag
Jawa Tengah,Kendal,2026,109587.78006458152,31471.96973226462,255600.61367877905,HistGB-lag
Jawa Tengah,Klaten,2026,6521.152665029788,1872.107021491832,15211.075039602998,HistGB-lag
Jawa Tengah,Kota Magelang,2026,0.42438025681211744,-0.5909300506542299,2.322182178858269,HistGB-lag
Jawa Tengah,Kota Pekalongan,2026,8.451342673285605,1.714345590034696,21.044030760259115,HistGB-lag
Jawa Tengah,Kota Semarang,2026,20278.275689421687,5823.036270768718,47297.77992435349,HistGB-lag
Jawa Tengah,Kota Tegal,2026,0.2314158303407733,-0.6463478000822047,1.8721176853981731,HistGB-lag
Jawa Tengah,Kudus,2026,3836.9168968169242,1101.2172366302761,8950.443308460595,HistGB-lag
Jawa Tengah,Magelang,2026,11076.973011752894,3180.5000503543984,25836.935018761505,HistGB-lag
Jawa Tengah,Pati,2026,46525.012405714166,13360.876821195381,108514.88859672782,HistGB-lag
Jawa Tengah,Pekalongan,2026,80928.29322058293,23241.207774226135,188756.07831471297,HistGB-lag
Jawa Tengah,Pemalang,2026,87738.67796576682,25197.092608640167,204640.41729190125,HistGB-lag
Jawa Tengah,Purbalingga,2026,12010.419820896443,3448.5780703263426,28014.078614664257,HistGB-lag
Jawa Tengah,Purworejo,2026,10858.709001759558,3117.816474753732,25327.86252859033,HistGB-lag
Jawa Tengah,Rembang,2026,33040.29931155872,9488.18139735252,77063.54453732395,HistGB-lag
Jawa Tengah,Salatiga,2026,2961.50046672122,849.8050501701962,6908.648044004546,HistGB-lag
Jawa Tengah,Semarang,2026,51219.83871523408,14709.191185591844,119464.96195230041,HistGB-lag
Jawa Tengah,Sragen,2026,8708.999575738724,2500.4381294665036,20313.944152022945,HistGB-lag
Jawa Tengah,Sukoharjo,2026,1068.6569436097025,306.19641728191215,2493.8360654095286,HistGB-lag
Jawa Tengah,Surakarta,2026,0.7654187148459892,-0.4929866931233501,3.1176101428214604,HistGB-lag
Jawa Tengah,Tegal,2026,48069.36859887893,13804.402843609962,112116.89908388816,HistGB-lag
Jawa Tengah,Temanggung,2026,20168.812591590216,5791.599395909635,47042.47144817998,HistGB-lag
Jawa Tengah,Waduk Kedungombo,2026,0.2907299776706467,-0.6293132791895724,2.010460239832688,HistGB-lag
Jawa Tengah,Wonogiri,2026,38032.71840024892,10921.961888170385,88707.71444667011,HistGB-lag
Jawa Tengah,Wonosobo,2026,17523.509807089475,5031.890834319625,40872.64585117178,HistGB-lag
Jawa Timur,Bangkalan,2026,9553.046691438693,2742.8413144401443,22282.574559868473,HistGB-lag
Jawa Timur,Banyuwangi,2026,616833.7769678222,177148.72512583743,1438686.1016654493,HistGB-lag
Jawa Timur,Batu,2026,1654.1709912669473,474.35109414639174,3859.4716288731465,HistGB-lag
Jawa Timur,Blitar,2026,170128.5311469478,48858.76083680119,396804.06225133344,HistGB-lag
Jawa Timur,Bojonegoro,2026,197657.42253850735,56764.825353796165,461011.6303830696,HistGB-lag
Jawa Timur,Bondowoso,2026,98679.41996128821,28339.181073085525,230158.27876686674,HistGB-lag
Jawa Timur,Gresik,2026,16853.556936333818,4839.486042415647,39310.06768620852,HistGB-lag
Jawa Timur,Jember,2026,462959.9039987993,132957.45167898957,1079795.2534352927,HistGB-lag
Jawa Timur,Jombang,2026,20057.80715441095,5759.719574249051,46783.56566554951,HistGB-lag
Jawa Timur,Kediri,2026,68950.40680319864,19801.26021345685,160819.21201379836,HistGB-lag
Jawa Timur,Kota Blitar,2026,44.022867733448635,11.93018639863983,104.0099986361195,HistGB-lag
Jawa Timur,Kota Kediri,2026,9.939755858687578,2.141805254296438,24.515561438722,HistGB-lag
Jawa Timur,Kota Madiun,2026,0.6051983116008397,-0.5390006363286142,2.743916835992138,HistGB-lag
Jawa Timur,Kota Malang,2026,239.77934170489172,68.14978822801811,560.5865807066778,HistGB-lag
Jawa Timur,Kota Mojokerto,2026,0.29421501033288083,-0.6283124073171982,2.0185886264400152,HistGB-lag
Jawa Timur,Kota Pasuruan,2026,12.148436381020314,2.776119599128598,29.667022247724955,HistGB-lag
Jawa Timur,Kota Probolinggo,2026,4.608814826951215,0.610804127744506,12.081833010179945,HistGB-lag
Jawa Timur,Lamongan,2026,17753.271241235147,5097.876372786674,41408.53459173606,HistGB-lag
Jawa Timur,Lumajang,2026,178716.48426849733,51325.148258007575,416834.34888078755,HistGB-lag
Jawa Timur,Madiun,2026,29998.10838897131,8614.489923006884,69968.02884243222,HistGB-lag
Jawa Timur,Magetan,2026,3332.7586659162525,956.4272614881294,7774.559634130887,HistGB-lag
Jawa Timur,Malang,2026,197955.23116685683,56850.35347027421,461706.23037705384,HistGB-lag
Jawa Timur,Mojokerto,2026,12203.35356614701,3503.9870083674923,28464.071548156848,HistGB-lag
Jawa Timur,Nganjuk,2026,49520.15064099649,14221.055162148146,115500.66000214014,HistGB-lag
Jawa Timur,Ngawi,2026,87687.99302273389,25182.536322157033,204522.2012371117,HistGB-lag
Jawa Timur,Pacitan,2026,27937.077952591302,8022.579432688097,65160.94270579159,HistGB-lag
Jawa Timur,Pamekasan,2026,397.1150973175697,113.33528505791853,927.551821128839,HistGB-lag
Jawa Timur,Pasuruan,2026,38885.815794254995,11166.96423644367,90697.45345466539,HistGB-lag
Jawa Timur,Ponorogo,2026,59353.03939477702,17044.97755590129,138434.5975011169,HistGB-lag
Jawa Timur,Probolinggo,2026,46499.37092125093,13353.512803967284,108455.08316042255,HistGB-lag
Jawa Timur,Sampang,2026,3618.086738378129,1038.3710679897258,8440.050350480982,HistGB-lag
Jawa Timur,Sidoarjo,2026,665.1928617139254,190.32494914367226,1552.8084316206068,HistGB-lag
Jawa Timur,Situbondo,2026,16546.511638205713,4751.30523258525,38593.92435814358,HistGB-lag
Jawa Timur,Sumenep,2026,4370.523834586866,1254.4646310392918,10195.01227148594,HistGB-lag
Jawa Timur,Surabaya,2026,79.49804322729163,22.11835642760201,186.75124364697365,HistGB-lag
Jawa Timur,Trenggalek,2026,36100.25753305767,10366.975489507546,84200.50015215845,HistGB-lag
Jawa Timur,Tuban,2026,42913.80716723837,12323.769253243934,100092.22082238336,HistGB-lag
Jawa Timur,Tulungagung,2026,61765.47008299594,17737.807223197124,144061.27914164236,HistGB-lag
Kalimantan Barat,Bengkayang,2026,5130608.488253249,1473466.6034965024,11966480.090312112,HistGB-lag
Kalimantan Barat,Kapuas Hulu,2026,9019069.693644315,2590199.7375841155,21035811.4419302,HistGB-lag
Kalimantan Barat,Kayong Utara,2026,3725034.501145511,1069797.6555747278,8688161.095995935,HistGB-lag
Kalimantan Barat,Ketapang,2026,15795331.558855033,4536284.769792657,36840563.22799024,HistGB-lag
Kalimantan Barat,Kota Pontianak,2026,20364.9284683541,5847.922215177892,47499.88629064229,HistGB-lag
Kalimantan Barat,Kubu Raya,2026,4681332.510414319,1344438.3467385988,10918602.151940424,HistGB-lag
Kalimantan Barat,Landak,2026,8231137.973800277,2363912.4191640303,19198062.915647242,HistGB-lag
Kalimantan Barat,Melawi,2026,7406185.558469474,2126993.070459132,17273968.4194543,HistGB-lag
Kalimantan Barat,Pontianak,2026,1558223.0089518088,447507.7416880407,3634354.368554942,HistGB-lag
Kalimantan Barat,Sambas,2026,4378349.2002383005,1257424.1054546675,10211932.883853938,HistGB-lag
Kalimantan Barat,Sanggau,2026,15426061.06847768,4430233.411616975,35979287.71083618,HistGB-lag
Kalimantan Barat,Sekadau,2026,6299731.63256123,1809228.8714258568,14693308.166126287,HistGB-lag
Kalimantan Barat,Singkawang,2026,403553.6026753703,115896.46493968791,941237.761764996,HistGB-lag
Kalimantan Barat,Sintang,2026,12594047.367654098,3616903.055764367,29373983.121585894,HistGB-lag
Kalimantan Selatan,Balangan,2026,933393.0942706304,268061.88070678577,2177019.645299822,HistGB-lag
Kalimantan Selatan,Banjar,2026,2117169.533144657,608032.4507641806,4938024.629868588,HistGB-lag
Kalimantan Selatan,Banjar Baru,2026,53178.983235076565,15271.840903362201,124034.41240522607,HistGB-lag
Kalimantan Selatan,Banjarmasin,2026,456.3028105206082,130.33349513985777,1065.5994843635067,HistGB-lag
Kalimantan Selatan,Barito Kuala,2026,827861.1436389805,237753.998037963,1930880.0600227264,HistGB-lag
Kalimantan Selatan,Hulu Sungai Selatan,2026,527425.8026166871,151471.51192099936,1230153.5994655555,HistGB-lag
Kalimantan Selatan,Hulu Sungai Tengah,2026,536521.762017912,154083.79444437404,1251368.7448439384,HistGB-lag
Kalimantan Selatan,Hulu Sungai Utara,2026,184931.3842516914,53110.014910824124,431329.7968967293,HistGB-lag
Kalimantan Selatan,Kota Baru,2026,5977489.819586146,1716683.751202252,13941720.938467871,HistGB-lag
Kalimantan Selatan,Tabalong,2026,1377469.2556166942,395596.79419545253,3212769.686220448,HistGB-lag
Kalimantan Selatan,Tanah Bumbu,2026,3644997.5405113157,1046811.7181638175,8501485.26768587,HistGB-lag
Kalimantan Selatan,Tanah Laut,2026,1532415.0915681964,440095.9263344201,3574160.7490525385,HistGB-lag
Kalimantan Selatan,Tapin,2026,896504.1522161552,257467.6888921532,2090980.9731796442,HistGB-lag
Kalimantan Tengah,Barito Selatan,2026,3087018.6774729732,886564.9131779404,7200071.9504904095,HistGB-lag
Kalimantan Tengah,Barito Timur,2026,1732163.9259180655,497462.10026065394,4040048.993818051,HistGB-lag
Kalimantan Tengah,Barito Utara,2026,5193814.728414382,1491618.9004954218,12113900.446394468,HistGB-lag
Kalimantan Tengah,Gunung Mas,2026,6044817.502141659,1736019.6915600554,14098754.024302963,HistGB-lag
Kalimantan Tengah,Kapuas,2026,12416089.726638181,3565795.1280548098,28958920.008525126,HistGB-lag
Kalimantan Tengah,Katingan,2026,8509073.828957886,2443733.243446694,19846312.244051218,HistGB-lag
Kalimantan Tengah,Kotawaringin Barat,2026,3548888.6712079234,1019210.06466603,8277323.797247809,HistGB-lag
Kalimantan Tengah,Kotawaringin Timur,2026,9417547.92845331,2704639.312654839,21965210.23415171,HistGB-lag
Kalimantan Tengah,Lamandau,2026,5846232.366601708,1678987.7220788428,13635579.956056943,HistGB-lag
Kalimantan Tengah,Murung Raya,2026,4590916.690723567,1318471.688885779,10707718.981223252,HistGB-lag
Kalimantan Tengah,Palangka Raya,2026,831164.8406195779,238702.79183796374,1938585.5046754435,HistGB-lag
Kalimantan Tengah,Pulang Pisau,2026,4187416.0182526163,1202589.7122441663,9766606.004664253,HistGB-lag
Kalimantan Tengah,Seruyan,2026,6463811.166981588,1856351.124428881,15076002.395816537,HistGB-lag
Kalimantan Tengah,Sukamara,2026,1652613.1051609127,474615.77810622146,3854507.0237092776,HistGB-lag
Kalimantan Timur,Balikpapan,2026,223259.91195297113,64117.64353406232,520726.1157954846,HistGB-lag
Kalimantan Timur,Berau,2026,15320909.71342132,4400034.832774824,35734035.815367706,HistGB-lag
Kalimantan Timur,Bontang,2026,46302.64946228059,13297.016066616874,107996.25587601963,HistGB-lag
Kalimantan Timur,Kutai Barat,2026,12586018.324583232,3614597.182577354,29355256.42014803,HistGB-lag
Kalimantan Timur,Kutai Kartanegara,2026,15829084.234621972,4545978.252484679,36919286.965830214,HistGB-lag
Kalimantan Timur,Kutai Timur,2026,18956051.228392128,5444016.69666411,44212531.84963059,HistGB-lag
Kalimantan Timur,Paser,2026,6502262.569610666,1867394.041690985,15165685.304545082,HistGB-lag
Kalimantan Timur,Penajam Paser Utara,2026,1951028.8220844367,560318.2452824353,4550522.973041067,HistGB-lag
Kalimantan Timur,Samarinda,2026,239478.92065037158,68775.60550352492,558554.8496574974,HistGB-lag
Kepulauan Riau,Batam,2026,188630.30344472965,54172.31318384058,439957.0460918643,HistGB-lag
Kepulauan Riau,Bintan,2026,344234.9801946124,98860.65882161335,802884.7696215578,HistGB-lag
Kepulauan Riau,Karimun,2026,346634.16528541985,99549.68446548478,808480.5576243356,HistGB-lag
Kepulauan Riau,Kepulauan Anambas,2026,50796.4468773906,14587.596634676294,118477.45541278565,HistGB-lag
Kepulauan Riau,Lingga,2026,546237.8042281312,156874.15950017108,1274030.152937355,HistGB-lag
Kepulauan Riau,Natuna,2026,312787.63401209825,89829.24726671645,729537.913990635,HistGB-lag
Kepulauan Riau,Tanjungpinang,2026,23085.433322410117,6629.22817439859,53845.110959699516,HistGB-lag
Lampung,Bandar Lampung,2026,8599.87255271554,2469.0977724467716,20059.41952674425,HistGB-lag
Lampung,Lampung Barat,2026,1284910.540195106,369014.71483290987,2996888.489186857,HistGB-lag
Lampung,Lampung Selatan,2026,543781.1976781752,156168.64289942704,1268300.4368298065,HistGB-lag
Lampung,Lampung Tengah,2026,383691.13072729186,110192.13117430214,894911.1224996762,HistGB-lag
Lampung,Lampung Timur,2026,319554.0403178568,91772.50186569864,745319.6789627329,HistGB-lag
Lampung,Lampung Utara,2026,857640.2691223364,246306.31073310072,2000336.0072739238,HistGB-lag
Lampung,Mesuji,2026,1074546.038032139,308599.8109949778,2506240.5763083613,HistGB-lag
Lampung,Metro,2026,127.5526487173835,35.91923223983661,298.8323773244015,HistGB-lag
Lampung,Pesawaran,2026,323182.4905683837,92814.56205509542,753782.5684906691,HistGB-lag
Lampung,Pringsewu,2026,183899.13694776638,52813.562225307425,428922.2139631177,HistGB-lag
Lampung,Tanggamus,2026,838986.9008622774,240949.2213092778,1956829.4455163614,HistGB-lag
Lampung,Tulang Bawang Barat,2026,200155.9212392489,57482.37302553958,466839.05449808884,HistGB-lag
Lampung,Tulangbawang,2026,599997.9451749916,172313.61678608772,1399418.7079474423,HistGB-lag
Lampung,Way Kanan,2026,2096618.8104206477,602130.4572034553,4890092.734948083,HistGB-lag
Maluku Utara,Halmahera Barat,2026,297506.34894813463,85440.59158495042,693896.2988624008,HistGB-lag
Maluku Utara,Halmahera Selatan,2026,1573268.7831889852,451828.7606544539,3669446.6852300847,HistGB-lag
Maluku Utara,Halmahera Tengah,2026,909237.1267266269,261124.4913598293,2120678.984507897,HistGB-lag
Maluku Utara,Halmahera Timur,2026,1117218.0076503577,320854.83936028,2605767.410048466,HistGB-lag
Maluku Utara,Halmahera Utara,2026,825001.3756223697,236932.69687761567,1924210.0220921836,HistGB-lag
Maluku Utara,Kepulauan Sula,2026,1686282.3218589704,484285.2920603193,3933036.104097366,HistGB-lag
Maluku Utara,Pulau Morotai,2026,326887.11328331236,93878.49833130634,762423.1204107542,HistGB-lag
Maluku Utara,Ternate,2026,5088.90443387218,1460.7774565331865,11870.541831215014,HistGB-lag
Maluku Utara,Tidore Kepulauan,2026,137557.52915206144,39504.644846729156,320836.42519832874,HistGB-lag
Maluku,Ambon,2026,30328.92626241735,8709.49801518314,70739.61861865528,HistGB-lag
Maluku,Buru,2026,424676.6882132954,121962.83625430039,990504.6187022373,HistGB-lag
Maluku,Buru Selatan,2026,509699.29807592963,146380.60990948565,1188808.827100796,HistGB-lag
Maluku,Kepulauan Aru,2026,204638.7780448149,58769.811543173506,477294.73648230586,HistGB-lag
Maluku,Maluku Barat Daya,2026,205758.62097913027,59091.42095205485,479906.6248609255,HistGB-lag
Maluku,Maluku Tengah,2026,831274.5379076449,238734.29597027556,1938841.3593699622,HistGB-lag
Maluku,Maluku Tenggara,2026,182013.81953662797,52272.11502805325,424524.9556644151,HistGB-lag
Maluku,Maluku Tenggara Barat,2026,757205.1821075077,217462.20413922975,1766084.1952195284,HistGB-lag
Maluku,Seram Bagian Barat,2026,447241.814786626,128443.34954433457,1043134.8492934552,HistGB-lag
Maluku,Seram Bagian Timur,2026,436598.2910136556,125386.61963682098,1018310.2107675362,HistGB-lag
Maluku,Tual,2026,44222.88351260686,12699.72489551613,103145.47158498626,HistGB-lag
Nusa Tenggara Barat,Bima,2026,1120798.7672117585,321883.203187563,2614119.067230437,HistGB-lag
Nusa Tenggara Barat,Dompu,2026,1154410.75386978,331536.28115873656,2692514.6659740037,HistGB-lag
Nusa Tenggara Barat,Kota Bima,2026,27220.74157723363,7816.853690997515,63490.18103319767,HistGB-lag
Nusa Tenggara Barat,Lombok Barat,2026,106391.54052102906,30554.036798327295,248145.7995586247,HistGB-lag
Nusa Tenggara Barat,Lombok Tengah,2026,29731.559748141397,8537.939410262126,69346.33871430175,HistGB-lag
Nusa Tenggara Barat,Lombok Timur,2026,34359.3507729703,9867.001808491701,80140.06096412845,HistGB-lag
Nusa Tenggara Barat,Lombok Utara,2026,25200.705210139142,7236.7163502754765,58778.70824542782,HistGB-lag
Nusa Tenggara Barat,Mataram,2026,6.009992195894002,1.013210404156038,15.349897462954274,HistGB-lag
Nusa Tenggara Barat,Sumbawa,2026,1004931.6108795867,288607.1369510651,2343873.955336485,HistGB-lag
Nusa Tenggara Barat,Sumbawa Barat,2026,249593.66605165892,71680.47473992556,582146.1812244287,HistGB-lag
Nusa Tenggara Timur,Alor,2026,285666.5400596684,82040.29872136621,666281.4804863142,HistGB-lag
Nusa Tenggara Timur,Belu,2026,92818.23686130172,26655.89891415989,216487.82949696452,HistGB-lag
Nusa Tenggara Timur,Ende,2026,153532.79129649536,44092.60487001315,358096.6518442728,HistGB-lag
Nusa Tenggara Timur,Flores Timur,2026,173942.68689204456,49954.15407184616,405700.0857556959,HistGB-lag
Nusa Tenggara Timur,Kota Kupang,2026,3783.545016511707,1085.8892845131868,8825.960321032093,HistGB-lag
Nusa Tenggara Timur,Kupang,2026,439820.081364938,126311.89054639637,1025824.618832278,HistGB-lag
Nusa Tenggara Timur,Lembata,2026,49632.821926755314,14253.413401415824,115763.45116048907,HistGB-lag
Nusa Tenggara Timur,Manggarai,2026,65672.6436139343,18859.914378742254,153174.25456524253,HistGB-lag
Nusa Tenggara Timur,Manggarai Barat,2026,150314.95314319996,43168.468998235854,350591.46176865784,HistGB-lag
Nusa Tenggara Timur,Manggarai Timur,2026,204543.33101512372,58742.39996440846,477072.11866690964,HistGB-lag
Nusa Tenggara Timur,Nagekeo,2026,38633.28211709622,11094.438702598765,90108.4514112812,HistGB-lag
Nusa Tenggara Timur,Ngada,2026,37350.79265744069,10726.118588788753,87117.21111076137,HistGB-lag
Nusa Tenggara Timur,Rote Ndao,2026,30649.69280197266,8801.619449371916,71487.76496243408,HistGB-lag
Nusa Tenggara Timur,Sabu Raijua,2026,815.7247570687931,233.5564349166887,1903.9045505860247,HistGB-lag
Nusa Tenggara Timur,Sikka,2026,89186.83992278263,25612.992460921727,208018.06720153,HistGB-lag
Nusa Tenggara Timur,Sumba Barat,2026,211599.66258601187,60768.91864470138,493530.0967109087,HistGB-lag
Nusa Tenggara Timur,Sumba Barat Daya,2026,374290.5923154012,107492.37613797386,872985.586088808,HistGB-lag
Nusa Tenggara Timur,Sumba Tengah,2026,54804.37744372068,15738.640357663162,127825.4335512663,HistGB-lag
Nusa Tenggara Timur,Sumba Timur,2026,327066.2051196639,93929.93199031292,762840.828887308,HistGB-lag
Nusa Tenggara Timur,Timor Tengah Selatan,2026,548339.5703569743,157477.7689364509,1278932.2497924445,HistGB-lag
Nusa Tenggara Timur,Timor Tengah Utara,2026,147561.90585662206,42377.817127935836,344170.3360971374,HistGB-lag
Papua Barat,Fakfak,2026,1112599.6919719428,319528.49820131157,2594995.7878150116,HistGB-lag
Papua Barat,Kaimana,2026,477865.13536386646,137238.10792252756,1114559.7720924178,HistGB-lag
Papua Barat,Kota Sorong,2026,34626.021512330546,9943.587386900545,80762.03587124233,HistGB-lag
Papua Barat,Manokwari,2026,1476199.3427016982,423951.2392459313,3443044.8071105783,HistGB-lag
Papua Barat,Maybrat,2026,370208.2199901608,106319.95337213589,863463.9822042305,HistGB-lag
Papua Barat,Raja Ampat,2026,184720.19292869844,53049.362551044615,430837.2205315198,HistGB-lag
Papua Barat,Sorong,2026,4335866.727590113,1245223.499014663,10112848.027214944,HistGB-lag
Papua Barat,Sorong Selatan,2026,271862.3619041131,78075.85563684105,634085.0256121018,HistGB-lag
Papua Barat,Tambrauw,2026,362628.47746450745,104143.11549742222,845785.216004945,HistGB-lag
Papua Barat,Teluk Bintuni,2026,2019597.5212047312,580010.5950897972,4710450.569029211,HistGB-lag
Papua Barat,Teluk Wondama,2026,530746.0487672194,152425.05850248144,1237897.6429103925,HistGB-lag
Papua,Asmat,2026,237698.41026270523,68264.2579959974,554402.0401455095,HistGB-lag
Papua,Biak Numfor,2026,446876.71355849353,128338.49556297394,1042283.2980396519,HistGB-lag
Papua,Boven Digoel,2026,460810.1991029833,132340.07463473882,1074781.3456248404,HistGB-lag
Papua,Deiyai,2026,55848.416127365,16038.479427596116,130260.51834849914,HistGB-lag
Papua,Dogiyai,2026,173292.8979717637,49767.54019578779,404184.5373895538,HistGB-lag
Papua,Intan Jaya,2026,371531.7446672979,106700.05845295615,866550.9318264507,HistGB-lag
Papua,Jayapura,2026,940937.6165074684,270228.6036127664,2194616.2647442105,HistGB-lag
Papua,Jayawijaya,2026,176692.88478966305,50743.98762176319,412114.56559709035,HistGB-lag
Papua,Keerom,2026,992726.0567091731,285101.80513931793,2315406.083534619,HistGB-lag
Papua,Kepulauan Yapen,2026,147814.7279140943,42450.42548216502,344760.0107501942,HistGB-lag
Papua,Kota Jayapura,2026,153919.3237730519,44203.61372446005,358998.18870497047,HistGB-lag
Papua,Lanny Jaya,2026,167350.87417265816,48061.04127256375,390325.5376755863,HistGB-lag
Papua,Mamberamo Raya,2026,825018.8674722535,236937.7203887966,1924250.8195630005,HistGB-lag
Papua,Mamberamo Tengah,2026,360130.30865108664,103425.66256652413,839958.5613093086,HistGB-lag
Papua,Mappi,2026,151819.36856058706,43600.524368030776,354100.31557742157,HistGB-lag
Papua,Merauke,2026,6665628.9444945175,1914311.4813135383,15546716.182127208,HistGB-lag
Papua,Mimika,2026,1357396.6090455027,389832.10005788424,3165952.841910503,HistGB-lag
Papua,Nabire,2026,2195610.686786614,630560.0859188228,5120978.445376834,HistGB-lag
Papua,Nduga,2026,202260.0324361074,58086.655945497456,471746.62092012295,HistGB-lag
Papua,Paniai,2026,167104.73946610052,47990.35346889458,389751.4604010568,HistGB-lag
Papua,Pegunungan Bintang,2026,1547538.2651750494,444439.173744454,3609433.5897172308,HistGB-lag
Papua,Puncak,2026,479416.27708785917,137683.58269194193,1118177.6089500173,HistGB-lag
Papua,Puncak Jaya,2026,309664.85411646724,88932.41132166989,722254.4349700952,HistGB-lag
Papua,Sarmi,2026,695033.5019702243,199607.0240194069,1621076.8161899806,HistGB-lag
Papua,Supiori,2026,28584.62966769839,8208.55080236327,66671.27308107539,HistGB-lag
Papua,Tolikara,2026,451287.41942856123,129605.212942844,1052570.6973262157,HistGB-lag
Papua,Waropen,2026,385239.31919659744,110636.75779397598,898522.0712738134,HistGB-lag
Papua,Yahukimo,2026,1058378.1974615557,303956.54407829,2468531.185464636,HistGB-lag
Papua,Yalimo,2026,536904.0323568423,154193.57924898274,1252260.340821506,HistGB-lag
Riau,Bengkalis,2026,4118426.894755089,1182776.6201154504,9605697.823353514,HistGB-lag
Riau,Dumai,2026,1688492.4213055202,484920.0139081723,3938190.8743630424,HistGB-lag
Riau,Indragiri Hilir,2026,7824059.545650157,2247002.9413846773,18248605.288071882,HistGB-lag
Riau,Indragiri Hulu,2026,4606674.675018771,1322997.2485504833,10744472.435471078,HistGB-lag
Riau,Kampar,2026,7984780.277075786,2293160.5746070324,18623465.545479763,HistGB-lag
Riau,Kepulauan Meranti,2026,1081850.2728673676,310697.52539376053,2523276.7565585016,HistGB-lag
Riau,Kuantan Singingi,2026,5164353.17026329,1483157.7904492272,12045185.183751043,HistGB-lag
Riau,Pekanbaru,2026,196976.87249989004,56569.3771450099,459424.3356987303,HistGB-lag
Riau,Pelalawan,2026,5817609.973690939,1670767.6131843484,13568821.93748032,HistGB-lag
Riau,Rokan Hilir,2026,4809415.479283541,1381222.6909028832,11217339.06194571,HistGB-lag
Riau,Rokan Hulu,2026,6774152.018201155,1945478.389203274,15799832.173969202,HistGB-lag
Riau,Siak,2026,3436510.3174172305,986935.9529793053,8015215.864715495,HistGB-lag
Sulawesi Barat,Majene,2026,322840.22116450954,92716.26518034178,752984.2695052113,HistGB-lag
Sulawesi Barat,Mamasa,2026,562507.6516893032,161546.72193213055,1311977.4616210768,HistGB-lag
Sulawesi Barat,Mamuju,2026,3929058.104278687,1128391.5069005108,9164019.684426874,HistGB-lag
Sulawesi Barat,Mamuju Utara,2026,2088565.1295285989,599817.5082428098,4871308.568988314,HistGB-lag
Sulawesi Barat,Polewali Mandar,2026,928917.9665386052,266776.66191362974,2166581.990377026,HistGB-lag
Sulawesi Selatan,Bantaeng,2026,26263.653884412553,7541.986209403784,61257.89814280503,HistGB-lag
Sulawesi Selatan,Barru,2026,154498.2002973533,44369.86216081748,360348.34310622397,HistGB-lag
Sulawesi Selatan,Bone,2026,1469517.4915535818,422032.2681722846,3427460.2560752127,HistGB-lag
Sulawesi Selatan,Bulukumba,2026,49656.118595977896,14260.104007560658,115817.78761941419,HistGB-lag
Sulawesi Selatan,Enrekang,2026,397050.0412362275,114028.69716085652,926069.0483481265,HistGB-lag
Sulawesi Selatan,Gowa,2026,153842.81730452835,44181.64171449018,358819.74729153415,HistGB-lag
Sulawesi Selatan,Jeneponto,2026,5471.076459654235,1570.5340264381407,12761.90850611746,HistGB-lag
Sulawesi Selatan,Kepulauan Selayar,2026,150761.59033222188,43296.73941718848,351633.18507441675,HistGB-lag
Sulawesi Selatan,Luwu,2026,907734.290547262,260692.88953382272,2117173.8140669614,HistGB-lag
Sulawesi Selatan,Luwu Timur,2026,2449131.651054297,703369.160261919,5712283.207871978,HistGB-lag
Sulawesi Selatan,Luwu Utara,2026,2198315.481470331,631336.8800501423,5127287.028111494,HistGB-lag
Sulawesi Selatan,Makassar,2026,1271.352469785757,364.40885615060813,2966.5970866156877,HistGB-lag
Sulawesi Selatan,Maros,2026,257009.6252815704,73810.27543887637,599442.9441323136,HistGB-lag
Sulawesi Selatan,Palopo,2026,54068.51434490878,15527.3067063318,126109.12832921576,HistGB-lag
Sulawesi Selatan,Pangkajene Dan Kepulauan,2026,39194.99169649368,11255.756937734524,91418.56614043696,HistGB-lag
Sulawesi Selatan,Parepare,2026,10834.662757243927,3110.9105969314855,25271.777782528847,HistGB-lag
Sulawesi Selatan,Pinrang,2026,337142.14457681833,96823.6564881335,786341.650623444,HistGB-lag
Sulawesi Selatan,Sidenreng Rappang,2026,439267.2497364871,126153.12198360171,1024535.2107720601,HistGB-lag
Sulawesi Selatan,Sinjai,2026,23651.81846172476,6791.889190754001,55166.130825849956,HistGB-lag
Sulawesi Selatan,Soppeng,2026,412579.7727129383,118488.70454873586,962290.1325057035,HistGB-lag
Sulawesi Selatan,Takalar,2026,44343.810053334004,12734.453974112404,103427.51705467973,HistGB-lag
Sulawesi Selatan,Tana Toraja,2026,142787.3032866248,41006.59169700612,333034.19496255263,HistGB-lag
Sulawesi Selatan,Toraja Utara,2026,40541.81769217458,11642.553959945306,94559.86306552087,HistGB-lag
Sulawesi Selatan,Wajo,2026,391631.0088954418,112472.39695622605,913429.8583684035,HistGB-lag
Sulawesi Tengah,Banggai,2026,3217649.701406596,924081.037182011,7504751.868400515,HistGB-lag
Sulawesi Tengah,Banggai Kepulauan,2026,1581022.9110904792,454055.68053256563,3687532.1826973027,HistGB-lag
Sulawesi Tengah,Buol,2026,1766613.4939954157,507355.72452354914,4120398.1425714055,HistGB-lag
Sulawesi Tengah,Donggala,2026,2045271.0554423698,587383.8167417336,4770330.7572757695,HistGB-lag
Sulawesi Tengah,Morowali,2026,7136580.791101486,2049564.8640492563,16645150.272613512,HistGB-lag
Sulawesi Tengah,Palu,2026,143682.42240245466,41263.66232798388,335121.9441856575,HistGB-lag
Sulawesi Tengah,Parigi Moutong,2026,2503392.3685404556,718952.3788914763,5838839.292725348,HistGB-lag
Sulawesi Tengah,Poso,2026,2469975.6794140483,709355.388717773,5760899.200140337,HistGB-lag
Sulawesi Tengah,Sigi,2026,1301624.8823401113,373814.9323744726,3035872.5240609096,HistGB-lag
Sulawesi Tengah,Tojo Una-Una,2026,1958028.0203453598,562328.3557598613,4566847.695050888,HistGB-lag
Sulawesi Tengah,Toli-Toli,2026,1361114.9319639746,390899.9709165514,3174625.3477781666,HistGB-lag
Sulawesi Tenggara,Bau-Bau,2026,121172.01028139406,34798.862565367344,282619.3279568178,HistGB-lag
Sulawesi Tenggara,Bombana,2026,1520393.0083585302,436643.28582912736,3546120.7994668204,HistGB-lag
Sulawesi Tenggara,Buton,2026,1044100.1788610949,299856.01803005586,2435229.559219114,HistGB-lag
Sulawesi Tenggara,Buton Utara,2026,715098.9685947895,205369.65613709766,1667876.9142058005,HistGB-lag
Sulawesi Tenggara,Kendari,2026,158825.82212804572,45612.7185080622,370441.9596485802,HistGB-lag
Sulawesi Tenggara,Kolaka,2026,3592542.263231376,1031747.0066745923,8379140.137912374,HistGB-lag
Sulawesi Tenggara,Kolaka Utara,2026,950749.3593185629,273046.45307082555,2217500.8820749177,HistGB-lag
Sulawesi Tenggara,Konawe,2026,2385180.955163723,685003.0618809061,5563126.50537124,HistGB-lag
Sulawesi Tenggara,Konawe Selatan,2026,3239838.191001341,930453.3835208291,7556503.642096412,HistGB-lag
Sulawesi Tenggara,Konawe Utara,2026,2089542.762594315,600098.2761815387,4873588.7712958455,HistGB-lag
Sulawesi Tenggara,Muna,2026,1264771.6644012004,363231.00022334943,2949917.1738061644,HistGB-lag
Sulawesi Tenggara,Wakatobi,2026,32280.960081678513,9270.10559995376,75292.48428487287,HistGB-lag
Sulawesi Utara,Bitung,2026,84602.4558417512,24296.396169418615,197325.5860173759,HistGB-lag
Sulawesi Utara,Bolaang Mongondow,2026,596823.4139903055,171401.91830900934,1392014.5257583421,HistGB-lag
Sulawesi Utara,Bolaang Mongondow Selatan,2026,274858.03885002574,78936.1886909255,641072.0534901778,HistGB-lag
Sulawesi Utara,Bolaang Mongondow Timur,2026,184856.8424866829,53088.60714706838,431155.93789938116,HistGB-lag
Sulawesi Utara,Bolaang Mongondow Utara,2026,341875.1862098467,98182.94596986753,797380.8562638203,HistGB-lag
Sulawesi Utara,Kepulauan Sangihe,2026,4607.759556764187,1322.5967217432737,10748.333819321764,HistGB-lag
Sulawesi Utara,Kepulauan Talaud,2026,75846.75098651518,21781.831870672966,176904.0402297999,HistGB-lag
Sulawesi Utara,Kotamobagu,2026,16904.749006038084,4854.18797138488,39429.46654817464,HistGB-lag
Sulawesi Utara,Manado,2026,23550.4580464629,6762.779337722455,54929.72080569264,HistGB-lag
Sulawesi Utara,Minahasa,2026,110496.34829311987,31732.90283453689,257719.73121266178,HistGB-lag
Sulawesi Utara,Minahasa Selatan,2026,198661.50334616186,57053.18886007332,463353.5186178793,HistGB-lag
Sulawesi Utara,Minahasa Tenggara,2026,177411.5450846603,50950.38077349733,413790.74751078547,HistGB-lag
Sulawesi Utara,Minahasa Utara,2026,289101.3254798182,83026.74001126371,674292.6719195362,HistGB-lag
Sulawesi Utara,Siau Tagulandang Biaro,2026,29097.94077506304,8355.96940612729,67868.50465244909,HistGB-lag
Sulawesi Utara,Tomohon,2026,9738.789621464583,2796.185111234323,22715.79584963978,HistGB-lag
Sumatera Barat,Agam,2026,655973.1988916611,188389.23570384903,1529973.7261493818,HistGB-lag
Sumatera Barat,Bukittinggi,2026,319.5601520025227,91.06216143112498,746.6649715844467,HistGB-lag
Sumatera Barat,Danau,2026,0.05246128808539028,-0.6977420293868454,1.4547294295140616,HistGB-lag
Sumatera Barat,Dharmasraya,2026,2407135.541112886,691308.2330732053,5614332.729155724,HistGB-lag
Sumatera Barat,Kepulauan Mentawai,2026,828424.1016560566,237915.6748138294,1932193.0865708205,HistGB-lag
Sumatera Barat,Kota Solok,2026,22183.84486353604,6370.299602875294,51742.2728331452,HistGB-lag
Sumatera Barat,Lima Puluh Kota,2026,2493967.3806965863,716245.6021853001,5816856.7311859615,HistGB-lag
Sumatera Barat,Padang,2026,106686.45867892588,30638.734796165318,248833.65790522893,HistGB-lag
Sumatera Barat,Padang Panjang,2026,297.37356713425834,84.69036211362453,694.9176404159854,HistGB-lag
Sumatera Barat,Padang Pariaman,2026,425084.1888866845,122079.86699733716,991455.0611620588,HistGB-lag
Sumatera Barat,Pariaman,2026,8047.204009318745,2310.376046298788,18770.391841259712,HistGB-lag
Sumatera Barat,Pasaman,2026,1866836.0398330637,536138.7910909472,4354154.229900801,HistGB-lag
Sumatera Barat,Pasaman Barat,2026,2457510.465167496,705775.484730734,5731825.7048939,HistGB-lag
Sumatera Barat,Payakumbuh,2026,4468.871352165501,1282.7092053668066,10424.39509862926,HistGB-lag
Sumatera Barat,Pesisir Selatan,2026,5463105.123005978,1568956.821705753,12741985.35951465,HistGB-lag
Sumatera Barat,Sawahlunto,2026,58442.02967546275,16783.34327815059,136309.78550670875,HistGB-lag
Sumatera Barat,Sijunjung,2026,3408128.3217376303,978784.8841341287,7949018.5414963225,HistGB-lag
Sumatera Barat,Solok,2026,634172.9729226296,182128.39539085783,1479127.5269950272,HistGB-lag
Sumatera Barat,Solok Selatan,2026,2451403.0859903526,704021.4971430227,5717581.035210506,HistGB-lag
Sumatera Barat,Tanah Datar,2026,187991.84676987934,53988.95383271828,438467.9287181737,HistGB-lag
Sumatera Selatan,Banyu Asin,2026,5153852.0294255605,1480141.9517151401,12020692.634951705,HistGB-lag
Sumatera Selatan,Empat Lawang,2026,1968115.5863977314,565225.4193173844,4590375.63431217,HistGB-lag
Sumatera Selatan,Lahat,2026,3508163.276119857,1007514.0760238908,8182337.096090252,HistGB-lag
Sumatera Selatan,Lubuklinggau,2026,550994.3361430949,158240.1951919817,1285124.1466131937,HistGB-lag
Sumatera Selatan,Muara Enim,2026,7589262.877304642,2179571.326289408,17700972.516905457,HistGB-lag
Sumatera Selatan,Musi Banyuasin,2026,15407920.341022817,4425023.54829181,35936976.817257136,HistGB-lag
Sumatera Selatan,Musi Rawas,2026,15847115.19154524,4551156.590642612,36961341.83388371,HistGB-lag
Sumatera Selatan,Ogan Ilir,2026,1262111.3308971405,362466.97496636905,2943712.291005565,HistGB-lag
Sumatera Selatan,Ogan Komering Ilir,2026,11380763.552422056,3268458.217059698,26544156.009349577,HistGB-lag
Sumatera Selatan,Ogan Komering Ulu,2026,2444924.594932849,702160.929365524,5702470.795206688,HistGB-lag
Sumatera Selatan,Ogan Komering Ulu Selatan,2026,3045393.439793401,874610.4973626035,7102986.4832154615,HistGB-lag
Sumatera Selatan,Ogan Komering Ulu Timur,2026,1136491.638869264,326390.0630540377,2650720.654697225,HistGB-lag
Sumatera Selatan,Pagar Alam,2026,164425.6917124858,47220.95363789803,383502.929040977,HistGB-lag
Sumatera Selatan,Palembang,2026,52227.750246495685,14998.654843253722,121815.78485300332,HistGB-lag
Sumatera Selatan,Prabumulih,2026,411248.0216147025,118106.2369094302,959183.9958233993,HistGB-lag
Sumatera Utara,Asahan,2026,1904389.1074983554,546923.7141577695,4441741.8888580445,HistGB-lag
Sumatera Utara,Batu Bara,2026,268707.66189911426,77169.8525066557,626727.0970771279,HistGB-lag
Sumatera Utara,Dairi,2026,723363.3687901193,207743.12189745792,1687152.5556060302,HistGB-lag
Sumatera Utara,Deli Serdang,2026,1011748.2351925151,290564.8137365041,2359772.847296043,HistGB-lag
Sumatera Utara,Gunungsitoli,2026,33644.95292067061,9661.832794209644,78473.82064510265,HistGB-lag
Sumatera Utara,Humbang Hasundutan,2026,1054534.6491425126,302852.70954487834,2459566.607594339,HistGB-lag
Sumatera Utara,Karo,2026,693552.9283027466,199181.81579831478,1617623.5701701362,HistGB-lag
Sumatera Utara,Kota Binjai,2026,5314.173772471592,1525.4729031945005,12395.953341630855,HistGB-lag
Sumatera Utara,Kota Medan,2026,2535.481813118171,727.4561000100846,5915.0147974803185,HistGB-lag
Sumatera Utara,Kota Tanjungbalai,2026,24663.34144252683,7082.3900261452945,57525.37696412993,HistGB-lag
Sumatera Utara,Labuhanbatu,2026,2135275.378888388,613232.2963572576,4980254.166381263,HistGB-lag
Sumatera Utara,Labuhanbatu Selatan,2026,2084726.5529188307,598715.1015422058,4862355.5869849725,HistGB-lag
Sumatera Utara,Labuhanbatu Utara,2026,2210688.9696599534,634890.4410902873,5156146.584228817,HistGB-lag
Sumatera Utara,Lake Toba,2026,1473.1675324445318,422.36843335213916,3437.3045408812436,HistGB-lag
Sumatera Utara,Langkat,2026,2845296.335045,817144.3031267616,6636285.9429228995,HistGB-lag
Sumatera Utara,Mandailing Natal,2026,3979332.9497495163,1142830.016836156,9281279.239850543,HistGB-lag
Sumatera Utara,Nias,2026,307924.5316542019,88432.60544604121,718195.35858094,HistGB-lag
Sumatera Utara,Nias Barat,2026,54838.447340359315,15748.424943503584,127904.8971656397,HistGB-lag
Sumatera Utara,Nias Selatan,2026,617807.8335147279,177428.46591864678,1440957.9622067995,HistGB-lag
Sumatera Utara,Nias Utara,2026,383251.4601637421,110065.8615111978,893885.6479441227,HistGB-lag
Sumatera Utara,Padang Lawas,2026,3209418.7435717597,921717.1757844236,7485554.226968003,HistGB-lag
Sumatera Utara,Padang Lawas Utara,2026,3824607.8487002705,1098394.2778921258,8920403.012544304,HistGB-lag
Sumatera Utara,Padangsidimpuan,2026,22690.479073587296,6515.800658265054,52923.93140766041,HistGB-lag
Sumatera Utara,Pakpak Barat,2026,392502.51417598367,112722.68589365049,915462.5313838783,HistGB-lag
Sumatera Utara,Pematangsiantar,2026,10457.323259754774,3002.541888234615,24391.68235299556,HistGB-lag
Sumatera Utara,Samosir,2026,182432.76005647634,52392.4311981305,425502.0800821298,HistGB-lag
Sumatera Utara,Serdang Bedagai,2026,718407.5668374031,206319.8575380498,1675593.7904163802,HistGB-lag
Sumatera Utara,Sibolga,2026,2590.266340315204,743.1897523534408,6042.792600535868,HistGB-lag
Sumatera Utara,Simalungun,2026,1907843.158197539,547915.6882726838,4449798.014055527,HistGB-lag
Sumatera Utara,Tapanuli Selatan,2026,2163831.030712619,621433.2377768033,5046856.520031167,HistGB-lag
Sumatera Utara,Tapanuli Tengah,2026,1724932.8555967815,495385.3980907828,4023183.460305809,HistGB-lag
Sumatera Utara,Tapanuli Utara,2026,1714817.911034142,492480.4716569281,3999591.664220859,HistGB-lag
Sumatera Utara,Tebingtinggi,2026,2406.2501835215376,690.3418702107458,5613.598785332251,HistGB-lag
Sumatera Utara,Toba Samosir,2026,1007797.9370199882,289430.32154903666,2350559.2892400525,HistGB-lag
Yogyakarta,Bantul,2026,2678.638029395429,768.5693532028341,6248.908101767967,HistGB-lag
Yogyakarta,Gunung Kidul,2026,13377.999364394711,3841.335335747314,31203.780497888518,HistGB-lag
Yogyakarta,Kota Yogyakarta,2026,0.0,-0.7128084671285019,1.3323702803165713,HistGB-lag
Yogyakarta,Kulon Progo,2026,2498.295399714256,716.776476942621,5828.282312025462,HistGB-lag
Yogyakarta,Sleman,2026,5412.1498447868335,1553.6108015874433,12624.469820881071,HistGB-lag
Aceh,Aceh Barat,2027,2762865.7287466545,964943.5406348597,7140554.40716255,HistGB-lag
Aceh,Aceh Barat Daya,2027,791584.3219908627,276463.9944763266,2045830.1623798432,HistGB-lag
Aceh,Aceh Besar,2027,1075101.1071929147,375483.60016797436,2778571.7356638485,HistGB-lag
Aceh,Aceh Jaya,2027,2100647.5656109937,733660.6508094507,5429069.218137642,HistGB-lag
Aceh,Aceh Selatan,2027,2167751.9043797315,757097.1650191606,5602498.592798992,HistGB-lag
Aceh,Aceh Singkil,2027,866336.1974073299,302571.4477728738,2239024.391637052,HistGB-lag
Aceh,Aceh Tamiang,2027,1733281.3922700225,605356.2415916744,4479621.136489321,HistGB-lag
Aceh,Aceh Tengah,2027,2098109.096661406,732774.0782762953,5422508.612808658,HistGB-lag
Aceh,Aceh Tenggara,2027,669623.7480705602,233868.67536353075,1730626.310342317,HistGB-lag
Aceh,Aceh Timur,2027,5162381.8552453695,1802986.1296382742,13342039.869118487,HistGB-lag
Aceh,Aceh Utara,2027,3131057.023492648,1093536.1274859807,8092134.993085831,HistGB-lag
Aceh,Banda Aceh,2027,72.91884445034276,24.816513210810086,190.0412829324358,HistGB-lag
Aceh,Bener Meriah,2027,1241762.5258196804,433690.905053546,3209303.7291974593,HistGB-lag
Aceh,Bireuen,2027,1841067.1194143412,643000.9270497567,4758190.474911394,HistGB-lag
Aceh,Gayo Lues,2027,897605.4088493001,313492.3707971175,2319838.835025336,HistGB-lag
Aceh,Langsa,2027,23234.12042702547,8113.977958861812,60049.549335231175,HistGB-lag
Aceh,Lhokseumawe,2027,26238.87565835503,9163.403226554976,67815.25912898709,HistGB-lag
Aceh,Nagan Raya,2027,2774925.264719481,969155.39178153,7171721.956397797,HistGB-lag
Aceh,Pidie,2027,733070.6414340638,256027.8091119501,1894603.1148550527,HistGB-lag
Aceh,Pidie Jaya,2027,478270.2669486116,167037.54846952297,1236078.339537896,HistGB-lag
Aceh,Sabang,2027,28499.97542600985,9953.103234133348,73659.01120145344,HistGB-lag
Aceh,Simeulue,2027,710632.8376537774,248191.29784039655,1836613.209138226,HistGB-lag
Aceh,Subulussalam,2027,1261477.437814696,440576.43322642206,3260256.3936828733,HistGB-lag
Bali,Badung,2027,17763.150610179167,6203.2153434175325,45909.973690253624,HistGB-lag
Bali,Bangli,2027,27792.260222058405,9705.930283200958,71829.94012331312,HistGB-lag
Bali,Buleleng,2027,26739.857716905804,9338.373628610481,69110.03390399006,HistGB-lag
Bali,Denpasar,2027,113.48237480873213,38.98352197780927,294.87664578962097,HistGB-lag
Bali,Gianyar,2027,9842.637423460495,3436.937882753442,25439.61850646135,HistGB-lag
Bali,Jembrana,2027,51413.37776805776,17955.719598969445,132878.0887225119,HistGB-lag
Bali,Karangasem,2027,13328.735065080587,4654.474310551884,34449.34492785094,HistGB-lag
Bali,Klungkung,2027,4564.126791592382,1593.3925666118998,11797.448494428516,HistGB-lag
Bali,Tabanan,2027,17615.702669901653,6151.718438583768,45528.89841931532,HistGB-lag
Bangka Belitung,Bangka,2027,3503543.588841734,1223628.8583273564,9054816.591378268,HistGB-lag
Bangka Belitung,Bangka Barat,2027,2682034.369903311,936712.7984074327,6931647.915057169,HistGB-lag
Bangka Belitung,Bangka Selatan,2027,3604780.2567642652,1258986.2532416692,9316460.060828306,HistGB-lag
Bangka Belitung,Bangka Tengah,2027,2805954.931265938,979992.6525947964,7251917.302389483,HistGB-lag
Bangka Belitung,Belitung,2027,1891769.177483491,660708.8655557056,4889228.592361298,HistGB-lag
Bangka Belitung,Belitung Timur,2027,1939498.1273382124,677378.4316673657,5012582.790888973,HistGB-lag
Bangka Belitung,Pangkalpinang,2027,46898.30593777793,16378.808969197886,121209.00594121632,HistGB-lag
Banten,Cilegon,2027,948.8664143668027,330.7454299691999,2453.904426123306,HistGB-lag
Banten,Kota Serang,2027,5116.686328371128,1786.376651889243,13225.523886944675,HistGB-lag
Banten,Kota Tangerang,2027,0.5486906191647367,-0.4591123261405547,3.002549619798442,HistGB-lag
Banten,Lebak,2027,1211080.1223667143,422974.9275518274,3130005.8754134625,HistGB-lag
Banten,Pandeglang,2027,938250.890117913,327688.0013150674,2424885.997825323,HistGB-lag
Banten,Serang,2027,33486.59123612068,11694.702874877785,86546.78682806935,HistGB-lag
Banten,Tangerang,2027,3933.0316524060568,1372.9795431233238,10166.399931114287,HistGB-lag
Banten,Tangerang Selatan,2027,2.132856720454586,0.09416533108176738,7.096784677433796,HistGB-lag
Bengkulu,Bengkulu,2027,63117.21822715506,22043.342370622468,163126.35238475757,HistGB-lag
Bengkulu,Bengkulu Selatan,2027,1351987.465560035,472187.497284222,3494177.1475487673,HistGB-lag
Bengkulu,Bengkulu Tengah,2027,1325172.2592274202,462822.1570427142,3424873.9616294834,HistGB-lag
Bengkulu,Bengkulu Utara,2027,4345682.701059649,1517750.00805013,11231302.67692268,HistGB-lag
Bengkulu,Kaur,2027,1935353.2233012982,675930.8039261282,5001870.396901593,HistGB-lag
Bengkulu,Kepahiang,2027,229230.93461429785,80059.35960539331,592442.8240808645,HistGB-lag
Bengkulu,Lebong,2027,811067.0236947337,283268.4220842034,2096182.6855581221,HistGB-lag
Bengkulu,Mukomuko,2027,3893358.7633111766,1359773.6895445865,10062283.517991317,HistGB-lag
Bengkulu,Rejang Lebong,2027,1204478.1807814366,420669.1675873597,3112943.33338274,HistGB-lag
Bengkulu,Seluma,2027,2035719.1911910046,710984.1026513402,5261263.565328162,HistGB-lag
Gorontalo,Boalemo,2027,388824.66685384174,135798.24090639243,1004908.5705590848,HistGB-lag
Gorontalo,Bone Bolango,2027,268451.30604720477,93757.26363459822,693806.828501451,HistGB-lag
Gorontalo,Danau Limboto,2027,4.043750597376926,0.7615542409714826,12.035438961189811,HistGB-lag
Gorontalo,Gorontalo,2027,602051.782896874,210268.84037478484,1555988.3677034965,HistGB-lag
Gorontalo,Gorontalo Utara,2027,732007.1595665538,255656.38293657918,1891854.5743190735,HistGB-lag
Gorontalo,Kota Gorontalo,2027,3993.4544116387924,1394.0824834298844,10322.560941584277,HistGB-lag
Gorontalo,Pohuwato,2027,2075176.8132908791,724764.8676211291,5363240.737772831,HistGB-lag
Jakarta Raya,Jakarta Barat,2027,2.7074593405423473,0.29484806960086213,8.58182983113135,HistGB-lag
Jakarta Raya,Jakarta Pusat,2027,0.5450028699713185,-0.46040029034613683,2.993018730317114,HistGB-lag
Jakarta Raya,Jakarta Selatan,2027,1.5680392405612777,-0.10309989999415525,5.637028957713767,HistGB-lag
Jakarta Raya,Jakarta Timur,2027,1.9891340751830189,0.04396950350983389,6.725337332128383,HistGB-lag
Jakarta Raya,Jakarta Utara,2027,6.137392703296612,1.4927688519154336,17.44640117103546,HistGB-lag
Jakarta Raya,Kepulauan Seribu,2027,0.5093112703137019,-0.4728657538003823,2.9007747424787693,HistGB-lag
Jambi,Batang Hari,2027,7228224.96665954,2524491.807572849,18681156.318738125,HistGB-lag
Jambi,Bungo,2027,5902329.2859106185,2061416.3413268146,15254414.277944803,HistGB-lag
Jambi,Jambi,2027,32668.198700684472,11408.875331714407,84431.6731371743,HistGB-lag
Jambi,Kerinci,2027,2016097.4814420575,704131.1258127659,5210551.7795631,HistGB-lag
Jambi,Merangin,2027,8649106.667477136,3020741.5998000284,22353387.196234662,HistGB-lag
Jambi,Muaro Jambi,2027,5995006.470495518,2093784.2953711185,15493935.990889888,HistGB-lag
Jambi,Sarolangun,2027,6762974.224020642,2362000.740065088,17478728.177173827,HistGB-lag
Jambi,Sungai Penuh,2027,109976.88852283944,38409.30840050852,284233.92106560123,HistGB-lag
Jambi,Tanjung Jabung B,2027,5045884.737652019,1762298.949018311,13040956.174311625,HistGB-lag
Jambi,Tanjung Jabung T,2027,3876142.9168484043,1353760.9720711685,10017789.621753171,HistGB-lag
Jambi,Tebo,2027,6220761.973170052,2172630.4943417404,16077395.06929814,HistGB-lag
Jawa Barat,Bandung,2027,117581.71309709174,41065.330089524075,303888.3874461906,HistGB-lag
Jawa Barat,Bandung Barat,2027,67468.45869538127,23563.03410642655,174372.01737828832,HistGB-lag
Jawa Barat,Banjar,2027,5397.5170882372195,1884.4581502675792,13951.323499352713,HistGB-lag
Jawa Barat,Bekasi,2027,6413.349652087215,2239.2425763447764,16576.715680271045,HistGB-lag
Jawa Barat,Bogor,2027,346929.4894879606,121166.14799452215,896631.60151046,HistGB-lag
Jawa Barat,Ciamis,2027,155790.96590459178,54410.09605840595,402639.18273409945,HistGB-lag
Jawa Barat,Cianjur,2027,315527.9099290303,110198.99476652456,815475.0562525996,HistGB-lag
Jawa Barat,Cimahi,2027,0.8278020016195926,-0.36163132862206815,3.7239055471227918,HistGB-lag
Jawa Barat,Cirebon,2027,8259.22985712358,2883.9251475246783,21347.343862190624,HistGB-lag
Jawa Barat,Depok,2027,342.5144373717981,118.97407530458084,886.803905882323,HistGB-lag
Jawa Barat,Garut,2027,164361.92477894702,57403.544815004796,424790.59745782317,HistGB-lag
Jawa Barat,Indramayu,2027,24586.561482593006,8586.324525390684,63544.89718958906,HistGB-lag
Jawa Barat,Karawang,2027,70804.11395671878,24728.027806766095,182992.92947837315,HistGB-lag
Jawa Barat,Kota Bandung,2027,16.099418411573563,4.972054414569666,43.19299104357656,HistGB-lag
Jawa Barat,Kota Bekasi,2027,90.69790387932282,31.025935531154715,235.99078806743685,HistGB-lag
Jawa Barat,Kota Bogor,2027,21.053787566040395,6.702391755184437,55.99742604832103,HistGB-lag
Jawa Barat,Kota Cirebon,2027,0.3994724993182754,-0.5112274747329587,2.6168993669541316,HistGB-lag
Jawa Barat,Kota Sukabumi,2027,19.884222069331223,6.293915360278346,52.97471520068419,HistGB-lag
Jawa Barat,Kota Tasikmalaya,2027,6417.987491592452,2240.8623641775935,16588.70205283549,HistGB-lag
Jawa Barat,Kuningan,2027,42284.17483200857,14767.301409328935,109283.90710316828,HistGB-lag
Jawa Barat,Majalengka,2027,34412.65276757562,12018.1343345902,88940.16816890425,HistGB-lag
Jawa Barat,Purwakarta,2027,80111.88324682105,27978.811157451757,207048.6110794945,HistGB-lag
Jawa Barat,Subang,2027,143280.330548168,50040.69627467808,370305.7791674802,HistGB-lag
Jawa Barat,Sukabumi,2027,542018.0444485232,189301.76745487016,1400832.7710801235,HistGB-lag
Jawa Barat,Sumedang,2027,186836.09219273625,65252.756261076815,482874.4840160461,HistGB-lag
Jawa Barat,Tasikmalaya,2027,108964.20552296015,38055.6239748502,281616.66884880327,HistGB-lag
Jawa Barat,Waduk Cirata,2027,4.802586307556191,1.0265812754489758,13.996629624890998,HistGB-lag
Jawa Tengah,Banjarnegara,2027,17490.414250156577,6107.960853254046,45205.09383845832,HistGB-lag
Jawa Tengah,Banyumas,2027,57204.49392408118,19978.294868632238,147845.07404654095,HistGB-lag
Jawa Tengah,Batang,2027,140449.3082458405,49051.94807100135,362989.0774973085,HistGB-lag
Jawa Tengah,Blora,2027,358965.5516587768,125369.80080253852,927738.4833301828,HistGB-lag
Jawa Tengah,Boyolali,2027,41829.82631987864,14608.617998448586,108109.65548571969,HistGB-lag
Jawa Tengah,Brebes,2027,87601.36328520981,30594.548210579695,226404.9725820318,HistGB-lag
Jawa Tengah,Cilacap,2027,166972.6542955423,58315.354699970085,431537.95829589735,HistGB-lag
Jawa Tengah,Demak,2027,4219.149377935811,1472.907539778466,10905.863565338634,HistGB-lag
Jawa Tengah,Grobogan,2027,99996.27518599466,34923.53101885945,258439.2919625409,HistGB-lag
Jawa Tengah,Jepara,2027,93960.20880304792,32815.40570013433,242839.23930698095,HistGB-lag
Jawa Tengah,Karanganyar,2027,26587.06245942867,9285.009147434677,68715.13863429963,HistGB-lag
Jawa Tengah,Kebumen,2027,23346.049284573357,8153.069652611125,60338.826483732526,HistGB-lag
Jawa Tengah,Kendal,2027,104957.61076659332,36656.30141742584,271261.73150991014,HistGB-lag
Jawa Tengah,Klaten,2027,8857.221292848566,3092.776542796642,22892.836786396914,HistGB-lag
Jawa Tengah,Kota Magelang,2027,1.634995096568118,-0.07971524410572468,5.810074582635288,HistGB-lag
Jawa Tengah,Kota Pekalongan,2027,11.610697941035166,3.404347124378785,31.59201264905073,HistGB-lag
Jawa Tengah,Kota Semarang,2027,22857.036999097476,7982.279751576924,59074.98726814801,HistGB-lag
Jawa Tengah,Kota Tegal,2027,0.0,-0.6507451732669725,1.5844733417169903,HistGB-lag
Jawa Tengah,Kudus,2027,5963.628811889359,2082.1754022232426,15414.424157565121,HistGB-lag
Jawa Tengah,Magelang,2027,14435.828627993684,5041.132081044348,37310.59872798632,HistGB-lag
Jawa Tengah,Pati,2027,48629.87841948007,16983.569016270445,125684.20885942623,HistGB-lag
Jawa Tengah,Pekalongan,2027,87720.03542502187,30635.99502820779,226711.67756378057,HistGB-lag
Jawa Tengah,Pemalang,2027,91680.90944975315,32019.34939942667,236948.45089059786,HistGB-lag
Jawa Tengah,Purbalingga,2027,16208.76187824177,5660.337576168966,41892.69744989615,HistGB-lag
Jawa Tengah,Purworejo,2027,9196.695306862355,3211.3394807413933,23770.198325821213,HistGB-lag
Jawa Tengah,Rembang,2027,39640.62205724684,13844.027843019912,102451.71542937461,HistGB-lag
Jawa Tengah,Salatiga,2027,3948.2555699553104,1378.2965698091862,10205.74574017683,HistGB-lag
Jawa Tengah,Semarang,2027,52483.3873298445,18329.425603073956,135643.499910332,HistGB-lag
Jawa Tengah,Sragen,2027,13155.016098188895,4593.802122869885,34000.37288896875,HistGB-lag
Jawa Tengah,Sukoharjo,2027,4017.372861461379,1402.4361174783946,10384.377537525947,HistGB-lag
Jawa Tengah,Surakarta,2027,0.26852731866598617,-0.5569607111131989,2.2784750383319747,HistGB-lag
Jawa Tengah,Tegal,2027,59313.53823384695,20714.88877361176,153295.8428416305,HistGB-lag
Jawa Tengah,Temanggung,2027,21859.121030738097,7633.752782953447,56495.9000506495,HistGB-lag
Jawa Tengah,Waduk Kedungombo,2027,0.5789959207366773,-0.4485280532909544,3.0808728638238163,HistGB-lag
Jawa Tengah,Wonogiri,2027,23938.015052067898,8359.816554169314,61868.7462290312,HistGB-lag
Jawa Tengah,Wonosobo,2027,18476.555910281993,6452.375587895369,47753.75067020899,HistGB-lag
Jawa Timur,Bangkalan,2027,12471.546105909974,4355.096929139287,32233.96291406036,HistGB-lag
Jawa Timur,Banyuwangi,2027,692803.2581583037,241964.2311429821,1790533.1362381503,HistGB-lag
Jawa Timur,Batu,2027,2759.179194641958,963.0059063767849,7132.609546914007,HistGB-lag
Jawa Timur,Blitar,2027,190251.31674712402,66445.5399210739,491701.04083283857,HistGB-lag
Jawa Timur,Bojonegoro,2027,240153.55428435252,83874.13724572901,620672.0434398344,HistGB-lag
Jawa Timur,Bondowoso,2027,95597.81927213017,33387.34906076985,247071.59990844066,HistGB-lag
Jawa Timur,Gresik,2027,14766.18003078555,5156.508902987433,38164.38312190071,HistGB-lag
Jawa Timur,Jember,2027,541601.8172129036,189156.3980838123,1399757.0428855682,HistGB-lag
Jawa Timur,Jombang,2027,15964.660473322765,5575.08398228869,41261.823876207316,HistGB-lag
Jawa Timur,Kediri,2027,77753.86936979274,27155.263429396164,200954.38707491613,HistGB-lag
Jawa Timur,Kota Blitar,2027,102.5360844951082,35.160477250955125,266.586250283365,HistGB-lag
Jawa Timur,Kota Kediri,2027,207.5904800571874,71.85123197053204,538.0965350437504,HistGB-lag
Jawa Timur,Kota Madiun,2027,1.79244778500472,-0.024724132687149947,6.217006858481357,HistGB-lag
Jawa Timur,Kota Malang,2027,471.28086169275423,163.94637051982787,1219.5972968480523,HistGB-lag
Jawa Timur,Kota Mojokerto,2027,0.5491165854636559,-0.4589635553546315,3.003650518342468,HistGB-lag
Jawa Timur,Kota Pasuruan,2027,7.625203297220246,2.012393883107795,21.291607988555217,HistGB-lag
Jawa Timur,Kota Probolinggo,2027,3.288758658042245,0.49786966201431604,10.084182420768114,HistGB-lag
Jawa Timur,Lamongan,2027,15321.870699505154,5350.586551208258,39600.55084144741,HistGB-lag
Jawa Timur,Lumajang,2027,156621.67297326773,54700.22451174228,404786.1230078683,HistGB-lag
Jawa Timur,Madiun,2027,40875.03584665492,14275.152817156491,105642.02496074764,HistGB-lag
Jawa Timur,Magetan,2027,4488.819724124007,1567.09120981146,11602.819386113617,HistGB-lag
Jawa Timur,Malang,2027,272301.579163156,95101.99010458459,703757.7567279566,HistGB-lag
Jawa Timur,Mojokerto,2027,14958.447269809665,5223.659164239239,38661.292675644065,HistGB-lag
Jawa Timur,Nganjuk,2027,56022.40730838997,19565.445412485573,144790.00270068657,HistGB-lag
Jawa Timur,Ngawi,2027,103332.39882231067,36088.68830142096,267061.4145652716,HistGB-lag
Jawa Timur,Pacitan,2027,36111.89242584681,12611.601987017593,93331.80776689442,HistGB-lag
Jawa Timur,Pamekasan,2027,497.17918039845466,172.991483332064,1286.5308111382255,HistGB-lag
Jawa Timur,Pasuruan,2027,35401.19868116246,12363.388766357615,91495.0387296327,HistGB-lag
Jawa Timur,Ponorogo,2027,63281.87656044807,22100.85008828687,163551.9074576449,HistGB-lag
Jawa Timur,Probolinggo,2027,50274.539208175775,17557.97473506097,129934.79082397751,HistGB-lag
Jawa Timur,Sampang,2027,6251.533277075431,2182.7274263274694,16158.505572799813,HistGB-lag
Jawa Timur,Sidoarjo,2027,408.9949671685849,142.19272121987748,1058.6210628853405,HistGB-lag
Jawa Timur,Situbondo,2027,15460.838354977952,5399.121675641906,39959.70904237777,HistGB-lag
Jawa Timur,Sumenep,2027,8913.443318891384,3112.4123567608067,23038.141113921898,HistGB-lag
Jawa Timur,Surabaya,2027,35.07274406495734,11.598579978191527,92.22904539846203,HistGB-lag
Jawa Timur,Trenggalek,2027,39976.9253536062,13961.483392519647,103320.88233354694,HistGB-lag
Jawa Timur,Tuban,2027,49958.455816619135,17447.581084909667,129117.88172473988,HistGB-lag
Jawa Timur,Tulungagung,2027,73884.35578848905,25803.817134016845,190953.73237862493,HistGB-lag
Kalimantan Barat,Bengkayang,2027,6017348.255202531,2101587.271517873,15551677.737871516,HistGB-lag
Kalimantan Barat,Kapuas Hulu,2027,10502057.997530127,3667893.7955224183,27142290.5122557,HistGB-lag
Kalimantan Barat,Kayong Utara,2027,4616492.1826968,1612331.5266369742,11931202.562898114,HistGB-lag
Kalimantan Barat,Ketapang,2027,18772036.91291916,6556223.8487024065,48515830.555640265,HistGB-lag
Kalimantan Barat,Kota Pontianak,2027,22422.18039659472,7830.40398421611,57951.111971510014,HistGB-lag
Kalimantan Barat,Kubu Raya,2027,5626274.253968753,1965002.788977178,14540957.40704422,HistGB-lag
Kalimantan Barat,Landak,2027,8683450.132959396,3032736.220886446,22442146.967235737,HistGB-lag
Kalimantan Barat,Melawi,2027,8310194.477410842,2902374.8815807137,21477477.675825402,HistGB-lag
Kalimantan Barat,Pontianak,2027,1659425.5203402103,579561.7218376112,4288742.604357457,HistGB-lag
Kalimantan Barat,Sambas,2027,5333940.006628373,1862903.6420741833,13785427.337922106,HistGB-lag
Kalimantan Barat,Sanggau,2027,15307057.964685932,5346063.226503623,39560684.8343209,HistGB-lag
Kalimantan Barat,Sekadau,2027,6460879.2935231365,2256492.627457256,16697971.882635178,HistGB-lag
Kalimantan Barat,Singkawang,2027,436407.25479563366,152416.689413512,1127884.5006245503,HistGB-lag
Kalimantan Barat,Sintang,2027,13519395.540507821,4721713.496290153,34940518.955043405,HistGB-lag
Kalimantan Selatan,Balangan,2027,992852.3152712743,346757.812596381,2566001.9255539407,HistGB-lag
Kalimantan Selatan,Banjar,2027,2399108.629134592,837899.6178369402,6200433.880354884,HistGB-lag
Kalimantan Selatan,Banjar Baru,2027,69234.95274373451,24179.990679209084,178937.47415455902,HistGB-lag
Kalimantan Selatan,Banjarmasin,2027,608.417134002192,211.84187554407387,1574.0223368142365,HistGB-lag
Kalimantan Selatan,Barito Kuala,2027,942181.1050678841,329060.64785644313,2435043.533590741,HistGB-lag
Kalimantan Selatan,Hulu Sungai Selatan,2027,484083.42595259997,169067.82231023244,1251102.294014866,HistGB-lag
Kalimantan Selatan,Hulu Sungai Tengah,2027,599115.6747619872,209243.39043686553,1548400.0745004832,HistGB-lag
Kalimantan Selatan,Hulu Sungai Utara,2027,270261.0274574047,94389.31757215265,698484.0052420472,HistGB-lag
Kalimantan Selatan,Kota Baru,2027,7210037.873784278,2518139.8776019216,18634152.262038674,HistGB-lag
Kalimantan Selatan,Tabalong,2027,1590091.1558006285,555346.360363695,4109549.7875400204,HistGB-lag
Kalimantan Selatan,Tanah Bumbu,2027,3880074.818285615,1355134.207626353,10027951.516199918,HistGB-lag
Kalimantan Selatan,Tanah Laut,2027,1714031.9725227398,598633.2888331258,4429871.524308948,HistGB-lag
Kalimantan Selatan,Tapin,2027,1062240.7055399832,370992.0428169626,2745334.370428073,HistGB-lag
Kalimantan Tengah,Barito Selatan,2027,3562534.255852396,1244231.633513031,9207276.397677444,HistGB-lag
Kalimantan Tengah,Barito Timur,2027,2061147.062681886,719864.9095030776,5326981.22133295,HistGB-lag
Kalimantan Tengah,Barito Utara,2027,5618620.5279182205,1962329.6882115372,14521176.556101814,HistGB-lag
Kalimantan Tengah,Gunung Mas,2027,6389664.165140269,2231620.4001331273,16513918.281802703,HistGB-lag
Kalimantan Tengah,Kapuas,2027,11354884.51544036,3965747.5732684885,29346397.912904028,HistGB-lag
Kalimantan Tengah,Katingan,2027,9531901.284071306,3329061.880659474,24634946.349033605,HistGB-lag
Kalimantan Tengah,Kotawaringin Barat,2027,3963771.362388973,1384365.6296353245,10244263.003228871,HistGB-lag
Kalimantan Tengah,Kotawaringin Timur,2027,10210483.291203119,3566059.921984446,26388723.456634585,HistGB-lag
Kalimantan Tengah,Lamandau,2027,5753030.989862476,2009273.1908089842,14868556.811844608,HistGB-lag
Kalimantan Tengah,Murung Raya,2027,5143308.996370682,1796324.8416166916,13292746.57380655,HistGB-lag
Kalimantan Tengah,Palangka Raya,2027,775204.1092455032,270743.126112096,2003495.9392078086,HistGB-lag
Kalimantan Tengah,Pulang Pisau,2027,4159037.979556244,1452563.438180824,10748924.369824938,HistGB-lag
Kalimantan Tengah,Seruyan,2027,8261948.78228374,2885524.839688483,21352787.9629168,HistGB-lag
Kalimantan Tengah,Sukamara,2027,1881801.8841992728,657227.7402667287,4863468.388579161,HistGB-lag
Kalimantan Timur,Balikpapan,2027,213271.17230526148,74485.33558545052,551195.2438530205,HistGB-lag
Kalimantan Timur,Berau,2027,17098172.28648081,5971618.548621137,44189772.050967276,HistGB-lag
Kalimantan Timur,Bontang,2027,46710.538373120646,16313.230240937424,120723.72567592045,HistGB-lag
Kalimantan Timur,Kutai Barat,2027,13734958.337316172,4796999.84353954,35497635.25686054,HistGB-lag
Kalimantan Timur,Kutai Kartanegara,2027,17479452.22237822,6104782.406569768,45175179.8810257,HistGB-lag
Kalimantan Timur,Kutai Timur,2027,21100210.514122285,7369349.716395013,54532933.16283899,HistGB-lag
Kalimantan Timur,Paser,2027,7864287.183946448,2746639.6070628134,20325042.16298954,HistGB-lag
Kalimantan Timur,Penajam Paser Utara,2027,2032607.1315846913,709897.2008127545,5253220.530237812,HistGB-lag
Kalimantan Timur,Samarinda,2027,262536.00140450354,91691.31493653852,678518.8813442548,HistGB-lag
Kepulauan Riau,Batam,2027,194703.29642428178,68000.41531183859,503207.0636263186,HistGB-lag
Kepulauan Riau,Bintan,2027,360018.1943751372,125737.44135205276,930459.010368969,HistGB-lag
Kepulauan Riau,Karimun,2027,321378.27610958746,112242.26339323982,830595.1716855321,HistGB-lag
Kepulauan Riau,Kepulauan Anambas,2027,66048.38068759681,23067.065007870406,170701.86362401085,HistGB-lag
Kepulauan Riau,Lingga,2027,585573.747754215,204513.80706613473,1513401.3251534186,HistGB-lag
Kepulauan Riau,Natuna,2027,383408.71296871605,133906.69287064878,990911.1821230089,HistGB-lag
Kepulauan Riau,Tanjungpinang,2027,25801.90624393955,9010.789549435665,66685.9233262846,HistGB-lag
Lampung,Bandar Lampung,2027,9120.678221369202,3184.7901467187326,23573.734194849134,HistGB-lag
Lampung,Lampung Barat,2027,1746235.675821782,609880.5876489946,4513101.136989886,HistGB-lag
Lampung,Lampung Selatan,2027,596682.8774827921,208393.72424464367,1542112.5747866018,HistGB-lag
Lampung,Lampung Tengah,2027,405843.898653842,141742.28975983075,1048894.3214426874,HistGB-lag
Lampung,Lampung Timur,2027,379315.6843419502,132477.18286679438,980332.8587502481,HistGB-lag
Lampung,Lampung Utara,2027,1029214.2194131571,359457.3831271372,2659978.2974627055,HistGB-lag
Lampung,Mesuji,2027,1753355.6256659366,612367.2644981627,4531502.457556466,HistGB-lag
Lampung,Metro,2027,125.3483143719457,43.127758643984,325.5438502651714,HistGB-lag
Lampung,Pesawaran,2027,288453.8343456149,100743.24318968192,745502.8296556316,HistGB-lag
Lampung,Pringsewu,2027,198835.1464463024,69443.48387536625,513885.71986020356,HistGB-lag
Lampung,Tanggamus,2027,897084.1576574306,313310.32130241673,2318491.675215611,HistGB-lag
Lampung,Tulang Bawang Barat,2027,275735.45099762303,96301.2864171548,712632.5069430093,HistGB-lag
Lampung,Tulangbawang,2027,754827.1355168285,263626.36968314426,1950832.1938211815,HistGB-lag
Lampung,Way Kanan,2027,2045918.5885508792,714546.2914090445,5287623.635906336,HistGB-lag
Maluku Utara,Halmahera Barat,2027,256944.75502548454,89738.54515121257,664068.4541307087,HistGB-lag
Maluku Utara,Halmahera Selatan,2027,1813815.945983427,633483.3231948712,4687760.54364869,HistGB-lag
Maluku Utara,Halmahera Tengah,2027,785522.3240366632,274346.8124311767,2030163.0902696713,HistGB-lag
Maluku Utara,Halmahera Timur,2027,1409644.6992234923,492324.5644372584,3643190.73090912,HistGB-lag
Maluku Utara,Halmahera Utara,2027,893177.8385533828,311946.02050056856,2308395.8976269593,HistGB-lag
Maluku Utara,Kepulauan Sula,2027,1741723.1565289039,608304.5685052311,4501438.651173459,HistGB-lag
Maluku Utara,Pulau Morotai,2027,291408.99846546486,101775.3485223278,753140.3725437825,HistGB-lag
Maluku Utara,Ternate,2027,5090.375021247683,1777.1873008787245,13157.5230150984,HistGB-lag
Maluku Utara,Tidore Kepulauan,2027,133776.9324757707,46721.58862752797,345744.5001936447,HistGB-lag
Maluku,Ambon,2027,31339.680792519626,10944.88403988657,80998.15401952864,HistGB-lag
Maluku,Buru,2027,487189.6286302481,170152.67858821212,1259130.1920292175,HistGB-lag
Maluku,Buru Selatan,2027,625507.2747378652,218460.78411364817,1616608.4610833984,HistGB-lag
Maluku,Kepulauan Aru,2027,197871.98919591695,69107.09655676624,511396.46562270104,HistGB-lag
Maluku,Maluku Barat Daya,2027,186960.12349613168,65296.07479245365,483195.03961320996,HistGB-lag
Maluku,Maluku Tengah,2027,843284.7093188073,294520.60429457837,2179448.435185359,HistGB-lag
Maluku,Maluku Tenggara,2027,183143.95546725765,63963.25968874514,473332.2550750724,HistGB-lag
Maluku,Maluku Tenggara Barat,2027,946708.2214339231,330641.7650984643,2446743.7451536194,HistGB-lag
Maluku,Seram Bagian Barat,2027,479164.88314724684,167349.99749496987,1238390.4512543369,HistGB-lag
Maluku,Seram Bagian Timur,2027,440340.18603798974,153790.284633114,1138049.0565752254,HistGB-lag
Maluku,Tual,2027,55341.70763287159,19327.707765255174,143030.7525355939,HistGB-lag
Nusa Tenggara Barat,Bima,2027,1039800.2902004801,363154.6194457473,2687337.715206071,HistGB-lag
Nusa Tenggara Barat,Dompu,2027,1247472.3058981122,435685.07330552244,3224060.503597233,HistGB-lag
Nusa Tenggara Barat,Kota Bima,2027,28191.400019639816,9845.331784047508,72861.5062897806,HistGB-lag
Nusa Tenggara Barat,Lombok Barat,2027,86059.60436742094,30056.081466883243,222420.33775965203,HistGB-lag
Nusa Tenggara Barat,Lombok Tengah,2027,28408.43350810037,9921.131777455064,73422.42355496675,HistGB-lag
Nusa Tenggara Barat,Lombok Timur,2027,33496.95462996639,11698.322340199735,86573.57074319331,HistGB-lag
Nusa Tenggara Barat,Lombok Utara,2027,24634.57398262419,8603.093122770097,63668.98421598884,HistGB-lag
Nusa Tenggara Barat,Mataram,2027,3.604785153748625,0.6082434410152937,10.900944474197493,HistGB-lag
Nusa Tenggara Barat,Sumbawa,2027,1140010.0685111575,398153.36820659804,2946327.2158293854,HistGB-lag
Nusa Tenggara Barat,Sumbawa Barat,2027,231779.55152739983,80949.47636378762,599029.6565510257,HistGB-lag
Nusa Tenggara Timur,Alor,2027,251860.80355292512,87962.9505605447,650929.117079296,HistGB-lag
Nusa Tenggara Timur,Belu,2027,97784.75305675327,34151.146240794995,252723.67197489933,HistGB-lag
Nusa Tenggara Timur,Ende,2027,163616.9336839944,57143.35307921947,422865.1878331016,HistGB-lag
Nusa Tenggara Timur,Flores Timur,2027,133572.05796533145,46650.0352158825,345215.00748301717,HistGB-lag
Nusa Tenggara Timur,Kota Kupang,2027,5013.428312693424,1750.3132915149301,12958.656298107053,HistGB-lag
Nusa Tenggara Timur,Kupang,2027,576304.0198032579,201276.30983676092,1489443.9603792012,HistGB-lag
Nusa Tenggara Timur,Lembata,2027,41936.93260537218,14646.025385630652,108386.46882530808,HistGB-lag
Nusa Tenggara Timur,Manggarai,2027,71396.83324440129,24935.037878886975,184524.7966765101,HistGB-lag
Nusa Tenggara Timur,Manggarai Barat,2027,168523.00894721088,58856.823545213345,435544.8085633418,HistGB-lag
Nusa Tenggara Timur,Manggarai Timur,2027,178198.85902651824,62236.160888156584,460551.78515176184,HistGB-lag
Nusa Tenggara Timur,Nagekeo,2027,37363.320286585134,13048.669207688641,96566.08971205454,HistGB-lag
Nusa Tenggara Timur,Ngada,2027,29779.41118181341,10399.952347342562,76965.67880476727,HistGB-lag
Nusa Tenggara Timur,Rote Ndao,2027,29643.13000323062,10352.355487929657,76613.46373174227,HistGB-lag
Nusa Tenggara Timur,Sabu Raijua,2027,2349.5618557124662,819.9450736421214,6073.964454145684,HistGB-lag
Nusa Tenggara Timur,Sikka,2027,92320.22387363567,32242.633047767682,238600.74197609737,HistGB-lag
Nusa Tenggara Timur,Sumba Barat,2027,309017.386944811,107925.16318972965,798648.7831592489,HistGB-lag
Nusa Tenggara Timur,Sumba Barat Daya,2027,348677.3518135588,121776.59734820212,901148.9050959599,HistGB-lag
Nusa Tenggara Timur,Sumba Tengah,2027,56652.47281692275,19785.498832498648,146418.3902110249,HistGB-lag
Nusa Tenggara Timur,Sumba Timur,2027,396558.9579911584,138499.47941745876,1024897.6398205577,HistGB-lag
Nusa Tenggara Timur,Timor Tengah Selatan,2027,594261.7886935605,207548.1472990553,1535855.335352903,HistGB-lag
Nusa Tenggara Timur,Timor Tengah Utara,2027,187059.28189173338,65330.70634072865,483451.31184325,HistGB-lag
Papua Barat,Fakfak,2027,1101322.9082669816,384641.69075872545,2846341.2815115796,HistGB-lag
Papua Barat,Kaimana,2027,455774.37871257804,159180.7509214415,1177938.3160936225,HistGB-lag
Papua Barat,Kota Sorong,2027,35734.68521976612,12479.860549615432,92356.92579847533,HistGB-lag
Papua Barat,Manokwari,2027,1324726.5686912448,462666.4974717257,3423722.0863200827,HistGB-lag
Papua Barat,Maybrat,2027,306915.81740305567,107191.1798835565,793217.332702818,HistGB-lag
Papua Barat,Raja Ampat,2027,163601.1776457988,57137.85020682947,422824.466772414,HistGB-lag
Papua Barat,Sorong,2027,3566020.007344729,1245449.04904652,9216285.229485229,HistGB-lag
Papua Barat,Sorong Selatan,2027,294275.96100265865,102776.64902650549,760549.9607928611,HistGB-lag
Papua Barat,Tambrauw,2027,366055.0072867719,127845.82739952543,946060.9924080217,HistGB-lag
Papua Barat,Teluk Bintuni,2027,1716296.763948092,599424.2781699736,4435724.81737232,HistGB-lag
Papua Barat,Teluk Wondama,2027,599525.0292910482,209386.3594819851,1549458.0403681523,HistGB-lag
Papua,Asmat,2027,259132.70177770042,90502.69611505882,669723.1441849069,HistGB-lag
Papua,Biak Numfor,2027,606164.473377286,211705.21737592772,1566617.5066128545,HistGB-lag
Papua,Boven Digoel,2027,475665.62218871317,166127.86371520357,1229346.7045912957,HistGB-lag
Papua,Deiyai,2027,43208.1909029749,15090.018482092813,111672.00200589883,HistGB-lag
Papua,Dogiyai,2027,171170.43372348335,59781.449426739106,442387.007321819,HistGB-lag
Papua,Intan Jaya,2027,323369.280321327,112937.63122423564,835740.8689940192,HistGB-lag
Papua,Jayapura,2027,771977.2515108366,269616.1304730829,1995156.2114150499,HistGB-lag
Papua,Jayawijaya,2027,188252.56192449745,65747.46515181565,486535.3122771319,HistGB-lag
Papua,Keerom,2027,964046.0630550483,336697.0899697751,2491552.9346263288,HistGB-lag
Papua,Kepulauan Yapen,2027,140589.3685964278,49100.86482447788,363351.0597396329,HistGB-lag
Papua,Kota Jayapura,2027,159065.25386700366,55553.65693339215,411101.49268605775,HistGB-lag
Papua,Lanny Jaya,2027,154267.39882247007,53877.982901123396,398701.56422603835,HistGB-lag
Papua,Mamberamo Raya,2027,799432.1970519144,279204.9027209967,2066112.7862642568,HistGB-lag
Papua,Mamberamo Tengah,2027,315591.12790090387,110221.07394833768,815638.4414156242,HistGB-lag
Papua,Mappi,2027,141367.63401607785,49372.67777877006,365362.4659694986,HistGB-lag
Papua,Merauke,2027,5129734.455862066,1791583.8678233742,13257663.535735974,HistGB-lag
Papua,Mimika,2027,1163495.8335965686,406355.8850221959,3007025.5496024583,HistGB-lag
Papua,Nabire,2027,2056765.7261918937,718334.7065864063,5315657.773973473,HistGB-lag
Papua,Nduga,2027,183600.88549665068,64122.84470698991,474513.1785550686,HistGB-lag
Papua,Paniai,2027,175147.26132135134,61170.375660379614,452665.0122331133,HistGB-lag
Papua,Pegunungan Bintang,2027,1466297.075312088,512110.68023209524,3789607.2866550204,HistGB-lag
Papua,Puncak,2027,408285.06306950876,142594.87821485128,1055203.4457977265,HistGB-lag
Papua,Puncak Jaya,2027,282260.21521334554,98580.09181279082,729495.5861195332,HistGB-lag
Papua,Sarmi,2027,675858.4043274861,236046.1591542834,1746739.6132331109,HistGB-lag
Papua,Supiori,2027,31808.458612986662,11108.606956350071,82209.69779971387,HistGB-lag
Papua,Tolikara,2027,432056.1248338582,150897.03627261927,1116639.1212319955,HistGB-lag
Papua,Waropen,2027,324370.64898767817,113287.364064298,838328.8796174346,HistGB-lag
Papua,Yahukimo,2027,1051677.093442289,367302.65030410746,2718032.9965693434,HistGB-lag
Papua,Yalimo,2027,532447.0806222404,185959.06214205374,1376096.8702165582,HistGB-lag
Riau,Bengkalis,2027,5101337.881622915,1781666.2272076681,13184273.346618779,HistGB-lag
Riau,Dumai,2027,1887056.9518447616,659063.0980067243,4877049.970817846,HistGB-lag
Riau,Indragiri Hilir,2027,8062873.586793279,2815996.8667806187,20838283.427174646,HistGB-lag
Riau,Indragiri Hulu,2027,5426505.644963999,1895232.6380525245,14024660.76255955,HistGB-lag
Riau,Kampar,2027,9577055.617528941,3344832.2495674663,24751646.520117864,HistGB-lag
Riau,Kepulauan Meranti,2027,1176936.9424520882,411050.2571666301,3041763.7371226647,HistGB-lag
Riau,Kuantan Singingi,2027,5841699.610075857,2040241.1343982653,15097718.497032946,HistGB-lag
Riau,Pekanbaru,2027,210470.0531088183,73507.0311858382,543955.8259628414,HistGB-lag
Riau,Pelalawan,2027,7294816.40198179,2547749.1877782247,18853260.108115114,HistGB-lag
Riau,Rokan Hilir,2027,5484413.364072833,1915457.1884563854,14174321.718875991,HistGB-lag
Riau,Rokan Hulu,2027,6882209.147546814,2403644.112621747,17786887.65842888,HistGB-lag
Riau,Siak,2027,3782101.2128040977,1320916.4530194956,9774741.34464104,HistGB-lag
Sulawesi Barat,Majene,2027,255733.0001817575,89315.33392322378,660936.7060403996,HistGB-lag
Sulawesi Barat,Mamasa,2027,713273.4932465139,249113.5595518993,1843437.9131223091,HistGB-lag
Sulawesi Barat,Mamuju,2027,4364127.5505614905,1524191.9607670123,11278972.898752192,HistGB-lag
Sulawesi Barat,Mamuju Utara,2027,2161356.9857779383,754863.7088309195,5585971.096150206,HistGB-lag
Sulawesi Barat,Polewali Mandar,2027,1049846.2804306347,366663.2300229416,2713301.309147055,HistGB-lag
Sulawesi Selatan,Bantaeng,2027,28024.54914514111,9787.05831078421,72430.28465259653,HistGB-lag
Sulawesi Selatan,Barru,2027,133899.6230518392,46764.43890341455,346061.59071677364,HistGB-lag
Sulawesi Selatan,Bone,2027,1442019.391663623,503631.58203597134,3726862.2604669244,HistGB-lag
Sulawesi Selatan,Bulukumba,2027,50343.81626615045,17582.170081940487,130113.83553350564,HistGB-lag
Sulawesi Selatan,Enrekang,2027,330926.3676604956,115576.98045348334,855271.9597631276,HistGB-lag
Sulawesi Selatan,Gowa,2027,158727.96626029155,55435.85760875072,410229.7818580188,HistGB-lag
Sulawesi Selatan,Jeneponto,2027,6519.634002558136,2276.3628987529305,16851.404750704845,HistGB-lag
Sulawesi Selatan,Kepulauan Selayar,2027,161651.0541367676,56456.76015857477,417784.4245502672,HistGB-lag
Sulawesi Selatan,Luwu,2027,1062467.5127647682,371071.25633495674,2745920.5476542395,HistGB-lag
Sulawesi Selatan,Luwu Timur,2027,2780376.1255627004,971059.1312408744,7185809.560936507,HistGB-lag
Sulawesi Selatan,Luwu Utara,2027,2257140.3636366357,788316.5158688629,5833520.6828056155,HistGB-lag
Sulawesi Selatan,Makassar,2027,1937.1369935522657,675.9036998679677,5008.0633924313415,HistGB-lag
Sulawesi Selatan,Maros,2027,241219.58151856135,84246.45240270531,623427.1624081915,HistGB-lag
Sulawesi Selatan,Palopo,2027,51386.106218474764,17946.194878645092,132807.6061296273,HistGB-lag
Sulawesi Selatan,Pangkajene Dan Kepulauan,2027,41264.8857463333,14411.309776320551,106649.58163373746,HistGB-lag
Sulawesi Selatan,Parepare,2027,13227.192300976112,4619.010010068582,34186.91036097867,HistGB-lag
Sulawesi Selatan,Pinrang,2027,270954.4115260422,94631.48530490408,700276.0378830121,HistGB-lag
Sulawesi Selatan,Sidenreng Rappang,2027,449149.53632964246,156866.9927428557,1160816.5875618486,HistGB-lag
Sulawesi Selatan,Sinjai,2027,26322.761416595342,9192.700732514564,68032.05963490889,HistGB-lag
Sulawesi Selatan,Soppeng,2027,410761.9396227542,143459.9393062941,1061604.867220313,HistGB-lag
Sulawesi Selatan,Takalar,2027,42765.38053091842,14935.36482232464,110527.57040388307,HistGB-lag
Sulawesi Selatan,Tana Toraja,2027,121241.01102140955,42343.35755204622,313345.74538099027,HistGB-lag
Sulawesi Selatan,Toraja Utara,2027,39977.031597874244,13961.520498843074,103321.1569190254,HistGB-lag
Sulawesi Selatan,Wajo,2027,331029.16149819695,115612.88169745894,855537.6276963594,HistGB-lag
Sulawesi Tengah,Banggai,2027,3018631.960781355,1054271.1316882984,7801575.415567635,HistGB-lag
Sulawesi Tengah,Banggai Kepulauan,2027,1911216.5544211213,667500.9558184695,4939489.8196229255,HistGB-lag
Sulawesi Tengah,Buol,2027,2014958.4217215793,703733.3037074518,5207607.9100809,HistGB-lag
Sulawesi Tengah,Donggala,2027,2142616.3422041773,748318.4486067002,5537536.402427202,HistGB-lag
Sulawesi Tengah,Morowali,2027,7017869.931385771,2451024.2961758887,18137499.33777713,HistGB-lag
Sulawesi Tengah,Palu,2027,103593.13073292616,36179.750179686744,267735.26923759223,HistGB-lag
Sulawesi Tengah,Parigi Moutong,2027,2720116.298889032,950013.0959170002,7030069.645321925,HistGB-lag
Sulawesi Tengah,Poso,2027,2478776.677867023,865724.0683931437,6406333.828490461,HistGB-lag
Sulawesi Tengah,Sigi,2027,1501773.3587708522,524500.9434646177,3881294.7955173915,HistGB-lag
Sulawesi Tengah,Tojo Una-Una,2027,2093464.9888343122,731152.1012018141,5410506.039933475,HistGB-lag
Sulawesi Tengah,Toli-Toli,2027,1619990.1195745154,565788.7177760409,4186822.8623585934,HistGB-lag
Sulawesi Tenggara,Bau-Bau,2027,113590.59520168725,39671.412900493495,293573.44964186806,HistGB-lag
Sulawesi Tenggara,Bombana,2027,1771369.2298328674,618658.6027003215,4578058.13731414,HistGB-lag
Sulawesi Tenggara,Buton,2027,1151004.0673704087,401993.0753732889,2974740.912799987,HistGB-lag
Sulawesi Tenggara,Buton Utara,2027,843183.4493626081,294485.23876612104,2179186.7315279786,HistGB-lag
Sulawesi Tenggara,Kendari,2027,174283.1203293634,60868.57024794995,450431.6628758355,HistGB-lag
Sulawesi Tenggara,Kolaka,2027,3809353.221669737,1330434.3486539912,9845173.43506252,HistGB-lag
Sulawesi Tenggara,Kolaka Utara,2027,1031272.8527309351,360176.37074984465,2665298.780392873,HistGB-lag
Sulawesi Tenggara,Konawe,2027,2322937.046368624,811296.3248960315,6003570.455299851,HistGB-lag
Sulawesi Tenggara,Konawe Selatan,2027,3294104.662945552,1150481.3025523338,8513527.270681746,HistGB-lag
Sulawesi Tenggara,Konawe Utara,2027,2097175.5595482206,732448.0359335807,5420095.911026126,HistGB-lag
Sulawesi Tenggara,Muna,2027,1566568.6237409979,547131.0025048865,4048756.430502222,HistGB-lag
Sulawesi Tenggara,Wakatobi,2027,30144.677288937157,10527.523298297514,77909.69932126133,HistGB-lag
Sulawesi Utara,Bitung,2027,92003.55520437084,32132.034986551815,237782.32024222543,HistGB-lag
Sulawesi Utara,Bolaang Mongondow,2027,767015.7379598046,267883.2979174836,1982333.3119078397,HistGB-lag
Sulawesi Utara,Bolaang Mongondow Selatan,2027,294681.09207334864,102918.14300840348,761597.0112449606,HistGB-lag
Sulawesi Utara,Bolaang Mongondow Timur,2027,188612.50529455196,65873.17711115774,487465.57632156555,HistGB-lag
Sulawesi Utara,Bolaang Mongondow Utara,2027,307773.69021195505,107490.79610278762,795434.4821080023,HistGB-lag
Sulawesi Utara,Kepulauan Sangihe,2027,5488.73472675275,1916.3163508023167,14187.07305439048,HistGB-lag
Sulawesi Utara,Kepulauan Talaud,2027,75083.88003115317,26222.756765550566,194053.87080653358,HistGB-lag
Sulawesi Utara,Kotamobagu,2027,13064.09142851646,4562.04624311768,33765.38050409591,HistGB-lag
Sulawesi Utara,Manado,2027,20632.792325746894,7205.451563574006,53326.486204417415,HistGB-lag
Sulawesi Utara,Minahasa,2027,117411.00080727282,41005.70799832217,303447.1860840501,HistGB-lag
Sulawesi Utara,Minahasa Selatan,2027,193271.97757301774,67500.52029444065,499507.85821172973,HistGB-lag
Sulawesi Utara,Minahasa Tenggara,2027,168337.47864643708,58792.02619216286,435065.31044691114,HistGB-lag
Sulawesi Utara,Minahasa Utara,2027,233819.22388376988,81661.84177920378,604301.1353819012,HistGB-lag
Sulawesi Utara,Siau Tagulandang Biaro,2027,86353.27533098205,30158.6474683783,223179.32253621207,HistGB-lag
Sulawesi Utara,Tomohon,2027,7694.512024816805,2686.694718849324,19887.845679001555,HistGB-lag
Sumatera Barat,Agam,2027,835681.3368807567,291865.0897711403,2159797.7218120713,HistGB-lag
Sumatera Barat,Bukittinggi,2027,374.8663208720615,130.27312677095242,970.4164863430875,HistGB-lag
Sumatera Barat,Danau,2027,0.0,-0.6507451732669725,1.5844733417169903,HistGB-lag
Sumatera Barat,Dharmasraya,2027,2560931.17068129,894416.9215463303,6618659.925071214,HistGB-lag
Sumatera Barat,Kepulauan Mentawai,2027,856463.0938396362,299123.2186970217,2213507.618666337,HistGB-lag
Sumatera Barat,Kota Solok,2027,25481.60521250172,8898.922868198435,65858.11384920905,HistGB-lag
Sumatera Barat,Lima Puluh Kota,2027,2371340.6182708372,828201.5060139986,6128668.196525001,HistGB-lag
Sumatera Barat,Padang,2027,136525.24729231148,47681.450842586724,352847.44657164015,HistGB-lag
Sumatera Barat,Padang Panjang,2027,179.85263746433625,62.163656561817824,466.40882030578456,HistGB-lag
Sumatera Barat,Padang Pariaman,2027,412860.4679765606,144192.8604628971,1067028.457807563,HistGB-lag
Sumatera Barat,Pariaman,2027,9073.668874430452,3168.3719053988066,23452.23979087441,HistGB-lag
Sumatera Barat,Pasaman,2027,2017626.6142149768,704665.1828144237,5214503.7824506555,HistGB-lag
Sumatera Barat,Pasaman Barat,2027,2374243.336531079,829215.2943770341,6136170.194487111,HistGB-lag
Sumatera Barat,Payakumbuh,2027,3133.4499402075226,1093.7217707705272,8099.90231141275,HistGB-lag
Sumatera Barat,Pesisir Selatan,2027,5140870.1905891625,1795473.0769260314,13286443.545278588,HistGB-lag
Sumatera Barat,Sawahlunto,2027,73095.71158470404,25528.379339269904,188915.50245784296,HistGB-lag
Sumatera Barat,Sijunjung,2027,3569405.925440122,1246631.5972842588,9225036.044539994,HistGB-lag
Sumatera Barat,Solok,2027,577455.4344454065,201678.44695810237,1492419.7608270966,HistGB-lag
Sumatera Barat,Solok Selatan,2027,2468434.506567331,862112.0151478265,6379604.762470937,HistGB-lag
Sumatera Barat,Tanah Datar,2027,164337.22998607828,57394.92003940022,424726.77442397474,HistGB-lag
Sumatera Selatan,Banyu Asin,2027,5511203.0096660135,1924813.6014862708,14243558.843745612,HistGB-lag
Sumatera Selatan,Empat Lawang,2027,1907085.4692995332,666058.1544001099,4928813.140253818,HistGB-lag
Sumatera Selatan,Lahat,2027,3668822.8748561163,1281353.4467268682,9481976.500020457,HistGB-lag
Sumatera Selatan,Lubuklinggau,2027,469298.242411561,163904.0255943909,1212890.381300658,HistGB-lag
Sumatera Selatan,Muara Enim,2027,8351179.013434115,2916688.928608255,21583401.116600227,HistGB-lag
Sumatera Selatan,Musi Banyuasin,2027,16263466.69537438,5680093.592026172,42032497.70257059,HistGB-lag
Sumatera Selatan,Musi Rawas,2027,15621295.85545068,5455812.326595617,40372824.28595977,HistGB-lag
Sumatera Selatan,Ogan Ilir,2027,1625671.4079148988,567772.9351509818,4201506.000620921,HistGB-lag
Sumatera Selatan,Ogan Komering Ilir,2027,12320311.7033499,4302927.678505189,31841518.743425034,HistGB-lag
Sumatera Selatan,Ogan Komering Ulu,2027,2550465.987458211,890761.9057930245,6591612.938014983,HistGB-lag
Sumatera Selatan,Ogan Komering Ulu Selatan,2027,2884681.899889543,1007488.4263806503,7455385.054071381,HistGB-lag
Sumatera Selatan,Ogan Komering Ulu Timur,2027,1328792.0303172509,464086.3795675062,3434229.1635142686,HistGB-lag
Sumatera Selatan,Pagar Alam,2027,173819.43238137095,60706.624994015656,449233.2737353736,HistGB-lag
Sumatera Selatan,Palembang,2027,73972.48830667745,25834.59784138628,191181.5085224212,HistGB-lag
Sumatera Selatan,Prabumulih,2027,336112.9207934688,117388.40916928151,868676.4680706953,HistGB-lag
Sumatera Utara,Asahan,2027,1996159.0809447977,697167.5432017618,5159021.515001455,HistGB-lag
Sumatera Utara,Batu Bara,2027,320172.93466367637,111821.292075394,827479.9988509084,HistGB-lag
Sumatera Utara,Dairi,2027,876063.603165033,305968.79118534224,2264164.6125019,HistGB-lag
Sumatera Utara,Deli Serdang,2027,1166421.6517699184,407377.7411413815,3014587.248674192,HistGB-lag
Sumatera Utara,Gunungsitoli,2027,25265.289694411247,8823.373629408083,65299.052159304534,HistGB-lag
Sumatera Utara,Humbang Hasundutan,2027,1151060.1576376548,402012.6651698573,2974885.8766004145,HistGB-lag
Sumatera Utara,Karo,2027,848069.969227758,296191.8794149514,2191815.811853229,HistGB-lag
Sumatera Utara,Kota Binjai,2027,5658.977907253928,1975.7746033107348,14627.062016004884,HistGB-lag
Sumatera Utara,Kota Medan,2027,3276.6088516698583,1143.720711588594,8469.892701716379,HistGB-lag
Sumatera Utara,Kota Tanjungbalai,2027,36735.69643608507,12829.468548528725,94944.01260181135,HistGB-lag
Sumatera Utara,Labuhanbatu,2027,1789090.3599352476,624847.7929237416,4623857.92564884,HistGB-lag
Sumatera Utara,Labuhanbatu Selatan,2027,2038244.5446226494,711866.094526549,5267790.2739506615,HistGB-lag
Sumatera Utara,Labuhanbatu Utara,2027,2458636.1177031696,858689.8805428109,6354281.087659734,HistGB-lag
Sumatera Utara,Lake Toba,2027,1544.451799257799,538.7565003740284,3993.178976090339,HistGB-lag
Sumatera Utara,Langkat,2027,3719907.7912591896,1299195.1003538945,9614004.104628041,HistGB-lag
Sumatera Utara,Mandailing Natal,2027,4654688.399045377,1625671.739559654,12029919.665805468,HistGB-lag
Sumatera Utara,Nias,2027,301684.1591349184,105363.9979815918,779696.251375844,HistGB-lag
Sumatera Utara,Nias Barat,2027,52984.23612215008,18504.349461250087,136937.9302622769,HistGB-lag
Sumatera Utara,Nias Selatan,2027,736236.4550488677,257133.48479745755,1902785.0757473584,HistGB-lag
Sumatera Utara,Nias Utara,2027,461754.6139187983,161269.3769322127,1193394.074561296,HistGB-lag
Sumatera Utara,Padang Lawas,2027,2635191.943928541,920352.8550398597,6810584.913864024,HistGB-lag
Sumatera Utara,Padang Lawas Utara,2027,3102499.0651561865,1083562.122695331,8018327.711071383,HistGB-lag
Sumatera Utara,Padangsidimpuan,2027,28866.771189870295,10081.208425086837,74606.98507500548,HistGB-lag
Sumatera Utara,Pakpak Barat,2027,434334.6727413248,151692.8301272444,1122527.967556668,HistGB-lag
Sumatera Utara,Pematangsiantar,2027,10377.021332074448,3623.574042165326,26820.719472516637,HistGB-lag
Sumatera Utara,Samosir,2027,167055.04084801773,58344.128601080025,431750.8841444861,HistGB-lag
Sumatera Utara,Serdang Bedagai,2027,807856.3054536795,282147.0632412354,2087884.6698563527,HistGB-lag
Sumatera Utara,Sibolga,2027,2612.337469295691,911.7207250337955,6753.1010223048515,HistGB-lag
Sumatera Utara,Simalungun,2027,2235363.35044042,780710.7888982558,5777238.572737778,HistGB-lag
Sumatera Utara,Tapanuli Selatan,2027,2398357.999738995,837637.4568974401,6198493.898692453,HistGB-lag
Sumatera Utara,Tapanuli Tengah,2027,2018602.6583460744,705006.070938314,5217026.342487817,HistGB-lag
Sumatera Utara,Tapanuli Utara,2027,2002220.4739779066,699284.5139753011,5174687.023709195,HistGB-lag
Sumatera Utara,Tebingtinggi,2027,2109.9264014880073,736.2512345978676,5454.633010972328,HistGB-lag
Sumatera Utara,Toba Samosir,2027,1083869.8289176938,378546.1185546322,2801234.263202474,HistGB-lag
Yogyakarta,Bantul,2027,4627.080442869539,1615.379433180915,11960.150527918078,HistGB-lag
Yogyakarta,Gunung Kidul,2027,20467.383927981016,7147.681882272098,52898.992609895395,HistGB-lag
Yogyakarta,Kota Yogyakarta,2027,0.02916173411002023,-0.6405602968731428,1.6598410661225764,HistGB-lag
Yogyakarta,Kulon Progo,2027,3913.911082791278,1366.3015918954777,10116.983328666449,HistGB-lag
Yogyakarta,Sleman,2027,7756.807839181282,2708.4518327013825,20048.847550527098,HistGB-lag
Aceh,Aceh Barat,2028,3074697.7497751736,800111.2514909727,9743703.362233803,HistGB-lag
Aceh,Aceh Barat Daya,2028,715266.5999730215,186129.2249122148,2266678.307861048,HistGB-lag
Aceh,Aceh Besar,2028,1184176.329890508,308151.0716956558,3752650.8055650797,HistGB-lag
Aceh,Aceh Jaya,2028,2641138.2407087684,687288.4017793358,8369755.530730887,HistGB-lag
Aceh,Aceh Selatan,2028,2413863.781418073,628145.9965785764,7649523.950132299,HistGB-lag
Aceh,Aceh Singkil,2028,914962.7153035341,238095.06659435702,2899514.2597439224,HistGB-lag
Aceh,Aceh Tamiang,2028,1665424.230821248,433383.6140925832,5277722.903102304,HistGB-lag
Aceh,Aceh Tengah,2028,2420271.425938574,629813.4233092201,7669829.742324336,HistGB-lag
Aceh,Aceh Tenggara,2028,774668.391142772,201587.03224338862,2454922.2754326747,HistGB-lag
Aceh,Aceh Timur,2028,4821477.278490987,1254666.2551905531,15279238.612655763,HistGB-lag
Aceh,Aceh Utara,2028,3124070.3026905,812959.2043116604,9900164.725888,HistGB-lag
Aceh,Banda Aceh,2028,47.380632900445406,11.589830831838126,152.31797428095075,HistGB-lag
Aceh,Bener Meriah,2028,1253176.2708289588,326106.55370866443,3971311.2598827644,HistGB-lag
Aceh,Bireuen,2028,1831466.8280073276,476591.98248564196,5803911.0308455285,HistGB-lag
Aceh,Gayo Lues,2028,1145415.3660537342,298064.51539557317,3629817.5125641394,HistGB-lag
Aceh,Langsa,2028,28244.67505373576,7349.2194853331375,89509.39748380143,HistGB-lag
Aceh,Lhokseumawe,2028,32358.139310516228,8419.644075111542,102544.94434042124,HistGB-lag
Aceh,Nagan Raya,2028,2847841.244266916,741077.6081459593,9024796.275000084,HistGB-lag
Aceh,Pidie,2028,774985.8598014177,201669.64539801568,2455928.33196239,HistGB-lag
Aceh,Pidie Jaya,2028,484531.91994423064,126086.38515486155,1535481.3057223705,HistGB-lag
Aceh,Sabang,2028,23630.034252689293,6148.376429922466,74885.62476246206,HistGB-lag
Aceh,Simeulue,2028,656207.5708627246,170760.6127007694,2079520.5514748748,HistGB-lag
Aceh,Subulussalam,2028,1032339.0224119268,268639.2691309662,3271479.1670957617,HistGB-lag
Bali,Badung,2028,21276.191471055634,5535.848634213572,67426.30921777872,HistGB-lag
Bali,Bangli,2028,27279.25960032493,7097.994635383465,86450.00092813729,HistGB-lag
Bali,Buleleng,2028,41313.8348472236,10750.13636157263,130925.49696341691,HistGB-lag
Bali,Denpasar,2028,232.47021131730406,59.754692291991404,738.8658865784496,HistGB-lag
Bali,Gianyar,2028,11407.409643511262,2967.748833188479,36152.1908834187,HistGB-lag
Bali,Jembrana,2028,52237.04729103037,13592.624947671515,165541.10044200448,HistGB-lag
Bali,Karangasem,2028,15149.559738645537,3941.548343873543,48011.04509109013,HistGB-lag
Bali,Klungkung,2028,7923.6025620626415,2061.1765298362,25112.024343794612,HistGB-lag
Bali,Tabanan,2028,20560.042724503226,5349.489113285421,65156.83756098594,HistGB-lag
Bangka Belitung,Bangka,2028,3421723.1448648823,890415.7960288966,10843425.036166493,HistGB-lag
Bangka Belitung,Bangka Barat,2028,2898290.8555284487,754205.8380436886,9184670.830957146,HistGB-lag
Bangka Belitung,Bangka Selatan,2028,4239623.652319098,1103253.6282108799,13435347.494565886,HistGB-lag
Bangka Belitung,Bangka Tengah,2028,2530790.7959615528,658573.2821373135,8020065.051680406,HistGB-lag
Bangka Belitung,Belitung,2028,1872622.9837647614,487301.8266445864,5934334.67459788,HistGB-lag
Bangka Belitung,Belitung Timur,2028,1870348.639818572,486709.98640151107,5927127.290449653,HistGB-lag
Bangka Belitung,Pangkalpinang,2028,49045.57888219558,12762.12635838961,155427.35363693335,HistGB-lag
Banten,Cilegon,2028,1122.821220555672,291.4459273019453,3560.383608686828,HistGB-lag
Banten,Kota Serang,2028,3006.28021931477,781.5682913866436,9529.055389504194,HistGB-lag
Banten,Kota Tangerang,2028,0.2486291463078438,-0.6750759801744246,2.956899276906917,HistGB-lag
Banten,Lebak,2028,1336729.3641571354,347849.12397729023,4236090.578506877,HistGB-lag
Banten,Pandeglang,2028,1112175.074008401,289414.5737027313,3524479.1997854584,HistGB-lag
Banten,Serang,2028,41680.25196971176,10845.487110611142,132086.67092071794,HistGB-lag
Banten,Tangerang,2028,5427.864218869028,1411.7240184150387,17203.042501801836,HistGB-lag
Banten,Tangerang Selatan,2028,3.1336356659855102,0.07567368666504135,12.099469947582113,HistGB-lag
Bengkulu,Bengkulu,2028,58453.734577878604,15210.359908619854,185241.75015278856,HistGB-lag
Bengkulu,Bengkulu Selatan,2028,1026534.5489045329,267128.802335785,3253084.82071025,HistGB-lag
Bengkulu,Bengkulu Tengah,2028,1298049.137400843,337783.57745166024,4113513.1408944814,HistGB-lag
Bengkulu,Bengkulu Utara,2028,5190214.910040006,1350620.8577706297,16447766.251113622,HistGB-lag
Bengkulu,Kaur,2028,2233440.3581785485,581195.3834817843,7077763.059346932,HistGB-lag
Bengkulu,Kepahiang,2028,268452.925261224,69857.31525057642,850728.0942951199,HistGB-lag
Bengkulu,Lebong,2028,748079.1236884986,194667.85076263707,2370661.025025054,HistGB-lag
Bengkulu,Mukomuko,2028,4314806.96736532,1122818.176276145,13673603.029302975,HistGB-lag
Bengkulu,Rejang Lebong,2028,1043225.2628155336,271472.13668270234,3305977.606371058,HistGB-lag
Bengkulu,Seluma,2028,2186705.9950711643,569033.9525479147,6929662.105486352,HistGB-lag
Gorontalo,Boalemo,2028,418791.76571754314,108979.17983416961,1327151.0985567628,HistGB-lag
Gorontalo,Bone Bolango,2028,313743.47371052275,81643.03009294241,994253.607006133,HistGB-lag
Gorontalo,Danau Limboto,2028,3.8019539088379624,0.24958653391235847,14.217366986671884,HistGB-lag
Gorontalo,Gorontalo,2028,766522.5844987195,199467.29296985504,2429108.256502406,HistGB-lag
Gorontalo,Gorontalo Utara,2028,778286.4982771433,202528.55272425816,2466388.038142202,HistGB-lag
Gorontalo,Kota Gorontalo,2028,2063.7660769132362,536.3029259279572,6542.232969435764,HistGB-lag
Gorontalo,Pohuwato,2028,2069449.8310057088,538521.0141865658,6558077.930813331,HistGB-lag
Jakarta Raya,Jakarta Barat,2028,2.8542531544988345,0.0029714844381883774,11.214108220322291,HistGB-lag
Jakarta Raya,Jakarta Pusat,2028,0.0,-0.7397754002568615,2.168994804107641,HistGB-lag
Jakarta Raya,Jakarta Selatan,2028,3.8030237515792162,0.2498649333114893,14.220757312760126,HistGB-lag
Jakarta Raya,Jakarta Timur,2028,5.815040500079777,0.7734411863665389,20.596827934535956,HistGB-lag
Jakarta Raya,Jakarta Utara,2028,6.018072855135584,0.8262751996958431,21.240236412773548,HistGB-lag
Jakarta Raya,Kepulauan Seribu,2028,0.0,-0.7397754002568615,2.168994804107641,HistGB-lag
Jambi,Batang Hari,2028,8265663.064196559,2150928.1227167924,26193845.47193819,HistGB-lag
Jambi,Bungo,2028,5892192.908426912,1533292.8014293516,18672330.880599577,HistGB-lag
Jambi,Jambi,2028,32772.136232895005,8527.376258532451,103856.89843635615,HistGB-lag
Jambi,Kerinci,2028,2223798.6921258634,578686.3847923672,7047208.669723033,HistGB-lag
Jambi,Merangin,2028,9128048.353317242,2375341.989402593,28926739.972300507,HistGB-lag
Jambi,Muaro Jambi,2028,6590835.670688203,1715096.8346022365,20886326.164133053,HistGB-lag
Jambi,Sarolangun,2028,7838994.442625668,2039898.451445551,24841734.827104263,HistGB-lag
Jambi,Sungai Penuh,2028,102880.77358769329,26771.368352721674,326030.8059367787,HistGB-lag
Jambi,Tanjung Jabung B,2028,4269154.6737458045,1110938.3264416505,13528931.148027135,HistGB-lag
Jambi,Tanjung Jabung T,2028,3554363.388430451,924932.0503205791,11263761.278841332,HistGB-lag
Jambi,Tebo,2028,7362064.233468463,1915789.4786622056,23330345.472363066,HistGB-lag
Jawa Barat,Bandung,2028,143046.18020601917,37223.39521349593,453314.77081512415,HistGB-lag
Jawa Barat,Bandung Barat,2028,67792.80793086159,17640.61653387166,214837.22508357174,HistGB-lag
Jawa Barat,Banjar,2028,6016.963762395974,1565.0222113382038,19069.895894340912,HistGB-lag
Jawa Barat,Bekasi,2028,7481.368345342662,1946.0963077975234,23710.586408810384,HistGB-lag
Jawa Barat,Bogor,2028,331731.60636227136,86323.98471237016,1051257.9059151232,HistGB-lag
Jawa Barat,Ciamis,2028,168820.1865554495,43930.425699553554,534992.4630175063,HistGB-lag
Jawa Barat,Cianjur,2028,292018.38422396616,75989.62737691935,925406.9113044617,HistGB-lag
Jawa Barat,Cimahi,2028,0.0,-0.7397754002568615,2.168994804107641,HistGB-lag
Jawa Barat,Cirebon,2028,13001.961238307782,3382.6903837141867,41205.31660221042,HistGB-lag
Jawa Barat,Depok,2028,914.0228820672633,237.11146324176678,2898.702758910756,HistGB-lag
Jawa Barat,Garut,2028,181463.8702486485,47220.623227895114,575060.2309460344,HistGB-lag
Jawa Barat,Indramayu,2028,25732.022160048662,6695.365391779975,81546.813519181,HistGB-lag
Jawa Barat,Karawang,2028,66197.16514230499,17225.391027886497,209780.6413774241,HistGB-lag
Jawa Barat,Kota Bandung,2028,95.38867476142559,24.082704309563535,304.455209493779,HistGB-lag
Jawa Barat,Kota Bekasi,2028,169.390944427112,43.33991531340059,538.9680175565118,HistGB-lag
Jawa Barat,Kota Bogor,2028,102.60058459676503,25.959420659848345,327.3097142896625,HistGB-lag
Jawa Barat,Kota Cirebon,2028,0.0,-0.7397754002568615,2.168994804107641,HistGB-lag
Jawa Barat,Kota Sukabumi,2028,73.97144330683476,18.50941382668648,236.58411429580994,HistGB-lag
Jawa Barat,Kota Tasikmalaya,2028,5057.644273139118,1315.3836812205464,16029.817417406739,HistGB-lag
Jawa Barat,Kuningan,2028,47256.65575391524,12296.604553361618,149758.26553846497,HistGB-lag
Jawa Barat,Majalengka,2028,41121.31799445166,10700.038740616243,130315.41205727945,HistGB-lag
Jawa Barat,Purwakarta,2028,97555.65254589726,25385.640861036543,309155.5250240829,HistGB-lag
Jawa Barat,Subang,2028,152716.44799672608,39739.8367787416,483959.7991982038,HistGB-lag
Jawa Barat,Sukabumi,2028,587626.8069896062,152914.2108718085,1862188.4670992298,HistGB-lag
Jawa Barat,Sumedang,2028,208930.79862067904,54368.1936696802,662102.7842417959,HistGB-lag
Jawa Barat,Tasikmalaya,2028,126554.00203062483,32931.72474891142,401051.14386888203,HistGB-lag
Jawa Barat,Waduk Cirata,2028,16.714587634844154,3.609771476892072,55.13743617173061,HistGB-lag
Jawa Tengah,Banjarnegara,2028,22130.234676712047,5758.091685568858,70132.76769898733,HistGB-lag
Jawa Tengah,Banyumas,2028,61849.39309624302,16093.993787425612,196002.57435400924,HistGB-lag
Jawa Tengah,Batang,2028,157324.3152870068,40938.9172000244,498562.1066991209,HistGB-lag
Jawa Tengah,Blora,2028,425218.3493244371,110651.53498098941,1347516.908615173,HistGB-lag
Jawa Tengah,Boyolali,2028,50383.190269975785,13110.205746386579,159666.23717472402,HistGB-lag
Jawa Tengah,Brebes,2028,104631.76673764877,27227.019844321818,331579.69413101574,HistGB-lag
Jawa Tengah,Cilacap,2028,172920.91892802302,44997.53713986023,547987.6625992277,HistGB-lag
Jawa Tengah,Demak,2028,2419.706581211121,628.9274011912455,7670.2065781272195,HistGB-lag
Jawa Tengah,Grobogan,2028,126356.73702602337,32880.391542045676,400426.01209426776,HistGB-lag
Jawa Tengah,Jepara,2028,108550.6456240899,28246.808533987798,343998.6009600748,HistGB-lag
Jawa Tengah,Karanganyar,2028,36969.2600466833,9619.571123047905,117157.5619944477,HistGB-lag
Jawa Tengah,Kebumen,2028,22896.9806767328,5957.617856528912,72562.58178912342,HistGB-lag
Jawa Tengah,Kendal,2028,123920.34248475029,32246.381747726522,392705.09045221715,HistGB-lag
Jawa Tengah,Klaten,2028,7706.334106496877,2004.6379329497895,24423.501737010214,HistGB-lag
Jawa Tengah,Kota Magelang,2028,0.9792531805856115,-0.4849496332917754,5.272243045289326,HistGB-lag
Jawa Tengah,Kota Pekalongan,2028,9.881689905122794,1.8316834000895303,33.4840187692447,HistGB-lag
Jawa Tengah,Kota Semarang,2028,21849.76554499565,5685.106718027653,69243.96247786548,HistGB-lag
Jawa Tengah,Kota Tegal,2028,0.04971260086054675,-0.7268389585957353,2.326533777933391,HistGB-lag
Jawa Tengah,Kudus,2028,6423.188159888865,1670.731792581689,20357.21889929764,HistGB-lag
Jawa Tengah,Magelang,2028,13520.965559207547,3517.748075385287,42850.03859845119,HistGB-lag
Jawa Tengah,Pati,2028,48378.26870018121,12588.475833370401,153312.65113740167,HistGB-lag
Jawa Tengah,Pekalongan,2028,86613.06330524622,22538.109955734555,274478.5165769756,HistGB-lag
Jawa Tengah,Pemalang,2028,116869.81483149386,30411.66101117994,370362.00495283026,HistGB-lag
Jawa Tengah,Purbalingga,2028,11630.078491146265,3025.6927449395635,36857.827304610655,HistGB-lag
Jawa Tengah,Purworejo,2028,11374.613682664132,2959.214517403843,36048.260653898426,HistGB-lag
Jawa Tengah,Rembang,2028,42614.21619241961,11088.527576639704,135046.39868970154,HistGB-lag
Jawa Tengah,Salatiga,2028,5762.104423231684,1498.7015418133758,18262.247972750974,HistGB-lag
Jawa Tengah,Semarang,2028,58282.90034594431,15165.904638992326,184700.37735942507,HistGB-lag
Jawa Tengah,Sragen,2028,18221.628283156308,4740.976151252344,57746.414346507285,HistGB-lag
Jawa Tengah,Sukoharjo,2028,4749.337462379774,1235.1546647926125,15052.79473603938,HistGB-lag
Jawa Tengah,Surakarta,2028,0.0,-0.7397754002568615,2.168994804107641,HistGB-lag
Jawa Tengah,Tegal,2028,59193.28653677728,15402.809521113517,187585.3864679061,HistGB-lag
Jawa Tengah,Temanggung,2028,22236.215269941662,5785.670443022575,70468.61964826821,HistGB-lag
Jawa Tengah,Waduk Kedungombo,2028,0.2651871257333837,-0.6707671866058583,3.0093714276729733,HistGB-lag
Jawa Tengah,Wonogiri,2028,34190.64898960697,8896.508172878359,108352.15799193677,HistGB-lag
Jawa Tengah,Wonosobo,2028,22480.683181791734,5849.2870075338005,71243.33719069214,HistGB-lag
Jawa Timur,Bangkalan,2028,12813.076978632127,3333.53805284231,40606.743364720554,HistGB-lag
Jawa Timur,Banyuwangi,2028,840159.4169343374,218629.40821676626,2662462.9958818243,HistGB-lag
Jawa Timur,Batu,2028,3165.190065622787,822.920542537391,10032.639866775844,HistGB-lag
Jawa Timur,Blitar,2028,164861.51089971702,42900.28091152766,522447.44043334253,HistGB-lag
Jawa Timur,Bojonegoro,2028,266363.95447409974,69313.71366362191,844108.1567247905,HistGB-lag
Jawa Timur,Bondowoso,2028,116895.09016341272,30418.238274311898,370442.10234835325,HistGB-lag
Jawa Timur,Gresik,2028,15014.831897137856,3906.4888452429495,47584.09326138365,HistGB-lag
Jawa Timur,Jember,2028,513489.88187991193,133621.95920895124,1627248.9366340912,HistGB-lag
Jawa Timur,Jombang,2028,20191.43204208698,5253.567545992608,63988.712223670285,HistGB-lag
Jawa Timur,Kediri,2028,85145.36527606056,22156.17882354592,269827.3891484872,HistGB-lag
Jawa Timur,Kota Blitar,2028,188.85782535155107,48.40567661021008,600.6584620582413,HistGB-lag
Jawa Timur,Kota Kediri,2028,95.96100622524517,24.23163903565639,306.2689249288506,HistGB-lag
Jawa Timur,Kota Madiun,2028,1.538777199081649,-0.33934771953197146,7.045371752676697,HistGB-lag
Jawa Timur,Kota Malang,2028,748.8206263515382,194.1217723714784,2375.1776689207613,HistGB-lag
Jawa Timur,Kota Mojokerto,2028,1.495065876858428,-0.3507224808617525,6.906850799670633,HistGB-lag
Jawa Timur,Kota Pasuruan,2028,13.226971110204772,2.702207862710232,44.08519752642844,HistGB-lag
Jawa Timur,Kota Probolinggo,2028,0.5000669955272978,-0.6096456665010165,3.7537045146393675,HistGB-lag
Jawa Timur,Lamongan,2028,20962.23365500385,5454.149087195266,66431.37853000163,HistGB-lag
Jawa Timur,Lumajang,2028,155081.96002234684,40355.40119879635,491456.0945164502,HistGB-lag
Jawa Timur,Madiun,2028,48023.03551854223,12496.035420862916,152186.91903054112,HistGB-lag
Jawa Timur,Magetan,2028,5295.581551919178,1377.3008143550592,16783.83941756426,HistGB-lag
Jawa Timur,Malang,2028,256927.0862003722,66858.00839426242,814202.7701982995,HistGB-lag
Jawa Timur,Mojokerto,2028,11766.929546821251,3061.3047561270128,37291.50758898134,HistGB-lag
Jawa Timur,Nganjuk,2028,62371.05652904572,16229.743445427328,197655.72306205396,HistGB-lag
Jawa Timur,Ngawi,2028,120046.08047505417,31238.2034669533,380427.5742737385,HistGB-lag
Jawa Timur,Pacitan,2028,33007.81642511017,8588.706042219026,104603.76774091707,HistGB-lag
Jawa Timur,Pamekasan,2028,434.26549821919076,112.26679005608665,1378.3541022639392,HistGB-lag
Jawa Timur,Pasuruan,2028,41792.9820906308,10874.822261206296,132443.91208817682,HistGB-lag
Jawa Timur,Ponorogo,2028,65858.43223282306,17137.244392096734,208707.19854729561,HistGB-lag
Jawa Timur,Probolinggo,2028,61455.936763168414,15991.606770634871,194755.71327885258,HistGB-lag
Jawa Timur,Sampang,2028,6942.882879573217,1805.9691430001722,22004.12876569953,HistGB-lag
Jawa Timur,Sidoarjo,2028,698.5078323699563,181.02914569566244,2215.73668621299,HistGB-lag
Jawa Timur,Situbondo,2028,18230.684407366236,4743.332777550097,57775.1131570739,HistGB-lag
Jawa Timur,Sumenep,2028,14839.3746142023,3860.8305440190256,47028.070043418025,HistGB-lag
Jawa Timur,Surabaya,2028,26.025939067381067,6.032814176491689,84.64506048066035,HistGB-lag
Jawa Timur,Trenggalek,2028,35150.18998542683,9146.204344452713,111392.93842201817,HistGB-lag
Jawa Timur,Tuban,2028,41233.19921871412,10729.152987418714,130669.96307564441,HistGB-lag
Jawa Timur,Tulungagung,2028,78995.26473896547,20555.77137290029,250337.75250169323,HistGB-lag
Kalimantan Barat,Bengkayang,2028,6330032.8942122515,1647229.5364818831,20059843.520583916,HistGB-lag
Kalimantan Barat,Kapuas Hulu,2028,10810762.10783661,2813225.5026546693,34259251.11717285,HistGB-lag
Kalimantan Barat,Kayong Utara,2028,3851608.3570476742,1002282.5033046578,12205729.039936429,HistGB-lag
Kalimantan Barat,Ketapang,2028,17090529.534814768,4447375.467820059,54159801.464271076,HistGB-lag
Kalimantan Barat,Kota Pontianak,2028,20084.06449976766,5225.627870267159,63648.465039930554,HistGB-lag
Kalimantan Barat,Kubu Raya,2028,5025674.707930715,1307803.4495350842,15926339.2055624,HistGB-lag
Kalimantan Barat,Landak,2028,8425979.90861239,2192646.509386985,26701888.718902845,HistGB-lag
Kalimantan Barat,Melawi,2028,9390461.153952096,2443628.255415274,29758324.774043586,HistGB-lag
Kalimantan Barat,Pontianak,2028,1622446.2287596555,422199.6807083455,5141525.837878189,HistGB-lag
Kalimantan Barat,Sambas,2028,5521285.625262105,1436773.6021259748,17496927.627444625,HistGB-lag
Kalimantan Barat,Sanggau,2028,14152290.049245283,3682773.2737382543,44848535.801277295,HistGB-lag
Kalimantan Barat,Sekadau,2028,7686005.636879213,2000087.0007049988,24356914.09660703,HistGB-lag
Kalimantan Barat,Singkawang,2028,455595.9179561376,118556.5256193434,1443783.2657704554,HistGB-lag
Kalimantan Barat,Sintang,2028,14038431.511034057,3653144.481204899,44487718.68528263,HistGB-lag
Kalimantan Selatan,Balangan,2028,1091960.4399113131,284154.2286358626,3460419.1293648495,HistGB-lag
Kalimantan Selatan,Banjar,2028,2561594.1426957026,666589.0707119568,8117680.697430053,HistGB-lag
Kalimantan Selatan,Banjar Baru,2028,86953.52586285303,22626.70668851531,275557.44065302477,HistGB-lag
Kalimantan Selatan,Banjarmasin,2028,332.595844288228,85.80984505587847,1056.1634972212962,HistGB-lag
Kalimantan Selatan,Barito Kuala,2028,1025836.6892724684,266947.2020923541,3250873.307162241,HistGB-lag
Kalimantan Selatan,Hulu Sungai Selatan,2028,556248.1045929152,144748.7006001705,1762749.522244476,HistGB-lag
Kalimantan Selatan,Hulu Sungai Tengah,2028,554185.7781903285,144212.0325375177,1756214.0205903049,HistGB-lag
Kalimantan Selatan,Hulu Sungai Utara,2028,160412.8661559443,41742.63411367999,508349.70835500606,HistGB-lag
Kalimantan Selatan,Kota Baru,2028,8098003.574029032,2107298.998994809,25662533.418737914,HistGB-lag
Kalimantan Selatan,Tabalong,2028,1761587.8932340008,458407.7646537761,5582465.049632278,HistGB-lag
Kalimantan Selatan,Tanah Bumbu,2028,4361431.386044872,1134950.996965288,13821355.569842964,HistGB-lag
Kalimantan Selatan,Tanah Laut,2028,1616963.299801463,420772.8877147798,5124150.464498386,HistGB-lag
Kalimantan Selatan,Tapin,2028,1091002.6193234741,283904.9801567664,3457383.80089872,HistGB-lag
Kalimantan Tengah,Barito Selatan,2028,3810625.500335774,991617.7558204732,12075854.579958951,HistGB-lag
Kalimantan Tengah,Barito Timur,2028,2143411.1311751218,557767.5639196334,6792460.906755246,HistGB-lag
Kalimantan Tengah,Barito Utara,2028,6669376.289474604,1735535.0356895062,21135220.97697856,HistGB-lag
Kalimantan Tengah,Gunung Mas,2028,6421371.253124708,1670998.0243710722,20349294.305393174,HistGB-lag
Kalimantan Tengah,Kapuas,2028,11571613.977972323,3011217.8760245536,36670386.74032851,HistGB-lag
Kalimantan Tengah,Katingan,2028,10786969.689848913,2807034.1302068993,34183853.06819256,HistGB-lag
Kalimantan Tengah,Kotawaringin Barat,2028,4521935.798538003,1176718.1934633206,14329993.219070071,HistGB-lag
Kalimantan Tengah,Kotawaringin Timur,2028,9619974.590406947,2503353.2975524096,30485651.661641896,HistGB-lag
Kalimantan Tengah,Lamandau,2028,6195370.717421151,1612187.1254258791,19633099.782023057,HistGB-lag
Kalimantan Tengah,Murung Raya,2028,5698194.965751912,1482809.7644457575,18057552.408254966,HistGB-lag
Kalimantan Tengah,Palangka Raya,2028,888841.1728041688,231297.5986527863,2816735.227288157,HistGB-lag
Kalimantan Tengah,Pulang Pisau,2028,5265018.092289288,1370086.485930962,16684817.14699231,HistGB-lag
Kalimantan Tengah,Seruyan,2028,8812864.339597097,2293323.3555868324,27927923.470483575,HistGB-lag
Kalimantan Tengah,Sukamara,2028,1874936.5913010435,487903.88423967815,5941666.484859102,HistGB-lag
Kalimantan Timur,Balikpapan,2028,259103.3239286368,67424.318986046,821099.2562516731,HistGB-lag
Kalimantan Timur,Berau,2028,17581319.291548647,4575091.035824165,55715111.6532698,HistGB-lag
Kalimantan Timur,Bontang,2028,46597.262130498435,12125.0141116348,147668.6505719954,HistGB-lag
Kalimantan Timur,Kutai Barat,2028,16706632.57554604,4347476.035251746,52943233.99503575,HistGB-lag
Kalimantan Timur,Kutai Kartanegara,2028,17487979.16236212,4550801.638066628,55419317.26886316,HistGB-lag
Kalimantan Timur,Kutai Timur,2028,21064564.29150537,5481517.071745192,66753496.95956656,HistGB-lag
Kalimantan Timur,Paser,2028,8104784.20274569,2109063.485388608,25684021.195909586,HistGB-lag
Kalimantan Timur,Penajam Paser Utara,2028,1981997.3980895968,515763.73983440694,6280941.625295601,HistGB-lag
Kalimantan Timur,Samarinda,2028,275719.40030733845,71748.23081099505,873755.5159604345,HistGB-lag
Kepulauan Riau,Batam,2028,200635.35412471715,52209.514946027106,635814.5637363293,HistGB-lag
Kepulauan Riau,Bintan,2028,444206.96836508444,115592.84077051679,1407691.7436921638,HistGB-lag
Kepulauan Riau,Karimun,2028,417743.9504183972,108706.51251734463,1323830.577318105,HistGB-lag
Kepulauan Riau,Kepulauan Anambas,2028,67783.17356879436,17638.109435858936,214806.6938402398,HistGB-lag
Kepulauan Riau,Lingga,2028,487396.1986972279,126831.74094691305,1544558.190208135,HistGB-lag
Kepulauan Riau,Natuna,2028,412703.10592472315,107394.76077661088,1307856.167309337,HistGB-lag
Kepulauan Riau,Tanjungpinang,2028,32239.031209824927,8388.649217282984,102167.49138820339,HistGB-lag
Lampung,Bandar Lampung,2028,8339.194751696963,2169.323841040166,26429.033833373494,HistGB-lag
Lampung,Lampung Barat,2028,1973291.518884242,513498.2559027813,6253352.739328642,HistGB-lag
Lampung,Lampung Selatan,2028,638818.8493868185,166235.63961465683,2024415.7834676537,HistGB-lag
Lampung,Lampung Tengah,2028,462449.24510736595,120339.92993418057,1465501.4239035477,HistGB-lag
Lampung,Lampung Timur,2028,449418.5959102428,116949.03446246596,1424207.3643037153,HistGB-lag
Lampung,Lampung Utara,2028,1023058.2195890606,266224.1759310909,3242068.3511721515,HistGB-lag
Lampung,Mesuji,2028,1284405.21204578,334233.0924372137,4070275.6123366538,HistGB-lag
Lampung,Metro,2028,146.12048989276525,37.284370596359295,465.2240680479438,HistGB-lag
Lampung,Pesawaran,2028,414128.0274204797,107765.56040250954,1312371.736125651,HistGB-lag
Lampung,Pringsewu,2028,193701.9352270267,50405.268788524096,613842.5952748465,HistGB-lag
Lampung,Tanggamus,2028,1026577.9103043764,267140.08603870356,3253222.232761053,HistGB-lag
Lampung,Tulang Bawang Barat,2028,249338.427910335,64883.252828150056,790154.3515070234,HistGB-lag
Lampung,Tulangbawang,2028,596810.369625029,155303.99978282745,1891291.129374082,HistGB-lag
Lampung,Way Kanan,2028,2029543.3273457556,528136.3602445064,6431614.428064837,HistGB-lag
Maluku Utara,Halmahera Barat,2028,285204.37529810384,74216.45463154065,903813.3524232608,HistGB-lag
Maluku Utara,Halmahera Selatan,2028,1858006.7053675165,483498.3114489291,5888015.76430162,HistGB-lag
Maluku Utara,Halmahera Tengah,2028,847611.205908162,220568.5470198501,2686077.6764211813,HistGB-lag
Maluku Utara,Halmahera Timur,2028,1470089.7378631968,382552.77384654543,4658708.909855238,HistGB-lag
Maluku Utara,Halmahera Utara,2028,1145015.121607198,297960.36194467376,3628549.1399926925,HistGB-lag
Maluku Utara,Kepulauan Sula,2028,1797555.065480446,467767.3076554998,5696444.831599708,HistGB-lag
Maluku Utara,Pulau Morotai,2028,333182.74554966757,86701.60682658192,1055856.5584600188,HistGB-lag
Maluku Utara,Ternate,2028,5710.7670691702,1485.342299400854,18099.560164473492,HistGB-lag
Maluku Utara,Tidore Kepulauan,2028,142198.07775632758,37002.69809298377,450627.13855870056,HistGB-lag
Maluku,Ambon,2028,36428.92389515021,9478.962364288458,115445.2395377678,HistGB-lag
Maluku,Buru,2028,403304.39537287806,104948.9850851554,1278071.7024052285,HistGB-lag
Maluku,Buru Selatan,2028,547174.9463477074,142387.64162740516,1733996.7309085662,HistGB-lag
Maluku,Kepulauan Aru,2028,193399.26965501328,50326.50776119088,612883.4496497537,HistGB-lag
Maluku,Maluku Barat Daya,2028,227507.3513851727,59202.26967742786,720971.7834307078,HistGB-lag
Maluku,Maluku Tengah,2028,1091803.9943492457,284113.517652092,3459923.3541915324,HistGB-lag
Maluku,Maluku Tenggara,2028,235492.70116045923,61280.25412651076,746277.3153775729,HistGB-lag
Maluku,Maluku Tenggara Barat,2028,1175083.587859471,305784.91654006165,3723835.953313633,HistGB-lag
Maluku,Seram Bagian Barat,2028,396467.45971241157,103169.8462394409,1256405.488821192,HistGB-lag
Maluku,Seram Bagian Timur,2028,451035.55813295784,117369.80780967175,1429331.5091859375,HistGB-lag
Maluku,Tual,2028,79255.1670650674,20623.40435168248,251161.3816226858,HistGB-lag
Nusa Tenggara Barat,Bima,2028,1208639.7673307166,314517.05991187546,3830175.311703713,HistGB-lag
Nusa Tenggara Barat,Dompu,2028,1259103.3367336732,327648.9220613699,3990094.100938408,HistGB-lag
Nusa Tenggara Barat,Kota Bima,2028,40276.410106294454,10480.172923600714,127637.90334975971,HistGB-lag
Nusa Tenggara Barat,Lombok Barat,2028,121650.13925063453,31655.619019793172,385510.82819903595,HistGB-lag
Nusa Tenggara Barat,Lombok Tengah,2028,34389.231877710554,8948.18432545095,108981.46613252172,HistGB-lag
Nusa Tenggara Barat,Lombok Timur,2028,39086.000017708866,10170.398934768335,123865.49996427467,HistGB-lag
Nusa Tenggara Barat,Lombok Utara,2028,22849.14552783092,5945.169974052266,72410.99245079963,HistGB-lag
Nusa Tenggara Barat,Mataram,2028,0.1932493663136239,-0.6894871612572835,2.7814010418526096,HistGB-lag
Nusa Tenggara Barat,Sumbawa,2028,1259619.9467507112,327783.3566962769,3991731.2353981514,HistGB-lag
Nusa Tenggara Barat,Sumbawa Barat,2028,243575.2867126497,63383.54171671919,771890.9869962198,HistGB-lag
Nusa Tenggara Timur,Alor,2028,296207.3998125919,77079.71228178724,938681.8799391424,HistGB-lag
Nusa Tenggara Timur,Belu,2028,116080.22727744831,30206.190905966272,367859.8060966719,HistGB-lag
Nusa Tenggara Timur,Ende,2028,164618.14969739062,42836.95234005926,521676.2300476488,HistGB-lag
Nusa Tenggara Timur,Flores Timur,2028,230113.76231446615,59880.52191826939,729231.4861230081,HistGB-lag
Nusa Tenggara Timur,Kota Kupang,2028,3876.7174926385583,1008.0774824388352,12287.466585968901,HistGB-lag
Nusa Tenggara Timur,Kupang,2028,636352.0890066426,165593.7278820633,2016598.6326398975,HistGB-lag
Nusa Tenggara Timur,Lembata,2028,46850.07630197163,12190.802578215806,148469.81736779874,HistGB-lag
Nusa Tenggara Timur,Manggarai,2028,98869.37870813943,25727.504725778097,313318.71640624857,HistGB-lag
Nusa Tenggara Timur,Manggarai Barat,2028,177160.95530090953,46100.898907890965,561424.3158341325,HistGB-lag
Nusa Tenggara Timur,Manggarai Timur,2028,194400.8279930423,50587.13787882388,616057.3828189784,HistGB-lag
Nusa Tenggara Timur,Nagekeo,2028,42236.47937547661,10990.231164642464,133849.352679489,HistGB-lag
Nusa Tenggara Timur,Ngada,2028,42047.651487198615,10941.093502994983,133250.95808266546,HistGB-lag
Nusa Tenggara Timur,Rote Ndao,2028,24237.457124976798,6306.4428037383095,76810.54468863731,HistGB-lag
Nusa Tenggara Timur,Sabu Raijua,2028,1561.8737224030403,405.6981888614,4951.738705771602,HistGB-lag
Nusa Tenggara Timur,Sikka,2028,128365.57093021784,33403.13954071513,406791.9962989753,HistGB-lag
Nusa Tenggara Timur,Sumba Barat,2028,239191.81390561152,62242.85426002276,757999.7844467688,HistGB-lag
Nusa Tenggara Timur,Sumba Barat Daya,2028,312913.55063479877,81427.06369274454,991623.5850913547,HistGB-lag
Nusa Tenggara Timur,Sumba Tengah,2028,70113.48708590439,18244.514338124918,222191.4452679033,HistGB-lag
Nusa Tenggara Timur,Sumba Timur,2028,472135.4866552398,122860.5282639914,1496197.0730400914,HistGB-lag
Nusa Tenggara Timur,Timor Tengah Selatan,2028,786329.5501627236,204621.5526818966,2491876.427776774,HistGB-lag
Nusa Tenggara Timur,Timor Tengah Utara,2028,209738.4587681253,54578.36670827789,664662.2550525379,HistGB-lag
Papua Barat,Fakfak,2028,1086865.5054013198,282828.4013422821,3444273.3083754117,HistGB-lag
Papua Barat,Kaimana,2028,493904.83452142513,128525.44809913862,1565184.0233168446,HistGB-lag
Papua Barat,Kota Sorong,2028,44473.05988267635,11572.244431921825,140937.06468577345,HistGB-lag
Papua Barat,Manokwari,2028,1455772.0835404096,378826.96798113757,4613336.337699317,HistGB-lag
Papua Barat,Maybrat,2028,398632.8300446556,103733.32886744477,1263267.536153042,HistGB-lag
Papua Barat,Raja Ampat,2028,182439.94831894772,47474.62275305678,578153.417279216,HistGB-lag
Papua Barat,Sorong,2028,4208785.555812487,1095228.7968906069,13337621.726967843,HistGB-lag
Papua Barat,Sorong Selatan,2028,325877.0625773728,84800.48839926627,1032704.8870803592,HistGB-lag
Papua Barat,Tambrauw,2028,357043.8465740163,92910.85229007367,1131472.2636264677,HistGB-lag
Papua Barat,Teluk Bintuni,2028,1735208.9877782231,451543.3245398843,5498870.435304873,HistGB-lag
Papua Barat,Teluk Wondama,2028,634317.5602532101,165064.29345153546,2010151.2215914624,HistGB-lag
Papua,Asmat,2028,328399.2340900024,85456.81947162385,1040697.6354989507,HistGB-lag
Papua,Biak Numfor,2028,557618.0739531522,145105.20032859853,1767090.9480288536,HistGB-lag
Papua,Boven Digoel,2028,609687.0415064913,158654.82656920466,1932097.2356606347,HistGB-lag
Papua,Deiyai,2028,77714.52456564411,20222.49127392278,246279.09354702593,HistGB-lag
Papua,Dogiyai,2028,156757.7422210447,40791.48095070917,496766.6395969397,HistGB-lag
Papua,Intan Jaya,2028,377726.36944668426,98292.953526292,1197015.0711457897,HistGB-lag
Papua,Jayapura,2028,1199486.5914820817,312135.1783902859,3801168.9449983058,HistGB-lag
Papua,Jayawijaya,2028,183884.57938059745,47850.55129285108,582731.4456074365,HistGB-lag
Papua,Keerom,2028,1044080.4313341905,271694.6725681828,3308687.6309633185,HistGB-lag
Papua,Kepulauan Yapen,2028,143274.21550097037,37282.735606851915,454037.41347997764,HistGB-lag
Papua,Kota Jayapura,2028,164231.03951717514,42736.21674835619,520449.4798979288,HistGB-lag
Papua,Lanny Jaya,2028,136815.65673474086,35602.059736992305,433570.27430777246,HistGB-lag
Papua,Mamberamo Raya,2028,841179.3249624956,218894.81337516854,2665695.0791237256,HistGB-lag
Papua,Mamberamo Tengah,2028,315846.57010453386,82190.30751029518,1000918.3085512918,HistGB-lag
Papua,Mappi,2028,114639.61737678802,29831.308771180946,363294.5208067334,HistGB-lag
Papua,Merauke,2028,4635784.4217970595,1206344.405882216,14690778.914632805,HistGB-lag
Papua,Mimika,2028,1386872.19040494,360897.5208676149,4394992.934349442,HistGB-lag
Papua,Nabire,2028,2246791.3799415054,584669.6477762117,7120072.377943272,HistGB-lag
Papua,Nduga,2028,176758.25809343383,45996.10718825792,560148.1704760133,HistGB-lag
Papua,Paniai,2028,163164.5496583029,42458.68985170105,517069.77907652914,HistGB-lag
Papua,Pegunungan Bintang,2028,1556331.40821123,404994.9779940421,4932008.31508572,HistGB-lag
Papua,Puncak,2028,413562.819948638,107618.4795143777,1310580.5965841417,HistGB-lag
Papua,Puncak Jaya,2028,259266.95688933998,67466.90030774978,821617.8082539223,HistGB-lag
Papua,Sarmi,2028,848141.285592984,220706.48679366484,2687757.496188145,HistGB-lag
Papua,Supiori,2028,37425.70838856512,9738.35021011752,118604.04441821473,HistGB-lag
Papua,Tolikara,2028,442467.43950212514,115140.17256841158,1402179.1857638508,HistGB-lag
Papua,Waropen,2028,384039.08384380606,99935.67710357576,1217020.0302700843,HistGB-lag
Papua,Yahukimo,2028,1142543.141971508,297317.0920334032,3620715.449371332,HistGB-lag
Papua,Yalimo,2028,511867.00695896544,133199.64723221477,1622106.0544418953,HistGB-lag
Riau,Bengkalis,2028,4659508.743210976,1212518.05792633,14765961.165924512,HistGB-lag
Riau,Dumai,2028,1678779.295813561,436858.93053475145,5320045.034671463,HistGB-lag
Riau,Indragiri Hilir,2028,7614170.538494292,1981393.7409802738,24129269.043072738,HistGB-lag
Riau,Indragiri Hulu,2028,4975500.047861429,1294746.768701306,15767335.968504991,HistGB-lag
Riau,Kampar,2028,10272126.967218854,2673059.388779824,32552319.15524527,HistGB-lag
Riau,Kepulauan Meranti,2028,1178472.4278568914,306666.7760719839,3734575.16965741,HistGB-lag
Riau,Kuantan Singingi,2028,6443146.657473926,1676664.5202520925,20418300.448633227,HistGB-lag
Riau,Pekanbaru,2028,240837.80485418037,62671.18159579492,763215.9212103918,HistGB-lag
Riau,Pelalawan,2028,8130213.747699056,2115680.878545748,25764607.291737624,HistGB-lag
Riau,Rokan Hilir,2028,5608609.214294207,1459497.3481299882,17773655.627363358,HistGB-lag
Riau,Rokan Hulu,2028,6891075.213245119,1793226.5493911733,21837783.71448354,HistGB-lag
Riau,Siak,2028,3611456.5928794085,939789.1065963623,11444689.347089933,HistGB-lag
Sulawesi Barat,Majene,2028,335537.1137338373,87314.27134495549,1063317.5390026092,HistGB-lag
Sulawesi Barat,Mamasa,2028,529938.1573258783,137902.20510334274,1679373.43605889,HistGB-lag
Sulawesi Barat,Mamuju,2028,5112686.492105253,1330446.0562448397,16202079.097507702,HistGB-lag
Sulawesi Barat,Mamuju Utara,2028,2458772.048705052,639832.2324584884,7791838.015826213,HistGB-lag
Sulawesi Barat,Polewali Mandar,2028,1026134.3252425026,267024.65429352544,3251816.5140047953,HistGB-lag
Sulawesi Selatan,Bantaeng,2028,28779.28303801937,7488.337634062827,91203.56740823067,HistGB-lag
Sulawesi Selatan,Barru,2028,170525.90633891357,44374.29594747944,540397.8801485675,HistGB-lag
Sulawesi Selatan,Bone,2028,1752882.90626333,456142.512903564,5554878.991152398,HistGB-lag
Sulawesi Selatan,Bulukumba,2028,49257.03088873446,12817.151372156075,156097.4439469732,HistGB-lag
Sulawesi Selatan,Enrekang,2028,456977.669860013,118916.09145547368,1448162.0303744024,HistGB-lag
Sulawesi Selatan,Gowa,2028,165232.40467529718,42996.79659582523,523622.800881032,HistGB-lag
Sulawesi Selatan,Jeneponto,2028,5131.735646264975,1334.6640791366422,16264.612593871781,HistGB-lag
Sulawesi Selatan,Kepulauan Selayar,2028,175272.96743466659,45609.598021077996,555441.2920957904,HistGB-lag
Sulawesi Selatan,Luwu,2028,1200039.9283234663,312279.17024835834,3802922.466573575,HistGB-lag
Sulawesi Selatan,Luwu Timur,2028,3559780.3233429864,926341.6700400283,11280927.517433366,HistGB-lag
Sulawesi Selatan,Luwu Utara,2028,2514109.016451937,654232.2727414205,7967200.579091165,HistGB-lag
Sulawesi Selatan,Makassar,2028,2444.812912193422,635.4606861221331,7749.768410560333,HistGB-lag
Sulawesi Selatan,Maros,2028,253628.18594542443,65999.55339582611,803748.5724311008,HistGB-lag
Sulawesi Selatan,Palopo,2028,56319.641832685484,14655.01647818724,178478.82133178777,HistGB-lag
Sulawesi Selatan,Pangkajene Dan Kepulauan,2028,38878.55663004645,10116.417062244522,123208.11294662599,HistGB-lag
Sulawesi Selatan,Parepare,2028,16385.086745731223,4263.062864764253,51926.423756879325,HistGB-lag
Sulawesi Selatan,Pinrang,2028,298172.8252404175,77591.16432706815,944910.3029077827,HistGB-lag
Sulawesi Selatan,Sidenreng Rappang,2028,591048.580352653,153804.6404756191,1873032.0491075593,HistGB-lag
Sulawesi Selatan,Sinjai,2028,20674.634328030785,5379.308667447304,65519.97775715913,HistGB-lag
Sulawesi Selatan,Soppeng,2028,506934.99922210193,131916.2174929594,1606476.5475499562,HistGB-lag
Sulawesi Selatan,Takalar,2028,40531.201384972526,10546.475882112758,128445.33558802248,HistGB-lag
Sulawesi Selatan,Tana Toraja,2028,147450.01393772874,38369.38108366539,467270.49702906574,HistGB-lag
Sulawesi Selatan,Toraja Utara,2028,44435.873472174266,11562.567613133035,140819.22114410892,HistGB-lag
Sulawesi Selatan,Wajo,2028,449785.79543997155,117044.5888131155,1425371.0177054964,HistGB-lag
Sulawesi Tengah,Banggai,2028,3574959.0702905175,930291.5533890519,11329028.887642916,HistGB-lag
Sulawesi Tengah,Banggai Kepulauan,2028,2008008.1556999388,522532.3788225739,6363369.581013677,HistGB-lag
Sulawesi Tengah,Buol,2028,2273832.4728307244,591706.4053499257,7205765.460806599,HistGB-lag
Sulawesi Tengah,Donggala,2028,2223527.387682539,578615.7847021947,7046348.907351807,HistGB-lag
Sulawesi Tengah,Morowali,2028,7094689.790414468,1846212.0712369354,22483037.251573782,HistGB-lag
Sulawesi Tengah,Palu,2028,134093.95871030906,34893.80695796285,424945.2274099981,HistGB-lag
Sulawesi Tengah,Parigi Moutong,2028,4140306.384462486,1077408.8319353107,13120611.588770138,HistGB-lag
Sulawesi Tengah,Poso,2028,2870859.035729013,747067.4037161545,9097739.536545519,HistGB-lag
Sulawesi Tengah,Sigi,2028,1763362.0874365135,458869.45362999156,5588087.461841519,HistGB-lag
Sulawesi Tengah,Tojo Una-Una,2028,1988391.0791026435,517427.5329169123,6301203.167205067,HistGB-lag
Sulawesi Tengah,Toli-Toli,2028,1581545.5887968284,411556.3280447806,5011911.922351313,HistGB-lag
Sulawesi Tenggara,Bau-Bau,2028,129859.11568116797,33791.79662572959,411525.0318544385,HistGB-lag
Sulawesi Tenggara,Bombana,2028,1881766.6392865954,489681.2307429448,5963310.871437123,HistGB-lag
Sulawesi Tenggara,Buton,2028,1323081.9723919837,344297.73691766587,4192842.0649134903,HistGB-lag
Sulawesi Tenggara,Buton Utara,2028,790085.40456807,205598.91839122138,2503778.7108723014,HistGB-lag
Sulawesi Tenggara,Kendari,2028,186807.77432290875,48611.23852668521,591995.0351910148,HistGB-lag
Sulawesi Tenggara,Kolaka,2028,3817408.6236155573,993382.8913609632,12097350.262388228,HistGB-lag
Sulawesi Tenggara,Kolaka Utara,2028,1202340.0202540145,312877.71075035766,3810211.4459504522,HistGB-lag
Sulawesi Tenggara,Konawe,2028,2844533.3212214434,740216.8051954701,9014313.484056594,HistGB-lag
Sulawesi Tenggara,Konawe Selatan,2028,3313166.6412309324,862166.7233212375,10499410.040198395,HistGB-lag
Sulawesi Tenggara,Konawe Utara,2028,2203504.5793562615,573405.3574197555,6982896.73180219,HistGB-lag
Sulawesi Tenggara,Muna,2028,1741050.66521648,453063.47271308315,5517382.680753981,HistGB-lag
Sulawesi Tenggara,Wakatobi,2028,34469.36600009687,8969.037195374694,109235.41074999566,HistGB-lag
Sulawesi Utara,Bitung,2028,104713.76990786636,27248.359086469358,331839.56175135565,HistGB-lag
Sulawesi Utara,Bolaang Mongondow,2028,1044846.5130666385,271894.0258803796,3311115.339992968,HistGB-lag
Sulawesi Utara,Bolaang Mongondow Selatan,2028,348965.9866450756,90808.79442328394,1105873.567483345,HistGB-lag
Sulawesi Utara,Bolaang Mongondow Timur,2028,197847.72983575222,51484.10653119696,626980.5968487952,HistGB-lag
Sulawesi Utara,Bolaang Mongondow Utara,2028,295747.5075685451,76960.0370066552,937224.4838073088,HistGB-lag
Sulawesi Utara,Kepulauan Sangihe,2028,9062.902499489832,2357.6504000405735,28722.45992582154,HistGB-lag
Sulawesi Utara,Kepulauan Talaud,2028,84089.62785277702,21881.449975138108,266481.7627395996,HistGB-lag
Sulawesi Utara,Kotamobagu,2028,14996.138037733856,3901.624243161889,47524.85251806365,HistGB-lag
Sulawesi Utara,Manado,2028,23047.321823896098,5996.740321374405,73039.01210332749,HistGB-lag
Sulawesi Utara,Minahasa,2028,136526.603476581,35526.84096858321,432654.26603455347,HistGB-lag
Sulawesi Utara,Minahasa Selatan,2028,203287.4763205014,52899.66238289495,644219.1251946281,HistGB-lag
Sulawesi Utara,Minahasa Tenggara,2028,178880.6627751498,46548.409097050426,566874.059884585,HistGB-lag
Sulawesi Utara,Minahasa Utara,2028,272806.3761885028,70990.19027562895,864524.1576636041,HistGB-lag
Sulawesi Utara,Siau Tagulandang Biaro,2028,100398.84161788518,26125.508599288663,318165.5764203082,HistGB-lag
Sulawesi Utara,Tomohon,2028,7625.755241409437,1983.669330034654,24168.147732227222,HistGB-lag
Sumatera Barat,Agam,2028,1003238.9358218331,261066.71074556842,3179261.1438926724,HistGB-lag
Sumatera Barat,Bukittinggi,2028,904.8964925120106,234.7365521726512,2869.781277829898,HistGB-lag
Sumatera Barat,Danau,2028,0.37514025478173935,-0.6421546776087443,3.35781232232259,HistGB-lag
Sumatera Barat,Dharmasraya,2028,2460063.507555176,640168.3018208466,7795930.642211975,HistGB-lag
Sumatera Barat,Kepulauan Mentawai,2028,866750.1024568108,225548.95871374756,2746728.740140203,HistGB-lag
Sumatera Barat,Kota Solok,2028,29515.736687287314,7679.98099017295,93537.38519622688,HistGB-lag
Sumatera Barat,Lima Puluh Kota,2028,3246166.3036026373,844731.5872792592,10287086.318380868,HistGB-lag
Sumatera Barat,Padang,2028,138379.4268473076,36008.99118862527,438525.8536693152,HistGB-lag
Sumatera Barat,Padang Panjang,2028,352.0340008065926,90.86813155561437,1117.7629142294247,HistGB-lag
Sumatera Barat,Padang Pariaman,2028,484657.9287151168,126119.17573682954,1535880.626862581,HistGB-lag
Sumatera Barat,Pariaman,2028,10912.824089689175,2839.045505406388,34584.8518331698,HistGB-lag
Sumatera Barat,Pasaman,2028,2549982.7849455457,663567.5097889479,8080884.365051171,HistGB-lag
Sumatera Barat,Pasaman Barat,2028,2674348.8172871987,695930.6107766967,8474999.675349353,HistGB-lag
Sumatera Barat,Payakumbuh,2028,2767.689944655563,719.4812326608461,8772.964048798553,HistGB-lag
Sumatera Barat,Pesisir Selatan,2028,5064868.552208734,1318002.6519747267,16050544.294432472,HistGB-lag
Sumatera Barat,Sawahlunto,2028,61792.3683831614,16079.154554288483,195821.86333454787,HistGB-lag
Sumatera Barat,Sijunjung,2028,3751525.447290881,976238.4681720677,11888566.818937222,HistGB-lag
Sumatera Barat,Solok,2028,772649.7030461815,201061.71994144708,2448525.063343465,HistGB-lag
Sumatera Barat,Solok Selatan,2028,2623846.5550740226,682788.6798061499,8314958.268800115,HistGB-lag
Sumatera Barat,Tanah Datar,2028,227904.41130571053,59305.59443632387,722230.0642558115,HistGB-lag
Sumatera Selatan,Banyu Asin,2028,6283721.542303901,1635178.1834679688,19913083.08701512,HistGB-lag
Sumatera Selatan,Empat Lawang,2028,2050420.374405676,533569.0814594928,6497773.681722835,HistGB-lag
Sumatera Selatan,Lahat,2028,3996344.75207786,1039946.4737696527,12664397.92375238,HistGB-lag
Sumatera Selatan,Lubuklinggau,2028,504093.0749122061,131176.67887691647,1597470.504178229,HistGB-lag
Sumatera Selatan,Muara Enim,2028,8099917.190661502,2107796.969117055,25668597.659903217,HistGB-lag
Sumatera Selatan,Musi Banyuasin,2028,15327413.317052322,3988569.25575219,48572495.33114396,HistGB-lag
Sumatera Selatan,Musi Rawas,2028,15034245.344936857,3912279.7375509357,47643447.550779104,HistGB-lag
Sumatera Selatan,Ogan Ilir,2028,1480438.4514160093,385245.76368868246,4691503.9293333,HistGB-lag
Sumatera Selatan,Ogan Komering Ilir,2028,12801264.858918967,3331203.284342692,40567143.99291482,HistGB-lag
Sumatera Selatan,Ogan Komering Ulu,2028,2643106.2598360926,687800.5287690306,8375992.173119762,HistGB-lag
Sumatera Selatan,Ogan Komering Ulu Selatan,2028,3599312.327001742,936628.8698691722,11406204.231623907,HistGB-lag
Sumatera Selatan,Ogan Komering Ulu Timur,2028,1382091.9887754533,359653.5948118903,4379844.500223012,HistGB-lag
Sumatera Selatan,Pagar Alam,2028,214638.10668611663,55853.37562661949,680189.2138466092,HistGB-lag
Sumatera Selatan,Palembang,2028,63098.599415453245,16419.068001838692,199961.30268884488,HistGB-lag
Sumatera Selatan,Prabumulih,2028,387078.87757479603,100726.70621052432,1226653.1208091504,HistGB-lag
Sumatera Utara,Asahan,2028,2234092.305719358,581365.036269645,7079829.077716309,HistGB-lag
Sumatera Utara,Batu Bara,2028,325719.8855276003,84759.5870644004,1032206.7938263052,HistGB-lag
Sumatera Utara,Dairi,2028,958731.5525251394,249484.79474157185,3038217.477481023,HistGB-lag
Sumatera Utara,Deli Serdang,2028,1118434.9516511743,291043.547856763,3544316.7195097567,HistGB-lag
Sumatera Utara,Gunungsitoli,2028,46595.48729201592,12124.55225500108,147663.02611806616,HistGB-lag
Sumatera Utara,Humbang Hasundutan,2028,1205037.2155679709,313579.587321361,3818758.8438860434,HistGB-lag
Sumatera Utara,Karo,2028,893713.3131549485,232565.44942546036,2832175.0147446613,HistGB-lag
Sumatera Utara,Kota Binjai,2028,5464.533356225253,1421.2662300064885,17319.246807554824,HistGB-lag
Sumatera Utara,Kota Medan,2028,3495.6453647521116,908.9131404863185,11079.85099270651,HistGB-lag
Sumatera Utara,Kota Tanjungbalai,2028,24838.33755832388,6462.806673999537,78714.73165980415,HistGB-lag
Sumatera Utara,Labuhanbatu,2028,2090647.3600450298,544037.1326963666,6625252.79019886,HistGB-lag
Sumatera Utara,Labuhanbatu Selatan,2028,1998086.929402833,519950.63168044854,6331929.266427773,HistGB-lag
Sumatera Utara,Labuhanbatu Utara,2028,2329942.6508594556,606307.6539689685,7383578.323437203,HistGB-lag
Sumatera Utara,Lake Toba,2028,1613.5760805460966,419.1524143149536,5115.583210087056,HistGB-lag
Sumatera Utara,Langkat,2028,3874480.753792701,1008234.4635927986,12278211.54637893,HistGB-lag
Sumatera Utara,Mandailing Natal,2028,4760855.249076668,1238890.9118505954,15087127.716427382,HistGB-lag
Sumatera Utara,Nias,2028,395366.0428702448,102883.2304825377,1252915.1045712088,HistGB-lag
Sumatera Utara,Nias Barat,2028,68397.29255107068,17797.918302216458,216752.83370417738,HistGB-lag
Sumatera Utara,Nias Selatan,2028,937648.9137530848,243998.57350558476,2971406.704755503,HistGB-lag
Sumatera Utara,Nias Utara,2028,567184.1697702182,147594.53378369907,1797405.855968732,HistGB-lag
Sumatera Utara,Padang Lawas,2028,3218115.0262248246,837431.9548513342,10198191.966122016,HistGB-lag
Sumatera Utara,Padang Lawas Utara,2028,3421564.890651225,890374.6143894901,10842923.529385647,HistGB-lag
Sumatera Utara,Padangsidimpuan,2028,38194.75076478665,9938.473954655281,121041.13571259935,HistGB-lag
Sumatera Utara,Pakpak Barat,2028,504401.2960532074,131256.88559996593,1598447.2553725783,HistGB-lag
Sumatera Utara,Pematangsiantar,2028,13032.817162471621,3390.719854229426,41303.098865561566,HistGB-lag
Sumatera Utara,Samosir,2028,204798.40011885727,53292.8419235645,649007.2348610206,HistGB-lag
Sumatera Utara,Serdang Bedagai,2028,826588.7250252237,215097.98034647972,2619457.543733698,HistGB-lag
Sumatera Utara,Sibolga,2028,5417.387422813416,1408.9976983548765,17169.841589537908,HistGB-lag
Sumatera Utara,Simalungun,2028,2229944.1498193736,580285.5840608993,7066683.59322263,HistGB-lag
Sumatera Utara,Tapanuli Selatan,2028,2714211.533801476,706303.8702262988,8601324.416860713,HistGB-lag
Sumatera Utara,Tapanuli Tengah,2028,1899849.6275418384,494386.86912382534,6020615.7672607275,HistGB-lag
Sumatera Utara,Tapanuli Utara,2028,2282502.324405624,593962.5140058364,7233240.175399841,HistGB-lag
Sumatera Utara,Tebingtinggi,2028,2657.763421240294,690.8756471039535,8424.60746726194,HistGB-lag
Sumatera Utara,Toba Samosir,2028,1104350.561374525,287378.4430343958,3499683.359904031,HistGB-lag
Yogyakarta,Bantul,2028,9523.226349412509,2477.4379896389228,30181.223814433328,HistGB-lag
Yogyakarta,Gunung Kidul,2028,18003.068035797387,4684.101398363608,57053.798058242384,HistGB-lag
Yogyakarta,Kota Yogyakarta,2028,0.33382323185811674,-0.6529063833616221,3.2268788913564332,HistGB-lag
Yogyakarta,Kulon Progo,2028,5384.966735247127,1400.5610379095417,17067.10059909474,HistGB-lag
Yogyakarta,Sleman,2028,9392.173092795107,2443.334708390624,29765.91672515139,HistGB-lag
Aceh,Aceh Barat,2029,2470250.4338485235,702089.9038257559,7067470.404612709,HistGB-lag
Aceh,Aceh Barat Daya,2029,765190.0189207993,217480.36514041928,2189235.9218723173,HistGB-lag
Aceh,Aceh Besar,2029,1128105.5096522432,320627.624325709,3227549.195529439,HistGB-lag
Aceh,Aceh Jaya,2029,2514217.273473149,714586.0885247862,7193260.993190228,HistGB-lag
Aceh,Aceh Selatan,2029,2222586.539754737,631699.2687403173,6358895.777156305,HistGB-lag
Aceh,Aceh Singkil,2029,810873.5321507856,230464.460060509,2319937.9706561393,HistGB-lag
Aceh,Aceh Tamiang,2029,1565974.177536236,445077.9554050446,4480305.998679931,HistGB-lag
Aceh,Aceh Tengah,2029,2412257.6013236158,685607.2739019694,6901550.984457273,HistGB-lag
Aceh,Aceh Tenggara,2029,671696.1507397266,190907.68775464006,1921746.8594950014,HistGB-lag
Aceh,Aceh Timur,2029,4943817.595185027,1405123.1984045247,14144428.215704404,HistGB-lag
Aceh,Aceh Utara,2029,2548131.0337932925,724225.0031344638,7290289.387952492,HistGB-lag
Aceh,Banda Aceh,2029,170.7649678635407,47.818763904140354,490.4252784375613,HistGB-lag
Aceh,Bener Meriah,2029,996511.599426461,283226.21404722385,2851054.647323494,HistGB-lag
Aceh,Bireuen,2029,1576710.8915585424,448129.5270583381,4511024.094130611,HistGB-lag
Aceh,Gayo Lues,2029,946524.1195775288,269018.85263202124,2708038.8070814414,HistGB-lag
Aceh,Langsa,2029,29084.82824359987,8265.727491887348,83214.52072570275,HistGB-lag
Aceh,Lhokseumawe,2029,32759.797411334846,9310.221339417305,93728.72958311292,HistGB-lag
Aceh,Nagan Raya,2029,2852353.9628475383,810690.7564976542,8160681.293107135,HistGB-lag
Aceh,Pidie,2029,705722.1033790334,200578.4894854764,2019096.240208991,HistGB-lag
Aceh,Pidie Jaya,2029,365652.21424080885,103924.37057378123,1046144.9915541972,HistGB-lag
Aceh,Sabang,2029,24103.537616827656,6849.953052715937,68962.88278294895,HistGB-lag
Aceh,Simeulue,2029,583159.777725109,165744.02170043433,1668441.355458077,HistGB-lag
Aceh,Subulussalam,2029,978875.9195093956,278213.8293632632,2800598.381290458,HistGB-lag
Bali,Badung,2029,13963.990275109843,3968.107156389566,39953.301041035455,HistGB-lag
Bali,Bangli,2029,20631.606683970218,5863.1664069238495,59029.57305968254,HistGB-lag
Bali,Buleleng,2029,30742.481971100235,8736.863177843692,87957.1231010435,HistGB-lag
Bali,Denpasar,2029,207.52289786309547,58.26604386217468,595.5909371251374,HistGB-lag
Bali,Gianyar,2029,8128.611187919094,2309.5850637178874,23258.08764344879,HistGB-lag
Bali,Jembrana,2029,49506.00236670664,14069.800875193945,141640.1782057681,HistGB-lag
Bali,Karangasem,2029,17634.347348448697,5011.290161841371,50454.31454318214,HistGB-lag
Bali,Klungkung,2029,4080.2185379559783,1158.957392499038,11675.501799673857,HistGB-lag
Bali,Tabanan,2029,15772.716788710159,4482.180507509469,45128.127675472344,HistGB-lag
Bangka Belitung,Bangka,2029,3121929.2752866074,887309.0197910347,8931945.216263505,HistGB-lag
Bangka Belitung,Bangka Barat,2029,2497810.0879875743,709922.8645594193,7146319.4905316,HistGB-lag
Bangka Belitung,Bangka Selatan,2029,4005354.727764972,1138394.7861605345,11459454.779842917,HistGB-lag
Bangka Belitung,Bangka Tengah,2029,2026040.9632192506,575837.3999516134,5796572.354190588,HistGB-lag
Bangka Belitung,Belitung,2029,1844241.5871091078,524166.6726162698,5276438.300454571,HistGB-lag
Bangka Belitung,Belitung Timur,2029,1764332.4001042068,501455.0115442444,5047815.462153795,HistGB-lag
Bangka Belitung,Pangkalpinang,2029,45536.780004041764,12941.674856156618,130284.10118368975,HistGB-lag
Banten,Cilegon,2029,1557.0743128161573,441.833384295839,4456.702362279059,HistGB-lag
Banten,Kota Serang,2029,4877.9752004236625,1385.6945126602645,13957.910109440803,HistGB-lag
Banten,Kota Tangerang,2029,0.02910854708048128,-0.7075084179472025,1.9443137362752498,HistGB-lag
Banten,Lebak,2029,1036245.379077292,294519.28522419464,2964734.3107097964,HistGB-lag
Banten,Pandeglang,2029,754048.87430046,214313.84687067335,2157360.7370470064,HistGB-lag
Banten,Serang,2029,37362.57938534543,10618.416655880037,106897.44169769574,HistGB-lag
Banten,Tangerang,2029,1690.493885361972,479.75368139320767,4838.420191024187,HistGB-lag
Banten,Tangerang Selatan,2029,0.5605689798376592,-0.5564575854411399,3.464839687490942,HistGB-lag
Bengkulu,Bengkulu,2029,55186.28323523197,15684.241200709264,157891.65044797942,HistGB-lag
Bengkulu,Bengkulu Selatan,2029,1076185.3229154942,305870.9520561115,3079003.816684159,HistGB-lag
Bengkulu,Bengkulu Tengah,2029,1011428.6406971768,287465.91161187476,2893732.797886482,HistGB-lag
Bengkulu,Bengkulu Utara,2029,4010691.4676828547,1139911.5858276,11474723.370014193,HistGB-lag
Bengkulu,Kaur,2029,2051674.5032820436,583122.923629218,5869910.763759099,HistGB-lag
Bengkulu,Kepahiang,2029,207644.0684458043,59015.54859195815,594078.438004108,HistGB-lag
Bengkulu,Lebong,2029,740192.3008840826,210375.5537801292,2117716.6202400005,HistGB-lag
Bengkulu,Mukomuko,2029,3716683.0295618735,1056348.9787082244,10633555.462706221,HistGB-lag
Bengkulu,Rejang Lebong,2029,913963.384740361,259764.4927568233,2614881.4631683393,HistGB-lag
Bengkulu,Seluma,2029,1834558.6619793598,521414.6071532693,5248735.130028359,HistGB-lag
Gorontalo,Boalemo,2029,357381.29083738034,101573.62197863121,1022481.6049683207,HistGB-lag
Gorontalo,Bone Bolango,2029,269958.22933509905,76726.37953832379,772361.3221481731,HistGB-lag
Gorontalo,Danau Limboto,2029,2.636638305290795,0.03359951123321421,9.404542986751679,HistGB-lag
Gorontalo,Gorontalo,2029,531604.2270948947,151090.98572068827,1520939.2126254193,HistGB-lag
Gorontalo,Gorontalo Utara,2029,570763.4499792685,162220.75729425275,1632975.0500182905,HistGB-lag
Gorontalo,Kota Gorontalo,2029,2716.0433975907695,771.2337202639922,7772.55141037114,HistGB-lag
Gorontalo,Pohuwato,2029,1515285.8497623296,430671.40011575,4335285.00924502,HistGB-lag
Jakarta Raya,Jakarta Barat,2029,0.7678013804536403,-0.497558324638453,4.057738469126667,HistGB-lag
Jakarta Raya,Jakarta Pusat,2029,0.12420971958261096,-0.6804789151030788,2.2164013497036557,HistGB-lag
Jakarta Raya,Jakarta Selatan,2029,0.6818932849123998,-0.5219749858811229,3.811952554242472,HistGB-lag
Jakarta Raya,Jakarta Timur,2029,2.00226667033806,-0.1467005782404711,7.58958466773516,HistGB-lag
Jakarta Raya,Jakarta Utara,2029,4.017874784548833,0.426172329866723,13.356306433339652,HistGB-lag
Jakarta Raya,Kepulauan Seribu,2029,0.0,-0.7157816025505003,1.8610332162025958,HistGB-lag
Jambi,Batang Hari,2029,6913009.620962047,1964803.800241203,19778352.010533765,HistGB-lag
Jambi,Bungo,2029,5914377.064036893,1680974.0552710395,16921231.094389565,HistGB-lag
Jambi,Jambi,2029,31137.282692586257,8849.072806216354,89086.6610789956,HistGB-lag
Jambi,Kerinci,2029,2070901.0276248597,588587.455566457,5924918.488536035,HistGB-lag
Jambi,Merangin,2029,8099610.107867094,2302057.4890421513,23173255.41793124,HistGB-lag
Jambi,Muaro Jambi,2029,5347637.226945484,1519896.167002129,15299769.595525797,HistGB-lag
Jambi,Sarolangun,2029,7247787.8741003275,2059953.938849108,20736163.71282463,HistGB-lag
Jambi,Sungai Penuh,2029,122255.15292010158,34746.44786129223,349777.9143895549,HistGB-lag
Jambi,Tanjung Jabung B,2029,4357332.019608608,1238433.2079869476,12466473.503156573,HistGB-lag
Jambi,Tanjung Jabung T,2029,3544664.615575029,1007458.1807530788,10141405.066491388,HistGB-lag
Jambi,Tebo,2029,7461647.5082864715,2120736.78135663,21348023.229836162,HistGB-lag
Jawa Barat,Bandung,2029,140056.66509377907,39805.965123472604,400708.6320170804,HistGB-lag
Jawa Barat,Bandung Barat,2029,58527.771049263174,16633.953512310247,167451.75807545893,HistGB-lag
Jawa Barat,Banjar,2029,4324.058871183843,1228.2613012426134,12373.137092488689,HistGB-lag
Jawa Barat,Bekasi,2029,2892.8542973250496,821.4866308380733,8278.413267497595,HistGB-lag
Jawa Barat,Bogor,2029,328865.92885005375,93469.0314919009,940898.2071505404,HistGB-lag
Jawa Barat,Ciamis,2029,139370.8511321118,39611.04417833904,398746.4954926148,HistGB-lag
Jawa Barat,Cianjur,2029,279208.4035960843,79355.44924290963,798826.3779645129,HistGB-lag
Jawa Barat,Cimahi,2029,0.5034037241678797,-0.5727050027973954,3.301287992206989,HistGB-lag
Jawa Barat,Cirebon,2029,8504.746699630155,2416.489696080253,24334.223836247496,HistGB-lag
Jawa Barat,Depok,2029,379.29597355773046,107.08711216107552,1087.039412336771,HistGB-lag
Jawa Barat,Garut,2029,156293.0450939869,44420.643027512786,447161.4545085625,HistGB-lag
Jawa Barat,Indramayu,2029,24143.1481119402,6861.211084159006,69076.20972517604,HistGB-lag
Jawa Barat,Karawang,2029,70830.1432377573,20130.514020551338,202649.2535448273,HistGB-lag
Jawa Barat,Kota Bandung,2029,22.244649628387563,5.606557066655422,65.50371468580813,HistGB-lag
Jawa Barat,Kota Bekasi,2029,18.143378214938902,4.440900278019599,53.76984094326938,HistGB-lag
Jawa Barat,Kota Bogor,2029,83.65699483204442,23.061075404054247,241.20647419837059,HistGB-lag
Jawa Barat,Kota Cirebon,2029,0.7585267871559462,-0.5001943346825195,4.031203549635195,HistGB-lag
Jawa Barat,Kota Sukabumi,2029,51.09183192983128,13.805456991305327,148.03646144409032,HistGB-lag
Jawa Barat,Kota Tasikmalaya,2029,5960.45359005723,1693.354785835632,17054.916738003933,HistGB-lag
Jawa Barat,Kuningan,2029,38281.62871377923,10879.62738318453,109526.87235367353,HistGB-lag
Jawa Barat,Majalengka,2029,39286.82072819261,11165.321446650136,112402.76009557201,HistGB-lag
Jawa Barat,Purwakarta,2029,100785.48432626978,28644.37305978151,288352.4794017399,HistGB-lag
Jawa Barat,Subang,2029,161311.89242248048,45847.09177226093,461520.5434224331,HistGB-lag
Jawa Barat,Sukabumi,2029,518191.87331459654,147278.9480232262,1482566.0229525256,HistGB-lag
Jawa Barat,Sumedang,2029,196456.9724706242,55835.970101778716,562071.7848262714,HistGB-lag
Jawa Barat,Tasikmalaya,2029,125261.43498766191,35600.88853281539,358378.9872421186,HistGB-lag
Jawa Barat,Waduk Cirata,2029,10.21430554637432,2.1873119508995456,31.084500664821924,HistGB-lag
Jawa Tengah,Banjarnegara,2029,16409.142606449725,4663.064433522895,46948.96307967414,HistGB-lag
Jawa Tengah,Banyumas,2029,53294.895517150806,15146.674014520573,152480.32736183135,HistGB-lag
Jawa Tengah,Batang,2029,151203.24941832724,42974.0294572314,432599.38001681585,HistGB-lag
Jawa Tengah,Blora,2029,310803.25192272966,88335.28640196878,889220.2884879282,HistGB-lag
Jawa Tengah,Boyolali,2029,48869.76174098105,13888.96958415795,139819.87264206965,HistGB-lag
Jawa Tengah,Brebes,2029,92356.39408093855,26248.670538296254,264236.57222747797,HistGB-lag
Jawa Tengah,Cilacap,2029,169727.8879859351,48239.0725442481,485598.9862768895,HistGB-lag
Jawa Tengah,Demak,2029,4627.344510695134,1314.4606596739593,13240.847381127738,HistGB-lag
Jawa Tengah,Grobogan,2029,124447.09509017829,35369.43815217341,356049.13374613895,HistGB-lag
Jawa Tengah,Jepara,2029,103114.10412837834,29306.209648205975,295014.73800348013,HistGB-lag
Jawa Tengah,Karanganyar,2029,31935.106058757367,9075.828884797274,91369.26023027388,HistGB-lag
Jawa Tengah,Kebumen,2029,20561.521571405603,5843.246928545666,58829.05722467377,HistGB-lag
Jawa Tengah,Kendal,2029,103850.89739223511,29515.61984891093,297122.72800484864,HistGB-lag
Jawa Tengah,Klaten,2029,6552.77540876109,1861.7035439220163,18749.569135997204,HistGB-lag
Jawa Tengah,Kota Magelang,2029,2.236878635302521,-0.08001954153579383,8.260817292417038,HistGB-lag
Jawa Tengah,Kota Pekalongan,2029,17.664073593568745,4.304673086643634,52.39853450084992,HistGB-lag
Jawa Tengah,Kota Semarang,2029,18159.258188618373,5160.479479638266,51956.1018924523,HistGB-lag
Jawa Tengah,Kota Tegal,2029,0.3268908502211415,-0.622873208959743,2.7962787967579894,HistGB-lag
Jawa Tengah,Kudus,2029,6020.698896971822,1710.4776104207508,17227.2805622069,HistGB-lag
Jawa Tengah,Magelang,2029,11563.427673597034,3285.823100810394,33085.211700533655,HistGB-lag
Jawa Tengah,Pati,2029,59115.09715129284,16800.882395809378,169132.1175621083,HistGB-lag
Jawa Tengah,Pekalongan,2029,77414.31624230275,22001.857120433506,221486.7912120563,HistGB-lag
Jawa Tengah,Pemalang,2029,102672.17375615191,29180.604906027515,293750.3605292915,HistGB-lag
Jawa Tengah,Purbalingga,2029,11199.852576173796,3182.4883692682156,32045.011270221676,HistGB-lag
Jawa Tengah,Purworejo,2029,12520.173664275302,3557.7479130472047,35822.49375933278,HistGB-lag
Jawa Tengah,Rembang,2029,34305.522914783614,9749.544964904335,98151.1015916115,HistGB-lag
Jawa Tengah,Salatiga,2029,3987.609750222811,1132.636271259776,11410.54498185699,HistGB-lag
Jawa Tengah,Semarang,2029,53749.29800157564,15275.82356044087,153780.38796329603,HistGB-lag
Jawa Tengah,Sragen,2029,15841.88478858793,4501.839325589515,45326.019620620944,HistGB-lag
Jawa Tengah,Sukoharjo,2029,3236.641663140726,919.1973250135896,9262.00034040704,HistGB-lag
Jawa Tengah,Surakarta,2029,0.0,-0.7157816025505003,1.8610332162025958,HistGB-lag
Jawa Tengah,Tegal,2029,53514.918046018574,15209.208465078156,153109.8191252352,HistGB-lag
Jawa Tengah,Temanggung,2029,22028.464229825295,6260.179020072021,63026.028896677155,HistGB-lag
Jawa Tengah,Waduk Kedungombo,2029,0.22006502697551905,-0.6532350732488373,2.4906465681040757,HistGB-lag
Jawa Tengah,Wonogiri,2029,29608.95956709075,8414.695256703011,84714.07785186254,HistGB-lag
Jawa Tengah,Wonosobo,2029,21705.62850357537,6168.423167317822,62102.38516049924,HistGB-lag
Jawa Timur,Bangkalan,2029,8713.631766957162,2475.8586751670655,24931.85095223878,HistGB-lag
Jawa Timur,Banyuwangi,2029,577304.9585155628,164079.97436734056,1651690.5232247014,HistGB-lag
Jawa Timur,Batu,2029,2484.9862767446543,705.5630356578145,7111.489312790274,HistGB-lag
Jawa Timur,Blitar,2029,182343.5094624472,51824.66426313186,521692.6983642304,HistGB-lag
Jawa Timur,Bojonegoro,2029,227950.74800343154,64787.080513347486,652176.5227292608,HistGB-lag
Jawa Timur,Bondowoso,2029,108059.907064505,30711.89783281292,309164.8444845308,HistGB-lag
Jawa Timur,Gresik,2029,16782.405967185834,4769.152747737927,48016.88195313156,HistGB-lag
Jawa Timur,Jember,2029,403065.8446599304,114558.01265427182,1153186.6309220337,HistGB-lag
Jawa Timur,Jombang,2029,21218.979892817326,6030.1086790471445,60710.06732050162,HistGB-lag
Jawa Timur,Kediri,2029,75991.46838493377,21597.45758259764,217415.97623052134,HistGB-lag
Jawa Timur,Kota Blitar,2029,37.02229767950899,9.806636513817876,107.78305661741803,HistGB-lag
Jawa Timur,Kota Kediri,2029,25.546364444529395,6.544965160534523,74.95003044521816,HistGB-lag
Jawa Timur,Kota Madiun,2029,2.7319682359380404,0.06069403135074636,9.677285084831738,HistGB-lag
Jawa Timur,Kota Malang,2029,948.993985060726,269.00576802062363,2716.9643464514093,HistGB-lag
Jawa Timur,Kota Mojokerto,2029,2.4131178188468554,-0.029929123221014813,8.765043450533808,HistGB-lag
Jawa Timur,Kota Pasuruan,2029,13.86056542424979,3.2236460900737205,41.51657129033047,HistGB-lag
Jawa Timur,Kota Probolinggo,2029,1.438353531226301,-0.306975066939532,5.976210445683341,HistGB-lag
Jawa Timur,Lamongan,2029,17764.42890683077,5048.261733902457,50826.48220252865,HistGB-lag
Jawa Timur,Lumajang,2029,151809.75061335618,43146.40825493373,434334.60008146026,HistGB-lag
Jawa Timur,Madiun,2029,44257.781341552065,12578.159905963741,126624.84352682802,HistGB-lag
Jawa Timur,Magetan,2029,4619.307843706153,1312.176491061516,13217.854209924706,HistGB-lag
Jawa Timur,Malang,2029,238432.2821252153,67766.12534425312,682164.540008445,HistGB-lag
Jawa Timur,Mojokerto,2029,14284.970185853828,4059.3355522347047,40871.635227407736,HistGB-lag
Jawa Timur,Nganjuk,2029,56968.74614672279,16190.849952926357,162991.33604440387,HistGB-lag
Jawa Timur,Ngawi,2029,103642.82385125534,29456.481520542016,296527.4226926926,HistGB-lag
Jawa Timur,Pacitan,2029,34060.274378897055,9679.840819057821,97449.43738421501,HistGB-lag
Jawa Timur,Pamekasan,2029,427.0519273021237,120.66023280297942,1223.6707822709147,HistGB-lag
Jawa Timur,Pasuruan,2029,36239.81917988656,10299.307549564446,103685.18745604766,HistGB-lag
Jawa Timur,Ponorogo,2029,55846.84986664931,15871.986390099317,159781.55352197954,HistGB-lag
Jawa Timur,Probolinggo,2029,76335.44062456183,21695.220821311843,218400.0922335484,HistGB-lag
Jawa Timur,Sampang,2029,5757.752993814026,1635.7435472093305,16474.983599208084,HistGB-lag
Jawa Timur,Sidoarjo,2029,1441.675692880176,409.0349734697504,4126.543077538277,HistGB-lag
Jawa Timur,Situbondo,2029,16260.960509622619,4620.948355431989,46525.00917860524,HistGB-lag
Jawa Timur,Sumenep,2029,5482.419958563225,1557.4888331654413,15687.246639837633,HistGB-lag
Jawa Timur,Surabaya,2029,201.62751789020467,56.59046841392378,578.7240592005613,HistGB-lag
Jawa Timur,Trenggalek,2029,33893.55715484488,9632.456716810482,96972.45386848846,HistGB-lag
Jawa Timur,Tuban,2029,41281.68652942495,11732.299007803203,118110.13741476434,HistGB-lag
Jawa Timur,Tulungagung,2029,85988.15025210525,24438.69848269759,246016.81510430915,HistGB-lag
Kalimantan Barat,Bengkayang,2029,6228822.387136264,1770345.201087833,17820869.608456396,HistGB-lag
Kalimantan Barat,Kapuas Hulu,2029,10447026.586499667,2969236.4387456486,29889291.93556041,HistGB-lag
Kalimantan Barat,Kayong Utara,2029,3706193.9416097165,1053367.7869397553,10603545.833667448,HistGB-lag
Kalimantan Barat,Ketapang,2029,10768037.666234348,3060473.6933913734,30807715.297450393,HistGB-lag
Kalimantan Barat,Kota Pontianak,2029,19042.000818561333,5411.371175281011,54481.657878077145,HistGB-lag
Kalimantan Barat,Kubu Raya,2029,4531542.409376136,1287947.005785727,12964895.21488907,HistGB-lag
Kalimantan Barat,Landak,2029,8587413.22739625,2440700.109945595,24568876.3458714,HistGB-lag
Kalimantan Barat,Melawi,2029,8348688.890149177,2372850.261381038,23885878.087491572,HistGB-lag
Kalimantan Barat,Pontianak,2029,1722616.805551196,489598.6721117347,4928465.760504001,HistGB-lag
Kalimantan Barat,Sambas,2029,4665932.728694529,1326143.2069751273,13349390.382395066,HistGB-lag
Kalimantan Barat,Sanggau,2029,12184993.905491684,3463198.724969163,34861674.16387115,HistGB-lag
Kalimantan Barat,Sekadau,2029,6672000.27848244,1896304.5111512914,19088816.276284426,HistGB-lag
Kalimantan Barat,Singkawang,2029,354550.15809972736,100768.96196896868,1014381.6401664189,HistGB-lag
Kalimantan Barat,Sintang,2029,11509273.71635013,3271146.6156870783,32928416.25787846,HistGB-lag
Kalimantan Selatan,Balangan,2029,722355.9089309862,205306.12304293903,2066686.110404987,HistGB-lag
Kalimantan Selatan,Banjar,2029,2215354.4739272236,629643.7825805722,6338204.596602036,HistGB-lag
Kalimantan Selatan,Banjar Baru,2029,56533.780836019956,16067.224809372272,161746.8858425869,HistGB-lag
Kalimantan Selatan,Banjarmasin,2029,631.6077378136607,178.79875745555202,1808.9117507116662,HistGB-lag
Kalimantan Selatan,Barito Kuala,2029,850301.90898822,241670.7301392796,2432743.8664489924,HistGB-lag
Kalimantan Selatan,Hulu Sungai Selatan,2029,431943.29351931665,122765.51489151645,1235805.9713079273,HistGB-lag
Kalimantan Selatan,Hulu Sungai Tengah,2029,486148.1298406119,138171.52660476742,1390887.8085019803,HistGB-lag
Kalimantan Selatan,Hulu Sungai Utara,2029,134605.1993523542,38256.55826669398,385111.8074538733,HistGB-lag
Kalimantan Selatan,Kota Baru,2029,7150609.435808368,2032334.0388511224,20458132.972972676,HistGB-lag
Kalimantan Selatan,Tabalong,2029,1570928.7571788542,446486.1380911055,4494481.215609776,HistGB-lag
Kalimantan Selatan,Tanah Bumbu,2029,3970750.0729312985,1128559.5066194148,11360449.71292853,HistGB-lag
Kalimantan Selatan,Tanah Laut,2029,1441533.1995145297,409709.5400546668,4124276.2271030853,HistGB-lag
Kalimantan Selatan,Tapin,2029,798577.6202563528,226969.73568669308,2284758.9583026622,HistGB-lag
Kalimantan Tengah,Barito Selatan,2029,2758687.364885333,784068.9861302897,7892698.045088571,HistGB-lag
Kalimantan Tengah,Barito Timur,2029,1778027.108435492,505347.2995997006,5086996.477575818,HistGB-lag
Kalimantan Tengah,Barito Utara,2029,5336275.966477496,1516667.0877589108,15267264.651948953,HistGB-lag
Kalimantan Tengah,Gunung Mas,2029,5342369.744310908,1518399.0515291367,15284699.152742505,HistGB-lag
Kalimantan Tengah,Kapuas,2029,11185968.495773433,3179257.324007712,32003429.28283682,HistGB-lag
Kalimantan Tengah,Katingan,2029,10703110.73260412,3042020.26436368,30621957.18370813,HistGB-lag
Kalimantan Tengah,Kotawaringin Barat,2029,4471060.406309364,1270756.9077995536,12791854.19513257,HistGB-lag
Kalimantan Tengah,Kotawaringin Timur,2029,9345567.172590334,2656181.409268673,26737979.96606676,HistGB-lag
Kalimantan Tengah,Lamandau,2029,6049755.349000852,1719451.0544729577,17308552.864423964,HistGB-lag
Kalimantan Tengah,Murung Raya,2029,3858824.4409062187,1096748.1828517243,11040226.761960309,HistGB-lag
Kalimantan Tengah,Palangka Raya,2029,593713.5773502276,168743.60571688865,1698636.1267426878,HistGB-lag
Kalimantan Tengah,Pulang Pisau,2029,4042622.4434309364,1148986.9565837185,11566078.952255214,HistGB-lag
Kalimantan Tengah,Seruyan,2029,6132677.632060847,1743019.0928771235,17545796.270621996,HistGB-lag
Kalimantan Tengah,Sukamara,2029,1729638.2273306388,491594.28935770487,4948554.281439945,HistGB-lag
Kalimantan Timur,Balikpapan,2029,201726.90363003506,57333.78149057566,577149.232920446,HistGB-lag
Kalimantan Timur,Berau,2029,14599408.20942858,4149419.689213257,41769393.68510928,HistGB-lag
Kalimantan Timur,Bontang,2029,44877.46907812726,12754.286561372252,128397.79072484329,HistGB-lag
Kalimantan Timur,Kutai Barat,2029,13220255.54991156,3757439.130487114,37823592.11601693,HistGB-lag
Kalimantan Timur,Kutai Kartanegara,2029,13964291.024382818,3968907.7006869134,39952302.32251227,HistGB-lag
Kalimantan Timur,Kutai Timur,2029,18057318.035573825,5132221.278525136,51662588.55634418,HistGB-lag
Kalimantan Timur,Paser,2029,7638651.332337046,2171044.5245707175,21854437.04983974,HistGB-lag
Kalimantan Timur,Penajam Paser Utara,2029,1902505.8076958624,540726.4360200813,5443134.1708694305,HistGB-lag
Kalimantan Timur,Samarinda,2029,239080.71654535262,67950.42233599564,684019.7324229869,HistGB-lag
Kepulauan Riau,Batam,2029,178984.4218630048,50869.949768725855,512082.2371660906,HistGB-lag
Kepulauan Riau,Bintan,2029,326637.0235595103,92835.53560215591,934521.2350785258,HistGB-lag
Kepulauan Riau,Karimun,2029,325475.19631378236,92505.32292426196,931197.208737009,HistGB-lag
Kepulauan Riau,Kepulauan Anambas,2029,71665.05579050226,20367.811528302984,205037.9660908555,HistGB-lag
Kepulauan Riau,Lingga,2029,461649.4070192079,131208.5388649085,1320796.148755403,HistGB-lag
Kepulauan Riau,Natuna,2029,384497.93935876,109280.6723655791,1100063.237100079,HistGB-lag
Kepulauan Riau,Tanjungpinang,2029,25547.808954343393,7260.441537746904,73094.9910527908,HistGB-lag
Lampung,Bandar Lampung,2029,8118.437586540323,2306.6935390377234,23228.98063197568,HistGB-lag
Lampung,Lampung Barat,2029,1724371.6155336266,490097.42139276944,4933486.330151858,HistGB-lag
Lampung,Lampung Selatan,2029,420029.40800726623,119379.36944388467,1201719.9491239185,HistGB-lag
Lampung,Lampung Tengah,2029,371976.64698102773,105721.89071198339,1064239.4036976043,HistGB-lag
Lampung,Lampung Timur,2029,323393.2289604275,91913.58949954926,925240.6309840097,HistGB-lag
Lampung,Lampung Utara,2029,894351.5615759337,254190.4518059668,2558771.3856646214,HistGB-lag
Lampung,Mesuji,2029,970041.732340825,275702.99084344314,2775323.4783630217,HistGB-lag
Lampung,Metro,2029,252.85105303629743,71.14913948484444,725.2762947048537,HistGB-lag
Lampung,Pesawaran,2029,323826.58893789904,92036.75837786496,926480.4882741285,HistGB-lag
Lampung,Pringsewu,2029,183112.18685097113,52043.136518653795,523891.9099053413,HistGB-lag
Lampung,Tanggamus,2029,688549.3695149318,195697.6825867947,1969964.4782107892,HistGB-lag
Lampung,Tulang Bawang Barat,2029,239761.92185047016,68144.03341615024,685968.6834279828,HistGB-lag
Lampung,Tulangbawang,2029,511191.0883789939,145289.19614794062,1462536.5447122732,HistGB-lag
Lampung,Way Kanan,2029,1805161.3829131809,513059.3596077042,5164628.538154044,HistGB-lag
Maluku Utara,Halmahera Barat,2029,289170.92606860976,82186.98141460544,827329.4856755745,HistGB-lag
Maluku Utara,Halmahera Selatan,2029,1557573.1214499555,442690.22070731863,4456270.2981659025,HistGB-lag
Maluku Utara,Halmahera Tengah,2029,601279.6641224499,170894.02677425355,1720282.9523146872,HistGB-lag
Maluku Utara,Halmahera Timur,2029,1019733.8549051606,289826.40628454275,2917494.291603196,HistGB-lag
Maluku Utara,Halmahera Utara,2029,669478.0550429483,190277.26415031208,1915400.8140297993,HistGB-lag
Maluku Utara,Kepulauan Sula,2029,1685443.8783402946,479033.44231134537,4822112.78101013,HistGB-lag
Maluku Utara,Pulau Morotai,2029,320351.9350565884,91049.19782002717,916539.3881048915,HistGB-lag
Maluku Utara,Ternate,2029,4195.40075460519,1191.6942975297577,12005.041947423075,HistGB-lag
Maluku Utara,Tidore Kepulauan,2029,141190.59924015944,40128.2500693701,403952.855274861,HistGB-lag
Maluku,Ambon,2029,37236.48558074573,10582.578476808401,106536.68313437865,HistGB-lag
Maluku,Buru,2029,344790.5673480243,97995.10672575668,986459.1268492509,HistGB-lag
Maluku,Buru Selatan,2029,481619.952359557,136884.53525773506,1377932.5423198217,HistGB-lag
Maluku,Kepulauan Aru,2029,231585.35793578933,65820.10352367625,662575.2624736774,HistGB-lag
Maluku,Maluku Barat Daya,2029,185859.3931990438,52823.9431043661,531751.7585189388,HistGB-lag
Maluku,Maluku Tengah,2029,792700.7426640468,225299.41895540102,2267945.0163035183,HistGB-lag
Maluku,Maluku Tenggara,2029,184887.055895978,52547.586954308375,528969.8691975157,HistGB-lag
Maluku,Maluku Tenggara Barat,2029,730349.0112215366,207577.90976660917,2089554.6415587526,HistGB-lag
Maluku,Seram Bagian Barat,2029,429710.73385893676,122130.98036263288,1229418.5439624265,HistGB-lag
Maluku,Seram Bagian Timur,2029,386049.78020486434,109721.73408395554,1104503.1053070454,HistGB-lag
Maluku,Tual,2029,55592.02035703167,15799.55915525295,159052.47783049484,HistGB-lag
Nusa Tenggara Barat,Bima,2029,915157.7622923382,260103.95683059588,2618298.617017233,HistGB-lag
Nusa Tenggara Barat,Dompu,2029,1200692.5418612924,341258.1942957802,3435223.105745096,HistGB-lag
Nusa Tenggara Barat,Kota Bima,2029,33967.04557856015,9653.343478829926,97182.70668974421,HistGB-lag
Nusa Tenggara Barat,Lombok Barat,2029,111329.44309259072,31641.160123118843,318519.09566245513,HistGB-lag
Nusa Tenggara Barat,Lombok Tengah,2029,29914.27945877936,8501.472787028204,85587.60820355103,HistGB-lag
Nusa Tenggara Barat,Lombok Timur,2029,28705.31999642077,8157.864266055237,82128.73502470054,HistGB-lag
Nusa Tenggara Barat,Lombok Utara,2029,27317.003668435354,7763.279224162247,78156.71589573784,HistGB-lag
Nusa Tenggara Barat,Mataram,2029,1.09611560926297,-0.4042453806663969,4.997056383102098,HistGB-lag
Nusa Tenggara Barat,Sumbawa,2029,1050189.9696118915,298482.59439902793,3004630.2474156353,HistGB-lag
Nusa Tenggara Barat,Sumbawa Barat,2029,294083.6278987667,83583.26165591988,841384.8887929514,HistGB-lag
Nusa Tenggara Timur,Alor,2029,344701.68836520833,97969.84568369378,986204.841127194,HistGB-lag
Nusa Tenggara Timur,Belu,2029,100631.1133019999,28600.49797465088,287910.818773685,HistGB-lag
Nusa Tenggara Timur,Ende,2029,162716.4207012204,46246.28454881689,465538.945481003,HistGB-lag
Nusa Tenggara Timur,Flores Timur,2029,174460.69532987286,49584.22346297931,499139.70529378304,HistGB-lag
Nusa Tenggara Timur,Kota Kupang,2029,6624.906776823942,1882.2046057586801,18955.93937595516,HistGB-lag
Nusa Tenggara Timur,Kupang,2029,544977.6459530896,154891.95739698535,1559201.0081929022,HistGB-lag
Nusa Tenggara Timur,Lembata,2029,46179.64070107354,13124.387693250257,132123.34699128903,HistGB-lag
Nusa Tenggara Timur,Manggarai,2029,80117.51781823608,22770.15674032824,229220.74071089315,HistGB-lag
Nusa Tenggara Timur,Manggarai Barat,2029,173847.39329783607,49409.91174228129,497385.02780856215,HistGB-lag
Nusa Tenggara Timur,Manggarai Timur,2029,173646.10873142828,49352.70296538556,496809.14597816055,HistGB-lag
Nusa Tenggara Timur,Nagekeo,2029,39850.65148766483,11325.572521540063,114015.89862673855,HistGB-lag
Nusa Tenggara Timur,Ngada,2029,36202.84758963554,10288.799543432142,103579.41050828365,HistGB-lag
Nusa Tenggara Timur,Rote Ndao,2029,24970.244874657972,7096.287200594319,71442.56103632534,HistGB-lag
Nusa Tenggara Timur,Sabu Raijua,2029,5256.817553724232,1493.3684792013496,15041.790665938119,HistGB-lag
Nusa Tenggara Timur,Sikka,2029,116600.60532666036,33139.32140598244,333600.0659021205,HistGB-lag
Nusa Tenggara Timur,Sumba Barat,2029,238839.85246384953,67881.96433274768,683330.6122852176,HistGB-lag
Nusa Tenggara Timur,Sumba Barat Daya,2029,309272.52567383164,87900.2258405731,884840.8298449178,HistGB-lag
Nusa Tenggara Timur,Sumba Tengah,2029,53620.27762999124,15239.15359719081,153411.25639462625,HistGB-lag
Nusa Tenggara Timur,Sumba Timur,2029,397488.08162031166,112972.70978179833,1137228.4655935774,HistGB-lag
Nusa Tenggara Timur,Timor Tengah Selatan,2029,552061.1242518236,156905.21224741984,1579467.0748918306,HistGB-lag
Nusa Tenggara Timur,Timor Tengah Utara,2029,176552.0926382806,50178.63705440515,505123.26246141427,HistGB-lag
Papua Barat,Fakfak,2029,919451.7837389611,261324.39672476886,2630583.9550071075,HistGB-lag
Papua Barat,Kaimana,2029,430151.79443087406,122256.33789156705,1230680.4329090964,HistGB-lag
Papua Barat,Kota Sorong,2029,32665.859148620697,9283.5223569295,93459.96909321554,HistGB-lag
Papua Barat,Manokwari,2029,1635824.9504728552,464930.8301496994,4680151.380229025,HistGB-lag
Papua Barat,Maybrat,2029,364658.07704568264,103641.81849333752,1043300.7320174786,HistGB-lag
Papua Barat,Raja Ampat,2029,197369.55923353747,56095.34404906756,564682.7258676331,HistGB-lag
Papua Barat,Sorong,2029,3265668.488595082,928162.348648221,9343187.880009864,HistGB-lag
Papua Barat,Sorong Selatan,2029,318664.80509897345,90569.6844471848,911712.4532561047,HistGB-lag
Papua Barat,Tambrauw,2029,342368.30728902674,97306.65585358246,979528.9603621797,HistGB-lag
Papua Barat,Teluk Bintuni,2029,1818205.023580955,516766.6022552061,5201946.827364747,HistGB-lag
Papua Barat,Teluk Wondama,2029,506010.7971457205,143816.86207529795,1447715.5594242748,HistGB-lag
Papua,Asmat,2029,210008.03985621687,59687.43275784204,600841.8387314507,HistGB-lag
Papua,Biak Numfor,2029,448963.1198742393,127602.86266298134,1284500.2598433616,HistGB-lag
Papua,Boven Digoel,2029,377170.6470433561,107198.12108605096,1079099.6104008842,HistGB-lag
Papua,Deiyai,2029,73796.90031928195,20973.72096388423,211137.244099474,HistGB-lag
Papua,Dogiyai,2029,157892.69098577433,44875.29181936328,451738.0945391291,HistGB-lag
Papua,Intan Jaya,2029,295980.1975120503,84122.30163205875,846811.0374533976,HistGB-lag
Papua,Jayapura,2029,973509.1818971551,276688.50379958027,2785243.966719189,HistGB-lag
Papua,Jayawijaya,2029,181076.29009084593,51464.49720411839,518067.1416498638,HistGB-lag
Papua,Keerom,2029,996906.6883551592,283338.50558938854,2852185.0098718535,HistGB-lag
Papua,Kepulauan Yapen,2029,149790.30282349084,42572.44404036527,428556.8928762686,HistGB-lag
Papua,Kota Jayapura,2029,184583.9847859299,52461.44856909726,528102.7726847957,HistGB-lag
Papua,Lanny Jaya,2029,167408.7551481629,47579.93232562397,478963.8701952371,HistGB-lag
Papua,Mamberamo Raya,2029,615385.2630171911,174903.09748718233,1760639.5392869692,HistGB-lag
Papua,Mamberamo Tengah,2029,320936.51724031084,91215.3468314623,918211.8971501217,HistGB-lag
Papua,Mappi,2029,172584.29866877192,49050.91701098161,493771.2721196025,HistGB-lag
Papua,Merauke,2029,4897918.72999325,1392077.8964949672,14013110.037804725,HistGB-lag
Papua,Mimika,2029,1099455.8358378876,312484.859946742,3145581.5271131983,HistGB-lag
Papua,Nabire,2029,1897222.6520786248,539224.8659970737,5428018.887162137,HistGB-lag
Papua,Nduga,2029,179283.36527114175,50954.91498511463,512937.52418653516,HistGB-lag
Papua,Paniai,2029,178022.08600275315,50596.436212716944,509328.9623047677,HistGB-lag
Papua,Pegunungan Bintang,2029,1233253.0997810883,350512.5038878062,3528379.943491727,HistGB-lag
Papua,Puncak,2029,357972.69850611483,101741.71091847829,1024173.6419528872,HistGB-lag
Papua,Puncak Jaya,2029,334123.1845291584,94963.2402759983,955939.3902745285,HistGB-lag
Papua,Sarmi,2029,679009.897425614,192986.38911705455,1942671.7316982134,HistGB-lag
Papua,Supiori,2029,25345.47147417916,7202.933503390656,72516.09680115822,HistGB-lag
Papua,Tolikara,2029,386667.6752091903,109897.35121187712,1106270.9234385476,HistGB-lag
Papua,Waropen,2029,352185.9380586079,100097.00713766372,1007617.5280983625,HistGB-lag
Papua,Yahukimo,2029,1057458.6040856403,300548.474040803,3025426.05208146,HistGB-lag
Papua,Yalimo,2029,403581.677175213,114704.62174511778,1154662.4448822525,HistGB-lag
Riau,Bengkalis,2029,4156445.716866059,1181337.6249519053,11891731.118330011,HistGB-lag
Riau,Dumai,2029,1643606.1832066672,467142.399647485,4702413.745543456,HistGB-lag
Riau,Indragiri Hilir,2029,9907720.34707074,2815955.6836406435,28346318.870848943,HistGB-lag
Riau,Indragiri Hulu,2029,4715434.346188145,1340212.4773703208,13491016.154300056,HistGB-lag
Riau,Kampar,2029,7633043.586553847,2169450.700050913,21838393.102885988,HistGB-lag
Riau,Kepulauan Meranti,2029,1054100.3495349193,299593.9963141696,3015817.974263384,HistGB-lag
Riau,Kuantan Singingi,2029,5596345.858011975,1590583.7355557056,16011333.250163306,HistGB-lag
Riau,Pekanbaru,2029,210781.3409146735,59907.21914542259,603054.2787458197,HistGB-lag
Riau,Pelalawan,2029,6350638.410805039,1804967.5561186427,18169389.298438482,HistGB-lag
Riau,Rokan Hilir,2029,5006029.466790722,1422804.9568546293,14322418.446810452,HistGB-lag
Riau,Rokan Hulu,2029,6824864.0197899155,1939751.198733837,19526164.517718118,HistGB-lag
Riau,Siak,2029,3679107.7679330693,1045669.3980643398,10526051.391078727,HistGB-lag
Sulawesi Barat,Majene,2029,271612.85610703286,77196.65490781986,777095.264303094,HistGB-lag
Sulawesi Barat,Mamasa,2029,565325.2372865673,160675.11719774373,1617416.1428676983,HistGB-lag
Sulawesi Barat,Mamuju,2029,4111269.723404725,1168497.7764871358,11762481.100462181,HistGB-lag
Sulawesi Barat,Mamuju Utara,2029,2239435.2040740806,636487.9691123258,6407100.365422606,HistGB-lag
Sulawesi Barat,Polewali Mandar,2029,857536.6847818062,243726.9865212391,2453442.800306217,HistGB-lag
Sulawesi Selatan,Bantaeng,2029,25704.964428343173,7305.108014717538,73544.61808401225,HistGB-lag
Sulawesi Selatan,Barru,2029,162268.66239415656,46119.023400338505,464257.8940916627,HistGB-lag
Sulawesi Selatan,Bone,2029,1685638.2976336586,479088.6998513385,4822669.021066306,HistGB-lag
Sulawesi Selatan,Bulukumba,2029,51595.27964110984,14663.61191395248,147617.66988569286,HistGB-lag
Sulawesi Selatan,Enrekang,2029,403554.43458062934,114696.87889854285,1154584.5029142532,HistGB-lag
Sulawesi Selatan,Gowa,2029,165169.41656146263,46943.471101165196,472557.04811636347,HistGB-lag
Sulawesi Selatan,Jeneponto,2029,5383.261599592471,1529.3062032850512,15403.551281158192,HistGB-lag
Sulawesi Selatan,Kepulauan Selayar,2029,178259.29428685084,50663.855171084935,510007.6230847305,HistGB-lag
Sulawesi Selatan,Luwu,2029,956272.7391468156,271789.58966334874,2735929.931481298,HistGB-lag
Sulawesi Selatan,Luwu Timur,2029,2978134.137775096,846439.7962464825,8520542.551514637,HistGB-lag
Sulawesi Selatan,Luwu Utara,2029,2370425.7205117512,673717.8837753228,6781868.583958301,HistGB-lag
Sulawesi Selatan,Makassar,2029,1573.8947378656594,446.6140585478278,4504.826157056331,HistGB-lag
Sulawesi Selatan,Maros,2029,258136.9837100013,73366.56405090161,738540.345757879,HistGB-lag
Sulawesi Selatan,Palopo,2029,53856.9939588233,15306.432732821591,154088.50967423207,HistGB-lag
Sulawesi Selatan,Pangkajene Dan Kepulauan,2029,44996.331152036975,12788.069349536394,128737.85906644548,HistGB-lag
Sulawesi Selatan,Parepare,2029,18956.797352761565,5387.154782774258,54237.887932288526,HistGB-lag
Sulawesi Selatan,Pinrang,2029,320389.20630895515,91059.79099564579,916646.0223959222,HistGB-lag
Sulawesi Selatan,Sidenreng Rappang,2029,426292.29150698637,121159.39615558805,1219638.266845825,HistGB-lag
Sulawesi Selatan,Sinjai,2029,19805.260638542695,5628.303658153707,56665.36957563663,HistGB-lag
Sulawesi Selatan,Soppeng,2029,329630.1639377866,93686.24116381099,943084.7091215315,HistGB-lag
Sulawesi Selatan,Takalar,2029,37561.97014346694,10675.087177619573,107467.90527968519,HistGB-lag
Sulawesi Selatan,Tana Toraja,2029,132783.5392091171,37738.80894008551,379899.9772754403,HistGB-lag
Sulawesi Selatan,Toraja Utara,2029,61768.5973380524,17555.05596652213,176723.8697356272,HistGB-lag
Sulawesi Selatan,Wajo,2029,371599.0703653889,105614.5764913721,1063159.1444585985,HistGB-lag
Sulawesi Tengah,Banggai,2029,3368216.911700712,957308.4971242765,9636582.324784286,HistGB-lag
Sulawesi Tengah,Banggai Kepulauan,2029,1424267.2761232173,404802.2469779022,4074877.846772131,HistGB-lag
Sulawesi Tengah,Buol,2029,2085259.95444027,592668.5267350276,5965999.855103945,HistGB-lag
Sulawesi Tengah,Donggala,2029,1941282.3986222034,551747.4565517207,5554075.285520793,HistGB-lag
Sulawesi Tengah,Morowali,2029,7974313.969663577,2266446.021435337,22814779.004669107,HistGB-lag
Sulawesi Tengah,Palu,2029,118808.41704638996,33766.82211483421,339916.6885673883,HistGB-lag
Sulawesi Tengah,Parigi Moutong,2029,3092525.286732277,878951.8652854994,8847819.428320708,HistGB-lag
Sulawesi Tengah,Poso,2029,2735347.5529699377,777435.3821909233,7825922.067938703,HistGB-lag
Sulawesi Tengah,Sigi,2029,1354145.5273192588,384872.35590648477,3874257.194265798,HistGB-lag
Sulawesi Tengah,Tojo Una-Una,2029,1922587.0480756077,546433.8939796108,5500587.266618432,HistGB-lag
Sulawesi Tengah,Toli-Toli,2029,1435473.1048093596,407987.1496491712,4106938.094858268,HistGB-lag
Sulawesi Tenggara,Bau-Bau,2029,110524.60550629102,31412.410474133623,316216.42859440285,HistGB-lag
Sulawesi Tenggara,Bombana,2029,1530207.0129943471,434912.26921763644,4377974.952876205,HistGB-lag
Sulawesi Tenggara,Buton,2029,986568.7773382197,280400.28108717845,2822607.9030662477,HistGB-lag
Sulawesi Tenggara,Buton Utara,2029,682783.4163293598,194058.89261262256,1953467.8946238018,HistGB-lag
Sulawesi Tenggara,Kendari,2029,152230.63106604514,43266.030222714806,435538.7530366537,HistGB-lag
Sulawesi Tenggara,Kolaka,2029,3528142.525556459,1002762.2988054844,10094134.81814717,HistGB-lag
Sulawesi Tenggara,Kolaka Utara,2029,865918.3117374602,246109.1991025946,2477422.913432166,HistGB-lag
Sulawesi Tenggara,Konawe,2029,2623737.772130154,745713.8291409502,7506602.777702977,HistGB-lag
Sulawesi Tenggara,Konawe Selatan,2029,3136447.3658813457,891435.3282338978,8973481.955690874,HistGB-lag
Sulawesi Tenggara,Konawe Utara,2029,1993721.7867820081,566651.6954177327,5704106.116883336,HistGB-lag
Sulawesi Tenggara,Muna,2029,1641621.8114241522,466578.4046795146,4696736.391960394,HistGB-lag
Sulawesi Tenggara,Wakatobi,2029,27869.09685896423,7920.194266017145,79736.27285228022,HistGB-lag
Sulawesi Utara,Bitung,2029,100502.60809779844,28563.974431448823,287543.16111600975,HistGB-lag
Sulawesi Utara,Bolaang Mongondow,2029,556729.9424694048,158232.1762792038,1592824.7188927447,HistGB-lag
Sulawesi Utara,Bolaang Mongondow Selatan,2029,291619.85395799705,82883.01177479648,834335.9497111951,HistGB-lag
Sulawesi Utara,Bolaang Mongondow Timur,2029,213556.16392214416,60695.87489381191,610993.1395392776,HistGB-lag
Sulawesi Utara,Bolaang Mongondow Utara,2029,301191.7662673058,85603.52535187536,861721.5087707059,HistGB-lag
Sulawesi Utara,Kepulauan Sangihe,2029,6761.341024654537,1920.9817290343196,19346.282290826144,HistGB-lag
Sulawesi Utara,Kepulauan Talaud,2029,97095.82433354779,27595.70380951653,277796.2396060684,HistGB-lag
Sulawesi Utara,Kotamobagu,2029,15115.768684718834,4295.463770185567,43248.57732863185,HistGB-lag
Sulawesi Utara,Manado,2029,15613.644018263753,4436.969099615339,44673.015195431806,HistGB-lag
Sulawesi Utara,Minahasa,2029,109632.68434914305,31158.910072197723,313664.6125375692,HistGB-lag
Sulawesi Utara,Minahasa Selatan,2029,204930.14268118775,58244.20096034193,586313.8062452321,HistGB-lag
Sulawesi Utara,Minahasa Tenggara,2029,172678.91513467583,49077.80875129316,494041.97297135246,HistGB-lag
Sulawesi Utara,Minahasa Utara,2029,223706.7145075258,63580.84811441915,640034.2019267991,HistGB-lag
Sulawesi Utara,Siau Tagulandang Biaro,2029,30930.897055902704,8790.41421130156,88496.184917097,HistGB-lag
Sulawesi Utara,Tomohon,2029,9650.36438020827,2742.095317343977,27611.87407345046,HistGB-lag
Sumatera Barat,Agam,2029,1018758.8890921313,289549.3030635955,2914704.8820274575,HistGB-lag
Sumatera Barat,Bukittinggi,2029,798.2588679463275,226.16407459500644,2285.706169538927,HistGB-lag
Sumatera Barat,Danau,2029,0.32479778635488665,-0.6234680962175694,2.7902904715130004,HistGB-lag
Sumatera Barat,Dharmasraya,2029,2849947.158997301,810006.6985643646,8153795.347346707,HistGB-lag
Sumatera Barat,Kepulauan Mentawai,2029,883836.4728535992,251201.87014026556,2528687.3675587093,HistGB-lag
Sumatera Barat,Kota Solok,2029,26941.535795410447,7656.5643469973365,77082.48983939664,HistGB-lag
Sumatera Barat,Lima Puluh Kota,2029,2296616.950160011,652740.0733482331,6570699.240334904,HistGB-lag
Sumatera Barat,Padang,2029,168704.3342953323,47948.159754601445,482670.565169509,HistGB-lag
Sumatera Barat,Padang Panjang,2029,626.8426236062876,177.44442433186856,1795.2786006853726,HistGB-lag
Sumatera Barat,Padang Pariaman,2029,357538.2708337422,101618.23858162883,1022930.7299521916,HistGB-lag
Sumatera Barat,Pariaman,2029,10673.183285101015,3032.7992673736453,30538.19293450857,HistGB-lag
Sumatera Barat,Pasaman,2029,2368699.536973598,673227.2706564051,6776929.915518394,HistGB-lag
Sumatera Barat,Pasaman Barat,2029,2677429.018086436,760973.8690237117,7660215.215803218,HistGB-lag
Sumatera Barat,Payakumbuh,2029,5724.289847245487,1626.2327053180027,16379.24442535681,HistGB-lag
Sumatera Barat,Pesisir Selatan,2029,4793826.4765102165,1362492.9630231126,13715298.643040411,HistGB-lag
Sumatera Barat,Sawahlunto,2029,50107.372846738734,14240.721429302102,143360.71912438385,HistGB-lag
Sumatera Barat,Sijunjung,2029,3303779.635243555,938994.237673613,9452225.136478731,HistGB-lag
Sumatera Barat,Solok,2029,663788.9975607644,188660.32934972772,1899124.2316043887,HistGB-lag
Sumatera Barat,Solok Selatan,2029,2621495.857839882,745076.6358541498,7500188.586450629,HistGB-lag
Sumatera Barat,Tanah Datar,2029,188534.46632296397,53584.248100706915,539405.2315822463,HistGB-lag
Sumatera Selatan,Banyu Asin,2029,5702291.060010563,1620695.3110852079,16314445.992178557,HistGB-lag
Sumatera Selatan,Empat Lawang,2029,1886197.0098403315,536091.1756292545,5396474.158488414,HistGB-lag
Sumatera Selatan,Lahat,2029,3635263.8241087534,1033208.1426127269,10400612.411468038,HistGB-lag
Sumatera Selatan,Lubuklinggau,2029,382752.3976168505,108784.55728901236,1095069.1841962077,HistGB-lag
Sumatera Selatan,Muara Enim,2029,7245250.5796386255,2059232.7930833455,20728904.42909045,HistGB-lag
Sumatera Selatan,Musi Banyuasin,2029,13516619.504071586,3841671.218600273,38671499.23295391,HistGB-lag
Sumatera Selatan,Musi Rawas,2029,12640259.191185433,3592593.4948834293,36164203.26842493,HistGB-lag
Sumatera Selatan,Ogan Ilir,2029,1133041.66922919,322030.5716902239,3241671.7120395605,HistGB-lag
Sumatera Selatan,Ogan Komering Ilir,2029,10509452.883316047,2986979.1407855074,30067895.644316595,HistGB-lag
Sumatera Selatan,Ogan Komering Ulu,2029,2658924.7131611486,755714.6051319295,7607273.784769215,HistGB-lag
Sumatera Selatan,Ogan Komering Ulu Selatan,2029,3263037.539516975,927414.5845174703,9335660.647307264,HistGB-lag
Sumatera Selatan,Ogan Komering Ulu Timur,2029,971147.3459703377,276017.2265774216,2778486.6756813442,HistGB-lag
Sumatera Selatan,Pagar Alam,2029,188258.5715149741,53505.833720515395,538615.8873724084,HistGB-lag
Sumatera Selatan,Palembang,2029,64110.918238635924,18220.786659198446,183425.32763520224,HistGB-lag
Sumatera Selatan,Prabumulih,2029,375189.5253255435,106635.04984626186,1073431.55536088,HistGB-lag
Sumatera Utara,Asahan,2029,2004734.2045162532,569781.6271382043,5735613.00981171,HistGB-lag
Sumatera Utara,Batu Bara,2029,359857.7311410317,102277.47187311437,1029566.782935012,HistGB-lag
Sumatera Utara,Dairi,2029,807336.8218543711,229459.26192781894,2309819.3250220115,HistGB-lag
Sumatera Utara,Deli Serdang,2029,1021369.825330135,290291.3791770037,2922174.857329773,HistGB-lag
Sumatera Utara,Gunungsitoli,2029,33260.09171637393,9452.414185048623,95160.08820770672,HistGB-lag
Sumatera Utara,Humbang Hasundutan,2029,1063161.7623432933,302169.416541194,3041742.9772938653,HistGB-lag
Sumatera Utara,Karo,2029,909985.7164620078,258633.96625316402,2603501.22210094,HistGB-lag
Sumatera Utara,Kota Binjai,2029,9408.947770075027,2673.4802752942164,26921.173132916174,HistGB-lag
Sumatera Utara,Kota Medan,2029,3888.7696930312636,1104.5441086009778,11127.76029514061,HistGB-lag
Sumatera Utara,Kota Tanjungbalai,2029,24431.316865888482,6943.113945601205,69900.67010209379,HistGB-lag
Sumatera Utara,Labuhanbatu,2029,1870142.3827615778,531528.1552492818,5350541.337142363,HistGB-lag
Sumatera Utara,Labuhanbatu Selatan,2029,1868778.5725910868,531140.5353081995,5346639.430943994,HistGB-lag
Sumatera Utara,Labuhanbatu Utara,2029,2371374.959026311,673987.6748247284,6784584.386878568,HistGB-lag
Sumatera Utara,Lake Toba,2029,2849.7202221522043,809.2271331169817,8155.0052456778985,HistGB-lag
Sumatera Utara,Langkat,2029,3776956.391102241,1073479.7769341217,10805999.552125419,HistGB-lag
Sumatera Utara,Mandailing Natal,2029,4085466.15931567,1161163.9288532592,11688656.246506982,HistGB-lag
Sumatera Utara,Nias,2029,333363.73781705153,94747.39154853497,953766.5880052549,HistGB-lag
Sumatera Utara,Nias Barat,2029,66503.56663314748,18900.821351546638,190270.7741665939,HistGB-lag
Sumatera Utara,Nias Selatan,2029,641618.0633686667,182358.94196369135,1835692.4524465518,HistGB-lag
Sumatera Utara,Nias Utara,2029,461958.36492358387,131296.3503853696,1321680.0875822285,HistGB-lag
Sumatera Utara,Padang Lawas,2029,2976303.9101988645,845919.6118977981,8515306.209625842,HistGB-lag
Sumatera Utara,Padang Lawas Utara,2029,3212867.4580373294,913155.3243594146,9192122.377734423,HistGB-lag
Sumatera Utara,Padangsidimpuan,2029,25483.022169830772,7242.027941676822,72909.63391032926,HistGB-lag
Sumatera Utara,Pakpak Barat,2029,434027.2538870876,123357.81476759257,1241768.2511413721,HistGB-lag
Sumatera Utara,Pematangsiantar,2029,14567.57799414503,4139.657890613946,41680.18555408715,HistGB-lag
Sumatera Utara,Samosir,2029,195519.94229723676,55569.64888753672,559390.910375626,HistGB-lag
Sumatera Utara,Serdang Bedagai,2029,761158.855144223,216334.6342319843,2177702.628407576,HistGB-lag
Sumatera Utara,Sibolga,2029,3452.7395395281005,980.6163171326494,9880.263542702161,HistGB-lag
Sumatera Utara,Simalungun,2029,2110867.04363237,599946.5325885526,6039262.587852805,HistGB-lag
Sumatera Utara,Tapanuli Selatan,2029,2539838.4352145437,721868.0940557198,7266563.987970056,HistGB-lag
Sumatera Utara,Tapanuli Tengah,2029,1780559.711762242,506067.1120586048,5094242.339817106,HistGB-lag
Sumatera Utara,Tapanuli Utara,2029,1900797.3317766867,540240.8557322521,5438246.164515577,HistGB-lag
Sumatera Utara,Tebingtinggi,2029,2277.686447119458,646.6446102901868,6518.397614519449,HistGB-lag
Sumatera Utara,Toba Samosir,2029,1180833.8158932095,335613.9790257429,3378406.631118952,HistGB-lag
Yogyakarta,Bantul,2029,3208.730107729332,911.2643474642405,9182.144453259163,HistGB-lag
Yogyakarta,Gunung Kidul,2029,18181.601666500323,5166.829907115322,52020.027324838135,HistGB-lag
Yogyakarta,Kota Yogyakarta,2029,0.10554972819012502,-0.6857824279530726,2.1630144945156986,HistGB-lag
Yogyakarta,Kulon Progo,2029,2740.9184919082895,778.3036797073236,7843.719881469745,HistGB-lag
Yogyakarta,Sleman,2029,7507.704543680947,2133.111972326775,21481.653110122523,HistGB-lag
Aceh,Aceh Barat,2030,2580431.6666666665,778619.7489703302,6466669.575990889,Naive: 3-yr mean
Aceh,Aceh Barat Daya,2030,610435.6666666666,184192.39544826385,1529778.436538664,Naive: 3-yr mean
Aceh,Aceh Besar,2030,971736.0,293211.29750185827,2435211.9573754906,Naive: 3-yr mean
Aceh,Aceh Jaya,2030,1881056.0,567589.8653287399,4714005.34118272,Naive: 3-yr mean
Aceh,Aceh Selatan,2030,2022974.6666666667,610412.4585939286,5069659.366870863,Naive: 3-yr mean
Aceh,Aceh Singkil,2030,752049.6666666666,226923.05847584017,1884668.9550079315,Naive: 3-yr mean
Aceh,Aceh Tamiang,2030,1708018.6666666667,515377.5135707426,4280366.6547448905,Naive: 3-yr mean
Aceh,Aceh Tengah,2030,1924046.6666666667,580561.8856845264,4821741.723056497,Naive: 3-yr mean
Aceh,Aceh Tenggara,2030,539723.0,162855.5281108912,1352569.5805238765,Naive: 3-yr mean
Aceh,Aceh Timur,2030,4092478.6666666665,1234865.3944492966,10255921.654033352,Naive: 3-yr mean
Aceh,Aceh Utara,2030,3221044.0,971918.3617273753,8072070.476427814,Naive: 3-yr mean
Aceh,Banda Aceh,2030,210.66666666666666,62.868381710167874,529.4453872921846,Naive: 3-yr mean
Aceh,Bener Meriah,2030,1240693.0,374366.4865079451,3109229.280351603,Naive: 3-yr mean
Aceh,Bireuen,2030,1950151.0,588438.6173016413,4887160.257883283,Naive: 3-yr mean
Aceh,Gayo Lues,2030,1027624.0,310074.9641964314,2575269.587950226,Naive: 3-yr mean
Aceh,Langsa,2030,27289.333333333332,8233.595714949837,68389.6996897613,Naive: 3-yr mean
Aceh,Lhokseumawe,2030,30200.666666666668,9112.06255881854,75685.6209694621,Naive: 3-yr mean
Aceh,Nagan Raya,2030,2358844.3333333335,711757.9014704651,5911362.5893025035,Naive: 3-yr mean
Aceh,Pidie,2030,732190.3333333334,220930.6955694968,1834900.647473927,Naive: 3-yr mean
Aceh,Pidie Jaya,2030,473010.3333333333,142725.62231764782,1185384.889308313,Naive: 3-yr mean
Aceh,Sabang,2030,23877.333333333332,7204.057517807671,59839.08711602462,Naive: 3-yr mean
Aceh,Simeulue,2030,558710.0,168584.67282048627,1400151.7847845855,Naive: 3-yr mean
Aceh,Subulussalam,2030,1218712.0,367733.93108256947,3054143.9887386775,Naive: 3-yr mean
Bali,Badung,2030,20403.666666666668,6155.911996860193,51133.93533496663,Naive: 3-yr mean
Bali,Bangli,2030,33200.333333333336,10017.183136786698,83202.90922181218,Naive: 3-yr mean
Bali,Buleleng,2030,40319.0,12165.1723648219,101042.58117616174,Naive: 3-yr mean
Bali,Denpasar,2030,775.0,233.15053956105652,1943.687971049144,Naive: 3-yr mean
Bali,Gianyar,2030,11475.333333333334,3461.8732502352327,28759.16415603564,Naive: 3-yr mean
Bali,Jembrana,2030,76511.0,23085.760416102537,191741.22427952586,Naive: 3-yr mean
Bali,Karangasem,2030,17069.666666666668,5149.909549828534,42778.79397481472,Naive: 3-yr mean
Bali,Klungkung,2030,8428.333333333334,2542.470293994842,21123.256620227967,Naive: 3-yr mean
Bali,Tabanan,2030,20292.0,6122.21765375325,50854.09406765497,Naive: 3-yr mean
Bangka Belitung,Bangka,2030,3783283.6666666665,1141568.7757900418,9481066.245259453,Naive: 3-yr mean
Bangka Belitung,Bangka Barat,2030,2730230.0,823819.9558973218,6842070.37098643,Naive: 3-yr mean
Bangka Belitung,Bangka Selatan,2030,5491460.0,1656994.562021261,13761826.513125632,Naive: 3-yr mean
Bangka Belitung,Bangka Tengah,2030,3308172.0,998208.3980815975,8290416.834084483,Naive: 3-yr mean
Bangka Belitung,Belitung,2030,1845040.3333333333,556722.4841655293,4623748.5966775855,Naive: 3-yr mean
Bangka Belitung,Belitung Timur,2030,1651807.6666666667,498416.3847314804,4139499.5728626153,Naive: 3-yr mean
Bangka Belitung,Pangkalpinang,2030,52028.333333333336,15698.35112500265,130386.65293175208,Naive: 3-yr mean
Banten,Cilegon,2030,759.6666666666666,228.52385364189468,1905.2620059854573,Naive: 3-yr mean
Banten,Kota Serang,2030,6278.333333333333,1893.7284640254227,15735.268040645955,Naive: 3-yr mean
Banten,Kota Tangerang,2030,63.0,18.311384706066505,159.38663678755816,Naive: 3-yr mean
Banten,Lebak,2030,946394.0,285564.59263902827,2371703.861290019,Naive: 3-yr mean
Banten,Pandeglang,2030,1032708.6666666666,311609.2134792772,2588011.972104173,Naive: 3-yr mean
Banten,Serang,2030,44441.666666666664,13409.147396304334,111374.15369589349,Naive: 3-yr mean
Banten,Tangerang,2030,9987.0,3012.7829756905066,25029.339503658295,Naive: 3-yr mean
Banten,Tangerang Selatan,2030,22.666666666666668,6.1411891360975135,58.309641728732444,Naive: 3-yr mean
Bengkulu,Bengkulu,2030,78739.0,23758.037996182484,197324.68407269276,Naive: 3-yr mean
Bengkulu,Bengkulu Selatan,2030,1520343.0,458748.18546187505,3810043.7018772396,Naive: 3-yr mean
Bengkulu,Bengkulu Tengah,2030,1297838.0,391609.44086775987,3252437.004714496,Naive: 3-yr mean
Bengkulu,Bengkulu Utara,2030,4950872.666666667,1493877.5313770934,12407092.383699242,Naive: 3-yr mean
Bengkulu,Kaur,2030,2013098.0,607432.2693812145,5044908.033287445,Naive: 3-yr mean
Bengkulu,Kepahiang,2030,283972.3333333333,85685.2232228759,711647.8729794616,Naive: 3-yr mean
Bengkulu,Lebong,2030,738701.6666666666,222895.42780308123,1851218.317072927,Naive: 3-yr mean
Bengkulu,Mukomuko,2030,4008904.6666666665,1209647.7434270338,10046481.766800797,Naive: 3-yr mean
Bengkulu,Rejang Lebong,2030,998839.6666666666,301389.568344749,2503134.8627079567,Naive: 3-yr mean
Bengkulu,Seluma,2030,2162888.6666666665,652630.16296525,5420289.615300461,Naive: 3-yr mean
Gorontalo,Boalemo,2030,422294.3333333333,127422.55689963436,1058288.503818971,Naive: 3-yr mean
Gorontalo,Bone Bolango,2030,343219.3333333333,103562.43587413084,860123.2959443431,Naive: 3-yr mean
Gorontalo,Danau Limboto,2030,32.666666666666664,9.158592996420404,83.37005372678843,Naive: 3-yr mean
Gorontalo,Gorontalo,2030,703362.3333333334,212232.1237209574,1762656.4917659294,Naive: 3-yr mean
Gorontalo,Gorontalo Utara,2030,716610.6666666666,216229.68093524198,1795857.3609280216,Naive: 3-yr mean
Gorontalo,Kota Gorontalo,2030,2973.3333333333335,896.4764881887056,7452.801875288447,Naive: 3-yr mean
Gorontalo,Pohuwato,2030,2278193.0,687422.1370164441,5709247.025149909,Naive: 3-yr mean
Jakarta Raya,Jakarta Barat,2030,27.333333333333332,7.549310937581527,70.00450066115857,Naive: 3-yr mean
Jakarta Raya,Jakarta Pusat,2030,0.0,-0.6982596139677107,1.5060411998055967,Naive: 3-yr mean
Jakarta Raya,Jakarta Selatan,2030,109.33333333333333,32.29202259222924,275.4998790452174,Naive: 3-yr mean
Jakarta Raya,Jakarta Timur,2030,13.0,3.2243654044520484,34.08457679727835,Naive: 3-yr mean
Jakarta Raya,Jakarta Utara,2030,36.666666666666664,10.365554540549562,93.39421852601082,Naive: 3-yr mean
Jakarta Raya,Kepulauan Seribu,2030,0.0,-0.6982596139677107,1.5060411998055967,Naive: 3-yr mean
Jambi,Batang Hari,2030,9088855.333333334,2742474.0186120225,22777047.430447392,Naive: 3-yr mean
Jambi,Bungo,2030,6253267.666666667,1886862.7014436214,15670947.912120089,Naive: 3-yr mean
Jambi,Jambi,2030,35524.0,10718.327213797078,89026.11362309377,Naive: 3-yr mean
Jambi,Kerinci,2030,1559247.3333333333,470487.1940202042,3907539.5640615453,Naive: 3-yr mean
Jambi,Merangin,2030,9840152.333333334,2969170.66541692,24659828.66573771,Naive: 3-yr mean
Jambi,Muaro Jambi,2030,5847323.333333333,1764372.9015959986,14653634.687959118,Naive: 3-yr mean
Jambi,Sarolangun,2030,7993480.666666667,2411955.243842023,20031993.38655733,Naive: 3-yr mean
Jambi,Sungai Penuh,2030,96116.0,29001.380684265503,240872.16200171443,Naive: 3-yr mean
Jambi,Tanjung Jabung B,2030,4149230.3333333335,1251989.664257269,10398143.668857623,Naive: 3-yr mean
Jambi,Tanjung Jabung T,2030,2836655.3333333335,855932.777060938,7108776.641022817,Naive: 3-yr mean
Jambi,Tebo,2030,7053228.333333333,2128243.141814269,17675682.301010706,Naive: 3-yr mean
Jawa Barat,Bandung,2030,136242.66666666666,41109.216574454505,341431.2418792472,Naive: 3-yr mean
Jawa Barat,Bandung Barat,2030,96921.66666666667,29244.482855278868,242891.1958616913,Naive: 3-yr mean
Jawa Barat,Banjar,2030,5747.666666666667,1733.604899170954,14405.395510615781,Naive: 3-yr mean
Jawa Barat,Bekasi,2030,12121.333333333334,3656.7975396120896,30378.066771110036,Naive: 3-yr mean
Jawa Barat,Bogor,2030,348418.0,105131.0835609841,873151.3687950664,Naive: 3-yr mean
Jawa Barat,Ciamis,2030,184281.0,55604.321818802244,461817.2843825748,Naive: 3-yr mean
Jawa Barat,Cianjur,2030,350807.0,105851.94134321535,879138.3012214013,Naive: 3-yr mean
Jawa Barat,Cimahi,2030,0.0,-0.6982596139677107,1.5060411998055967,Naive: 3-yr mean
Jawa Barat,Cirebon,2030,14844.0,4478.336030649328,37201.18161111407,Naive: 3-yr mean
Jawa Barat,Depok,2030,1163.0,350.2258093415845,2916.0319565737136,Naive: 3-yr mean
Jawa Barat,Garut,2030,193570.33333333334,58407.288844785035,485096.7364346362,Naive: 3-yr mean
Jawa Barat,Indramayu,2030,40723.333333333336,12287.17606090762,102055.85716794977,Naive: 3-yr mean
Jawa Barat,Karawang,2030,96815.66666666667,29212.498374359497,242625.5554945119,Naive: 3-yr mean
Jawa Barat,Kota Bandung,2030,107.0,31.587961691487244,269.65244957900455,Naive: 3-yr mean
Jawa Barat,Kota Bekasi,2030,536.0,161.03458729933936,1344.7441242956058,Naive: 3-yr mean
Jawa Barat,Kota Bogor,2030,180.33333333333334,53.71559000052179,453.42880423141503,Naive: 3-yr mean
Jawa Barat,Kota Cirebon,2030,0.0,-0.6982596139677107,1.5060411998055967,Naive: 3-yr mean
Jawa Barat,Kota Sukabumi,2030,289.6666666666667,86.70587220671872,727.4226420768266,Naive: 3-yr mean
Jawa Barat,Kota Tasikmalaya,2030,6763.333333333333,2040.0725512510826,16950.698022551667,Naive: 3-yr mean
Jawa Barat,Kuningan,2030,55721.333333333336,16812.678370619913,139641.46308263406,Naive: 3-yr mean
Jawa Barat,Majalengka,2030,36513.0,11016.748455583018,91504.58836970155,Naive: 3-yr mean
Jawa Barat,Purwakarta,2030,113971.66666666667,34389.15643712938,285619.1983183766,Naive: 3-yr mean
Jawa Barat,Subang,2030,165976.66666666666,50081.16521273871,415945.87091426714,Naive: 3-yr mean
Jawa Barat,Sukabumi,2030,631515.0,190552.88162556704,1582604.1143364317,Naive: 3-yr mean
Jawa Barat,Sumedang,2030,276388.0,83396.72355507847,692641.2211730691,Naive: 3-yr mean
Jawa Barat,Tasikmalaya,2030,110279.0,33274.92977164082,276365.22351456113,Naive: 3-yr mean
Jawa Barat,Waduk Cirata,2030,145.66666666666666,43.2552566180691,366.55270930482095,Naive: 3-yr mean
Jawa Tengah,Banjarnegara,2030,22062.0,6656.298137030403,55289.78699131089,Naive: 3-yr mean
Jawa Tengah,Banyumas,2030,82376.0,24855.467780181923,206439.15591638573,Naive: 3-yr mean
Jawa Tengah,Batang,2030,209659.0,63261.88933552983,525415.5979512415,Naive: 3-yr mean
Jawa Tengah,Blora,2030,431137.6666666667,130090.94771344645,1080450.2614959194,Naive: 3-yr mean
Jawa Tengah,Boyolali,2030,57062.666666666664,17217.4128084179,143002.89967864004,Naive: 3-yr mean
Jawa Tengah,Brebes,2030,117130.66666666667,35342.35431660544,293535.7824685624,Naive: 3-yr mean
Jawa Tengah,Cilacap,2030,201164.0,60698.604756185545,504126.77795889316,Naive: 3-yr mean
Jawa Tengah,Demak,2030,2714.6666666666665,818.4263083350198,6804.572551605391,Naive: 3-yr mean
Jawa Tengah,Grobogan,2030,120847.66666666667,36463.92333148739,302850.7376082398,Naive: 3-yr mean
Jawa Tengah,Jepara,2030,116219.0,35067.26766467266,291251.10824140627,Naive: 3-yr mean
Jawa Tengah,Karanganyar,2030,39196.0,11826.317911307648,98228.29690877994,Naive: 3-yr mean
Jawa Tengah,Kebumen,2030,38526.333333333336,11624.25243279468,96550.08465197688,Naive: 3-yr mean
Jawa Tengah,Kendal,2030,164838.0,49737.583493176535,413092.3253347545,Naive: 3-yr mean
Jawa Tengah,Klaten,2030,13330.0,4021.501086196449,33407.03523460839,Naive: 3-yr mean
Jawa Tengah,Kota Magelang,2030,0.0,-0.6982596139677107,1.5060411998055967,Naive: 3-yr mean
Jawa Tengah,Kota Pekalongan,2030,72.33333333333333,21.12762830903455,182.77635465241048,Naive: 3-yr mean
Jawa Tengah,Kota Semarang,2030,47454.0,14318.090019162277,118923.18513677463,Naive: 3-yr mean
Jawa Tengah,Kota Tegal,2030,0.0,-0.6982596139677107,1.5060411998055967,Naive: 3-yr mean
Jawa Tengah,Kudus,2030,5049.333333333333,1522.8895295917382,12655.343406084869,Naive: 3-yr mean
Jawa Tengah,Magelang,2030,14458.333333333334,4361.964821769543,36234.68505505573,Naive: 3-yr mean
Jawa Tengah,Pati,2030,52580.333333333336,15864.911818092462,131769.98767404468,Naive: 3-yr mean
Jawa Tengah,Pekalongan,2030,110682.0,33396.53114721186,277375.1581180831,Naive: 3-yr mean
Jawa Tengah,Pemalang,2030,149726.0,45177.682779456576,375221.03072329296,Naive: 3-yr mean
Jawa Tengah,Purbalingga,2030,7395.666666666667,2230.8730553521655,18535.351407895396,Naive: 3-yr mean
Jawa Tengah,Purworejo,2030,11124.0,3355.8617946092186,27878.708347837248,Naive: 3-yr mean
Jawa Tengah,Rembang,2030,46275.666666666664,13962.53926428757,115970.2332563371,Naive: 3-yr mean
Jawa Tengah,Salatiga,2030,8002.0,2413.82830941641,20054.847722044186,Naive: 3-yr mean
Jawa Tengah,Semarang,2030,83393.66666666667,25162.538913034074,208989.47051072126,Naive: 3-yr mean
Jawa Tengah,Sragen,2030,27188.666666666668,8203.220516089268,68137.42487564753,Naive: 3-yr mean
Jawa Tengah,Sukoharjo,2030,4480.666666666667,1351.2998300680435,11230.24131046209,Naive: 3-yr mean
Jawa Tengah,Surakarta,2030,0.0,-0.6982596139677107,1.5060411998055967,Naive: 3-yr mean
Jawa Tengah,Tegal,2030,65549.33333333333,19778.18288454527,164270.8359943236,Naive: 3-yr mean
Jawa Tengah,Temanggung,2030,27800.0,8387.684472083658,69669.45139579535,Naive: 3-yr mean
Jawa Tengah,Waduk Kedungombo,2030,0.0,-0.6982596139677107,1.5060411998055967,Naive: 3-yr mean
Jawa Tengah,Wonogiri,2030,43700.666666666664,13185.557770254416,109517.1771668376,Naive: 3-yr mean
Jawa Tengah,Wonosobo,2030,23600.0,7120.3748507480705,59144.07835661194,Naive: 3-yr mean
Jawa Timur,Bangkalan,2030,15697.333333333334,4735.821160063549,39339.67010161485,Naive: 3-yr mean
Jawa Timur,Banyuwangi,2030,674511.6666666666,203526.7124236686,1690355.5324574055,Naive: 3-yr mean
Jawa Timur,Batu,2030,2465.3333333333335,743.1923720843026,6179.732945787204,Naive: 3-yr mean
Jawa Timur,Blitar,2030,205421.0,61983.11357952487,514794.9953464654,Naive: 3-yr mean
Jawa Timur,Bojonegoro,2030,265162.3333333333,80009.48656160857,664509.2380111186,Naive: 3-yr mean
Jawa Timur,Bondowoso,2030,130088.0,39252.10507855448,326007.39364151005,Naive: 3-yr mean
Jawa Timur,Gresik,2030,18376.333333333332,5544.183654244057,46053.35447589402,Naive: 3-yr mean
Jawa Timur,Jember,2030,596844.0,180091.24070144142,1495717.1598979707,Naive: 3-yr mean
Jawa Timur,Jombang,2030,22116.666666666668,6672.793278133496,55426.78391023364,Naive: 3-yr mean
Jawa Timur,Kediri,2030,98980.66666666667,29865.766310119376,248051.1346920912,Naive: 3-yr mean
Jawa Timur,Kota Blitar,2030,353.0,105.81609665543037,886.1385847311811,Naive: 3-yr mean
Jawa Timur,Kota Kediri,2030,353.6666666666667,106.01725691278524,887.809278864385,Naive: 3-yr mean
Jawa Timur,Kota Madiun,2030,0.0,-0.6982596139677107,1.5060411998055967,Naive: 3-yr mean
Jawa Timur,Kota Malang,2030,1116.6666666666667,336.2451714554221,2799.9187143160566,Naive: 3-yr mean
Jawa Timur,Kota Mojokerto,2030,0.0,-0.6982596139677107,1.5060411998055967,Naive: 3-yr mean
Jawa Timur,Kota Pasuruan,2030,63.666666666666664,18.512544963421366,161.0573309207619,Naive: 3-yr mean
Jawa Timur,Kota Probolinggo,2030,0.0,-0.6982596139677107,1.5060411998055967,Naive: 3-yr mean
Jawa Timur,Lamongan,2030,26035.666666666668,7855.313850994033,65247.95937227174,Naive: 3-yr mean
Jawa Timur,Lumajang,2030,204508.66666666666,61707.82576733489,512508.65042517637,Naive: 3-yr mean
Jawa Timur,Madiun,2030,37376.666666666664,11277.351568986212,93668.97261926695,Naive: 3-yr mean
Jawa Timur,Magetan,2030,3443.6666666666665,1038.395049752559,8631.47658626368,Naive: 3-yr mean
Jawa Timur,Malang,2030,281888.6666666667,85056.49683851321,706426.1184661327,Naive: 3-yr mean
Jawa Timur,Mojokerto,2030,15053.666666666666,4541.600931587434,37726.61491600667,Naive: 3-yr mean
Jawa Timur,Nganjuk,2030,67111.66666666667,20249.601947656334,168186.10769548645,Naive: 3-yr mean
Jawa Timur,Ngawi,2030,118524.0,35762.779254477085,297027.53320695815,Naive: 3-yr mean
Jawa Timur,Pacitan,2030,36030.666666666664,10871.209009386765,90295.84116432871,Naive: 3-yr mean
Jawa Timur,Pamekasan,2030,1054.6666666666667,317.53726752142,2644.5441599281085,Naive: 3-yr mean
Jawa Timur,Pasuruan,2030,50792.333333333336,15325.400007866758,127289.18600879228,Naive: 3-yr mean
Jawa Timur,Ponorogo,2030,98502.66666666667,29721.53440559597,246853.24699858393,Naive: 3-yr mean
Jawa Timur,Probolinggo,2030,84947.33333333333,25631.342892799556,212883.0231881524,Naive: 3-yr mean
Jawa Timur,Sampang,2030,8309.666666666666,2506.6637681856764,20825.873064517695,Naive: 3-yr mean
Jawa Timur,Sidoarjo,2030,989.0,297.7229821719664,2479.980787807541,Naive: 3-yr mean
Jawa Timur,Situbondo,2030,22080.333333333332,6661.830044107667,55335.73107997403,Naive: 3-yr mean
Jawa Timur,Sumenep,2030,9298.666666666666,2805.085009971612,23304.347811125448,Naive: 3-yr mean
Jawa Timur,Surabaya,2030,545.0,163.75025077362994,1367.2984950938562,Naive: 3-yr mean
Jawa Timur,Trenggalek,2030,36782.0,11097.91661942571,92178.71345244932,Naive: 3-yr mean
Jawa Timur,Tuban,2030,54446.333333333336,16427.959378428724,136446.260552882,Naive: 3-yr mean
Jawa Timur,Tulungagung,2030,101762.33333333333,30705.107483932556,255022.1059628836,Naive: 3-yr mean
Kalimantan Barat,Bengkayang,2030,5234807.333333333,1579552.087305045,13118644.356418995,Naive: 3-yr mean
Kalimantan Barat,Kapuas Hulu,2030,8380780.0,2528819.0941920723,21002581.47254791,Naive: 3-yr mean
Kalimantan Barat,Kayong Utara,2030,5338541.0,1610852.72392959,13378605.198892565,Naive: 3-yr mean
Kalimantan Barat,Ketapang,2030,24170336.333333332,7293165.917490649,60571860.17053259,Naive: 3-yr mean
Kalimantan Barat,Kota Pontianak,2030,16928.0,5107.162995140618,42423.771471508924,Naive: 3-yr mean
Kalimantan Barat,Kubu Raya,2030,4334193.333333333,1307800.4712789615,10861668.567297284,Naive: 3-yr mean
Kalimantan Barat,Landak,2030,9361411.0,2824715.0706873112,23460083.160354543,Naive: 3-yr mean
Kalimantan Barat,Melawi,2030,8706996.0,2627251.635961989,21820092.208583754,Naive: 3-yr mean
Kalimantan Barat,Pontianak,2030,1770141.0,534122.3304119686,4436047.781506276,Naive: 3-yr mean
Kalimantan Barat,Sambas,2030,4766733.666666667,1438315.358433496,11945632.463208258,Naive: 3-yr mean
Kalimantan Barat,Sanggau,2030,16850361.0,5084433.734663817,42227700.403638594,Naive: 3-yr mean
Kalimantan Barat,Sekadau,2030,7954704.333333333,2400254.858053109,19934818.297646623,Naive: 3-yr mean
Kalimantan Barat,Singkawang,2030,483939.6666666667,146023.44357672345,1212774.248928053,Naive: 3-yr mean
Kalimantan Barat,Sintang,2030,12874510.333333334,3884759.0196970934,32264054.82869748,Naive: 3-yr mean
Kalimantan Selatan,Balangan,2030,1050819.3333333333,317073.9330305785,2633398.0489267833,Naive: 3-yr mean
Kalimantan Selatan,Banjar,2030,2260824.6666666665,682181.4094117066,5665721.266244618,Naive: 3-yr mean
Kalimantan Selatan,Banjar Baru,2030,90762.66666666667,27386.06381770599,227456.48811208853,Naive: 3-yr mean
Kalimantan Selatan,Banjarmasin,2030,2173.6666666666665,655.1847594915514,5448.80426251057,Naive: 3-yr mean
Kalimantan Selatan,Barito Kuala,2030,1057441.3333333333,319072.05786688457,2649993.053751898,Naive: 3-yr mean
Kalimantan Selatan,Hulu Sungai Selatan,2030,485583.0,146519.30361110318,1216892.5099664005,Naive: 3-yr mean
Kalimantan Selatan,Hulu Sungai Tengah,2030,510076.3333333333,153909.93146632047,1278273.8124203056,Naive: 3-yr mean
Kalimantan Selatan,Hulu Sungai Utara,2030,252922.33333333334,76316.18423657333,633835.2937254979,Naive: 3-yr mean
Kalimantan Selatan,Kota Baru,2030,7566134.333333333,2283007.596252544,18961045.868638173,Naive: 3-yr mean
Kalimantan Selatan,Tabalong,2030,1430579.6666666667,431662.96261032973,3585093.0903120213,Naive: 3-yr mean
Kalimantan Selatan,Tanah Bumbu,2030,3464449.6666666665,1045363.6815498216,8682055.10536064,Naive: 3-yr mean
Kalimantan Selatan,Tanah Laut,2030,1734782.6666666667,523453.2932625107,4347438.341416487,Naive: 3-yr mean
Kalimantan Selatan,Tapin,2030,918815.6666666666,277243.09569290106,2302591.421734713,Naive: 3-yr mean
Kalimantan Tengah,Barito Selatan,2030,2970538.3333333335,896330.6851640986,7444292.954976387,Naive: 3-yr mean
Kalimantan Tengah,Barito Timur,2030,1727291.6666666667,521192.9560307419,4328665.586788743,Naive: 3-yr mean
Kalimantan Tengah,Barito Utara,2030,6407520.0,1933406.8600500028,16057510.614619566,Naive: 3-yr mean
Kalimantan Tengah,Gunung Mas,2030,5873299.666666667,1772211.0104437019,14718732.449512335,Naive: 3-yr mean
Kalimantan Tengah,Kapuas,2030,12187988.666666666,3677607.706977561,30543603.247471597,Naive: 3-yr mean
Kalimantan Tengah,Katingan,2030,8787074.666666666,2651414.6037549335,22020772.646475866,Naive: 3-yr mean
Kalimantan Tengah,Kotawaringin Barat,2030,3395265.3333333335,1024487.9741024342,8508676.315646216,Naive: 3-yr mean
Kalimantan Tengah,Kotawaringin Timur,2030,8928883.0,2694203.9049975304,22376150.172284976,Naive: 3-yr mean
Kalimantan Tengah,Lamandau,2030,6682909.666666667,2016503.0443793,16747648.465286912,Naive: 3-yr mean
Kalimantan Tengah,Murung Raya,2030,4833707.0,1458523.9178873673,12113470.395829923,Naive: 3-yr mean
Kalimantan Tengah,Palangka Raya,2030,950180.0,286706.98174054676,2381191.733272481,Naive: 3-yr mean
Kalimantan Tengah,Pulang Pisau,2030,6491389.666666667,1958713.7256464001,16267691.45470018,Naive: 3-yr mean
Kalimantan Tengah,Seruyan,2030,7592586.333333333,2290989.232943873,19027335.670455456,Naive: 3-yr mean
Kalimantan Tengah,Sukamara,2030,1669098.0,503633.5765861086,4182829.8605543235,Naive: 3-yr mean
Kalimantan Timur,Balikpapan,2030,277580.3333333333,83756.49867535767,695629.2576303043,Naive: 3-yr mean
Kalimantan Timur,Berau,2030,17814938.0,5375485.571001687,44644970.1060235,Naive: 3-yr mean
Kalimantan Timur,Bontang,2030,56748.666666666664,17122.666327203733,142216.00274190115,Naive: 3-yr mean
Kalimantan Timur,Kutai Barat,2030,13869349.666666666,4184942.2241771906,34757163.18521788,Naive: 3-yr mean
Kalimantan Timur,Kutai Kartanegara,2030,16509323.666666666,4981528.998052405,41373046.79563352,Naive: 3-yr mean
Kalimantan Timur,Kutai Timur,2030,24136534.333333332,7282966.488961998,60487150.965896875,Naive: 3-yr mean
Kalimantan Timur,Paser,2030,7927184.666666667,2391951.063209626,19865852.879175015,Naive: 3-yr mean
Kalimantan Timur,Penajam Paser Utara,2030,1969904.6666666667,594399.096307195,4936663.760397181,Naive: 3-yr mean
Kalimantan Timur,Samarinda,2030,283424.6666666667,85519.97007145884,710275.3977490345,Naive: 3-yr mean
Kepulauan Riau,Batam,2030,221576.33333333334,66857.83009600523,555280.9262763918,Naive: 3-yr mean
Kepulauan Riau,Bintan,2030,359548.6666666667,108489.65521778107,901045.2780430361,Naive: 3-yr mean
Kepulauan Riau,Karimun,2030,343014.0,103500.47851486572,859608.7221513164,Naive: 3-yr mean
Kepulauan Riau,Kepulauan Anambas,2030,72875.33333333333,21988.732952617826,182630.09382409943,Naive: 3-yr mean
Kepulauan Riau,Lingga,2030,601607.3333333334,181528.5307402423,1507654.2694797122,Naive: 3-yr mean
Kepulauan Riau,Natuna,2030,324663.0,97963.24069078699,813620.3600936837,Naive: 3-yr mean
Kepulauan Riau,Tanjungpinang,2030,22810.0,6881.999945782562,57164.305808765515,Naive: 3-yr mean
Lampung,Bandar Lampung,2030,8478.666666666666,2557.657893425134,21249.39402728485,Naive: 3-yr mean
Lampung,Lampung Barat,2030,1475943.6666666667,445351.11348229897,3698777.143300006,Naive: 3-yr mean
Lampung,Lampung Selatan,2030,651252.0,196508.33162468675,1632065.8494969953,Naive: 3-yr mean
Lampung,Lampung Tengah,2030,457269.6666666667,137976.02748124223,1145938.1301292393,Naive: 3-yr mean
Lampung,Lampung Timur,2030,381610.0,115146.450454168,956331.8882990135,Naive: 3-yr mean
Lampung,Lampung Utara,2030,959741.0,289591.9215714014,2405151.9931838214,Naive: 3-yr mean
Lampung,Mesuji,2030,1430702.6666666667,431700.0766778114,3585401.333379601,Naive: 3-yr mean
Lampung,Metro,2030,284.6666666666667,85.19717027655729,714.8924360777988,Naive: 3-yr mean
Lampung,Pesawaran,2030,382701.0,115475.64921532905,959065.9792480016,Naive: 3-yr mean
Lampung,Pringsewu,2030,223716.66666666666,67503.65510224293,560644.6897910418,Naive: 3-yr mean
Lampung,Tanggamus,2030,858124.0,258929.96876395834,2150495.6045831772,Naive: 3-yr mean
Lampung,Tulang Bawang Barat,2030,313452.3333333333,94580.5298031078,785525.9675497308,Naive: 3-yr mean
Lampung,Tulangbawang,2030,593394.0,179050.23636963018,1487071.3177586428,Naive: 3-yr mean
Lampung,Way Kanan,2030,2437465.6666666665,735481.1329408366,6108390.889819482,Naive: 3-yr mean
Maluku Utara,Halmahera Barat,2030,357058.3333333333,107738.22107643183,894804.4001084539,Naive: 3-yr mean
Maluku Utara,Halmahera Selatan,2030,1824432.3333333333,550504.2182901766,4572104.09963199,Naive: 3-yr mean
Maluku Utara,Halmahera Tengah,2030,1098266.6666666667,331390.709706782,2752303.021081028,Naive: 3-yr mean
Maluku Utara,Halmahera Timur,2030,1328881.3333333333,400976.4682514887,3330232.877027126,Naive: 3-yr mean
Maluku Utara,Halmahera Utara,2030,798150.3333333334,240833.49143218654,2000199.1250131032,Naive: 3-yr mean
Maluku Utara,Kepulauan Sula,2030,1514809.6666666667,457078.55532582913,3796176.9405716504,Naive: 3-yr mean
Maluku Utara,Pulau Morotai,2030,393169.6666666667,118634.46873657266,985300.8892217,Naive: 3-yr mean
Maluku Utara,Ternate,2030,6052.0,1825.434556653448,15168.067382423289,Naive: 3-yr mean
Maluku Utara,Tidore Kepulauan,2030,138217.66666666666,41705.15383686828,346380.67324886326,Naive: 3-yr mean
Maluku,Ambon,2030,32837.666666666664,9907.751956785685,82294.05161334947,Naive: 3-yr mean
Maluku,Buru,2030,520382.6666666667,157019.76846489802,1304101.9083725694,Naive: 3-yr mean
Maluku,Buru Selatan,2030,577428.0,174232.6493662388,1447059.863962545,Naive: 3-yr mean
Maluku,Kepulauan Aru,2030,306246.0,92406.0880012306,767466.599316865,Naive: 3-yr mean
Maluku,Maluku Barat Daya,2030,228589.33333333334,68973.93542324967,572855.7932106286,Naive: 3-yr mean
Maluku,Maluku Tengah,2030,903405.0,272593.07518388587,2263971.656151573,Naive: 3-yr mean
Maluku,Maluku Tenggara,2030,275932.6666666667,83259.33109930514,691500.1370800914,Naive: 3-yr mean
Maluku,Maluku Tenggara Barat,2030,1174099.6666666667,354272.5884007685,2942343.6433858853,Naive: 3-yr mean
Maluku,Seram Bagian Barat,2030,554988.3333333334,167461.69568380277,1390825.1347859756,Naive: 3-yr mean
Maluku,Seram Bagian Timur,2030,634981.3333333334,191598.81438368355,1591290.888482024,Naive: 3-yr mean
Maluku,Tual,2030,92648.0,27954.94502550555,232181.21112078882,Naive: 3-yr mean
Nusa Tenggara Barat,Bima,2030,1068554.3333333333,322425.29877686105,2677842.6896053352,Naive: 3-yr mean
Nusa Tenggara Barat,Dompu,2030,1334399.3333333333,402641.47170161526,3344061.2123676566,Naive: 3-yr mean
Nusa Tenggara Barat,Kota Bima,2030,28961.0,8738.005060267162,72578.96522876965,Naive: 3-yr mean
Nusa Tenggara Barat,Lombok Barat,2030,144721.33333333334,43667.57272749357,362679.1298653319,Naive: 3-yr mean
Nusa Tenggara Barat,Lombok Tengah,2030,31305.666666666668,9445.4856853842,78454.79649524727,Naive: 3-yr mean
Nusa Tenggara Barat,Lombok Timur,2030,32436.333333333332,9786.65348185805,81288.29374516073,Naive: 3-yr mean
Nusa Tenggara Barat,Lombok Utara,2030,24571.666666666668,7413.565925842757,61579.11505575631,Naive: 3-yr mean
Nusa Tenggara Barat,Mataram,2030,0.0,-0.6982596139677107,1.5060411998055967,Naive: 3-yr mean
Nusa Tenggara Barat,Sumbawa,2030,972896.0,293561.3163496562,2438118.9651672645,Naive: 3-yr mean
Nusa Tenggara Barat,Sumbawa Barat,2030,334835.6666666667,101032.74505776497,839113.4818722395,Naive: 3-yr mean
Nusa Tenggara Timur,Alor,2030,304261.0,91807.13333495628,762492.1075352503,Naive: 3-yr mean
Nusa Tenggara Timur,Belu,2030,91866.66666666667,27719.18520388565,230223.15759667402,Naive: 3-yr mean
Nusa Tenggara Timur,Ende,2030,153642.33333333334,46359.39871128774,385035.5234087979,Naive: 3-yr mean
Nusa Tenggara Timur,Flores Timur,2030,261564.0,78923.72407253587,655491.6664271515,Naive: 3-yr mean
Nusa Tenggara Timur,Kota Kupang,2030,3993.0,1204.1511018129625,10008.128552023547,Naive: 3-yr mean
Nusa Tenggara Timur,Kupang,2030,478393.6666666667,144349.99139578833,1198875.744433933,Naive: 3-yr mean
Nusa Tenggara Timur,Lembata,2030,40060.333333333336,12087.122184968235,100394.35185247869,Naive: 3-yr mean
Nusa Tenggara Timur,Manggarai,2030,72839.66666666667,21977.970878849297,182540.711687973,Naive: 3-yr mean
Nusa Tenggara Timur,Manggarai Barat,2030,140464.0,42382.96332402551,352010.07713069295,Naive: 3-yr mean
Nusa Tenggara Timur,Manggarai Timur,2030,203189.0,61309.62903790075,509201.5113884989,Naive: 3-yr mean
Nusa Tenggara Timur,Nagekeo,2030,45369.0,13688.961314284983,113698.08923518,Naive: 3-yr mean
Nusa Tenggara Timur,Ngada,2030,41041.666666666664,12383.230083794562,102853.61361655453,Naive: 3-yr mean
Nusa Tenggara Timur,Rote Ndao,2030,36424.333333333336,10989.99414135482,91282.38604998545,Naive: 3-yr mean
Nusa Tenggara Timur,Sabu Raijua,2030,1262.6666666666667,380.29926781613614,3165.8007294876725,Naive: 3-yr mean
Nusa Tenggara Timur,Sikka,2030,91284.33333333333,27543.471719086225,228763.8062713205,Naive: 3-yr mean
Nusa Tenggara Timur,Sumba Barat,2030,252639.66666666666,76230.8922874548,633126.919413019,Naive: 3-yr mean
Nusa Tenggara Timur,Sumba Barat Daya,2030,416967.0,125815.08528311162,1044937.9870005395,Naive: 3-yr mean
Nusa Tenggara Timur,Sumba Tengah,2030,87324.0,26348.479210269674,218839.0477730237,Naive: 3-yr mean
Nusa Tenggara Timur,Sumba Timur,2030,408339.3333333333,123211.76981255348,1023316.6988756835,Naive: 3-yr mean
Nusa Tenggara Timur,Timor Tengah Selatan,2030,486936.3333333333,146927.65893353336,1220284.0190568042,Naive: 3-yr mean
Nusa Tenggara Timur,Timor Tengah Utara,2030,148039.0,44668.6467482201,370993.3392192209,Naive: 3-yr mean
Papua Barat,Fakfak,2030,1466511.6666666667,442505.0981612421,3675140.1627034373,Naive: 3-yr mean
Papua Barat,Kaimana,2030,489252.3333333333,147626.48966758422,1226088.010475555,Naive: 3-yr mean
Papua Barat,Kota Sorong,2030,47587.333333333336,14358.32207063326,119257.32396341526,Naive: 3-yr mean
Papua Barat,Manokwari,2030,1447057.3333333333,436634.9401112414,3626386.8018553536,Naive: 3-yr mean
Papua Barat,Maybrat,2030,434136.3333333333,130995.76655102841,1087965.0437070683,Naive: 3-yr mean
Papua Barat,Raja Ampat,2030,255836.0,77195.35514134272,641137.0624346646,Naive: 3-yr mean
Papua Barat,Sorong,2030,3587943.6666666665,1082626.8087824935,8991536.157289417,Naive: 3-yr mean
Papua Barat,Sorong Selatan,2030,289566.0,87373.05836221192,725665.8321041068,Naive: 3-yr mean
Papua Barat,Tambrauw,2030,403888.6666666667,121868.82393445264,1012163.1448424152,Naive: 3-yr mean
Papua Barat,Teluk Bintuni,2030,2506450.6666666665,756296.6934712749,6281270.141988067,Naive: 3-yr mean
Papua Barat,Teluk Wondama,2030,754477.6666666666,227655.6841331267,1890753.6230410605,Naive: 3-yr mean
Papua,Asmat,2030,293112.0,88443.02977108232,734552.254198618,Naive: 3-yr mean
Papua,Biak Numfor,2030,534891.3333333334,161397.61914571206,1340461.2247934819,Naive: 3-yr mean
Papua,Boven Digoel,2030,450295.3333333333,135871.58944892458,1128460.1634547284,Naive: 3-yr mean
Papua,Deiyai,2030,48127.333333333336,14521.261879090694,120610.58621131048,Naive: 3-yr mean
Papua,Dogiyai,2030,150677.33333333334,45464.73846670198,377605.1112513742,Naive: 3-yr mean
Papua,Intan Jaya,2030,428618.3333333333,129330.76310090224,1074136.708366541,Naive: 3-yr mean
Papua,Jayapura,2030,874258.6666666666,263798.44931246067,2190929.743994974,Naive: 3-yr mean
Papua,Jayawijaya,2030,171790.66666666666,51835.48381713036,430515.99444993614,Naive: 3-yr mean
Papua,Keerom,2030,840649.3333333334,253657.15609817236,2106703.3699636413,Naive: 3-yr mean
Papua,Kepulauan Yapen,2030,146993.0,44353.02630443039,368372.02012422413,Naive: 3-yr mean
Papua,Kota Jayapura,2030,182439.33333333334,55048.61660785961,457201.99183959997,Naive: 3-yr mean
Papua,Lanny Jaya,2030,142083.66666666666,42871.6821692692,356069.02852731186,Naive: 3-yr mean
Papua,Mamberamo Raya,2030,813582.0,245489.8484893078,2038871.5174614373,Naive: 3-yr mean
Papua,Mamberamo Tengah,2030,390074.0,117700.38108154511,977543.0210141682,Naive: 3-yr mean
Papua,Mappi,2030,133944.0,40415.61600709497,335670.6885079609,Naive: 3-yr mean
Papua,Merauke,2030,5238441.0,1580648.5112877586,13127750.47479203,Naive: 3-yr mean
Papua,Mimika,2030,1633151.3333333333,492787.01550953445,4092746.032891978,Naive: 3-yr mean
Papua,Nabire,2030,2058392.3333333333,621099.3990062911,5158417.498738508,Naive: 3-yr mean
Papua,Nduga,2030,197693.0,59651.263876267425,495428.3089543676,Naive: 3-yr mean
Papua,Paniai,2030,168526.0,50850.402036863525,422334.60527963756,Naive: 3-yr mean
Papua,Pegunungan Bintang,2030,1905675.3333333333,575018.5124725975,4775702.404827794,Naive: 3-yr mean
Papua,Puncak,2030,449877.3333333333,135745.46196756273,1127412.6382332086,Naive: 3-yr mean
Papua,Puncak Jaya,2030,347161.3333333333,104751.89647587022,870002.1103539775,Naive: 3-yr mean
Papua,Sarmi,2030,700711.0,211432.10937745724,1756012.1411981792,Naive: 3-yr mean
Papua,Supiori,2030,33183.0,10011.9529700955,83159.47117434899,Naive: 3-yr mean
Papua,Tolikara,2030,471829.0,142369.1663416149,1182424.4193042747,Naive: 3-yr mean
Papua,Waropen,2030,398585.3333333333,120268.59408719464,998872.7730127805,Naive: 3-yr mean
Papua,Yahukimo,2030,1087208.3333333333,328053.9639379076,2724590.3821465103,Naive: 3-yr mean
Papua,Yalimo,2030,515971.0,155688.59046185255,1293046.089946094,Naive: 3-yr mean
Riau,Bengkalis,2030,3605588.3333333335,1087950.9173139054,9035754.418912929,Naive: 3-yr mean
Riau,Dumai,2030,1633947.3333333333,493027.2008568152,4094740.8416870222,Naive: 3-yr mean
Riau,Indragiri Hilir,2030,6564897.333333333,1980893.957362735,16451904.695868438,Naive: 3-yr mean
Riau,Indragiri Hulu,2030,4328736.666666667,1306153.9745725133,10847993.935817022,Naive: 3-yr mean
Riau,Kampar,2030,8277732.333333333,2497725.4514723443,20744339.7743374,Naive: 3-yr mean
Riau,Kepulauan Meranti,2030,947823.0,285995.7796506682,2375284.9941645395,Naive: 3-yr mean
Riau,Kuantan Singingi,2030,5419862.333333333,1635390.6544422477,13582399.810648998,Naive: 3-yr mean
Riau,Pekanbaru,2030,194443.66666666666,58670.808781919826,487285.34574913245,Naive: 3-yr mean
Riau,Pelalawan,2030,4972351.333333333,1500358.512548555,12460918.807282822,Naive: 3-yr mean
Riau,Rokan Hilir,2030,4645227.666666667,1401652.0910882542,11641133.42118466,Naive: 3-yr mean
Riau,Rokan Hulu,2030,6811451.0,2055289.1559204096,17069778.342498224,Naive: 3-yr mean
Riau,Siak,2030,2810682.0,848095.573434394,7043686.397593197,Naive: 3-yr mean
Sulawesi Barat,Majene,2030,413297.0,124707.69806637328,1035740.8157972544,Naive: 3-yr mean
Sulawesi Barat,Mamasa,2030,569691.3333333334,171898.1845796354,1427671.4585467163,Naive: 3-yr mean
Sulawesi Barat,Mamuju,2030,3947922.6666666665,1191247.01120601,9893658.362354228,Naive: 3-yr mean
Sulawesi Barat,Mamuju Utara,2030,2054240.6666666667,619846.6735036134,5148013.25102398,Naive: 3-yr mean
Sulawesi Barat,Polewali Mandar,2030,1105912.6666666667,333697.81669838406,2771464.2120947395,Naive: 3-yr mean
Sulawesi Selatan,Bantaeng,2030,30379.333333333332,9165.973507789622,76133.36699716069,Naive: 3-yr mean
Sulawesi Selatan,Barru,2030,185757.66666666666,56049.891788843415,465517.87188762147,Naive: 3-yr mean
Sulawesi Selatan,Bone,2030,1523716.6666666667,459766.15694421943,3818498.249538318,Naive: 3-yr mean
Sulawesi Selatan,Bulukumba,2030,61861.666666666664,18665.46492098685,155029.39139650707,Naive: 3-yr mean
Sulawesi Selatan,Enrekang,2030,471490.3333333333,142266.97693087897,1181575.706684608,Naive: 3-yr mean
Sulawesi Selatan,Gowa,2030,183267.66666666666,55298.55822762294,459277.82930010493,Naive: 3-yr mean
Sulawesi Selatan,Jeneponto,2030,7160.666666666667,2159.9640646345792,17946.431725941093,Naive: 3-yr mean
Sulawesi Selatan,Kepulauan Selayar,2030,140025.0,42250.49929455728,350909.92504397844,Naive: 3-yr mean
Sulawesi Selatan,Luwu,2030,1024113.0,309015.5537010718,2566470.877297711,Naive: 3-yr mean
Sulawesi Selatan,Luwu Timur,2030,2615552.6666666665,789217.1730681688,6554684.248969261,Naive: 3-yr mean
Sulawesi Selatan,Luwu Utara,2030,2225261.3333333335,671450.515483112,5576598.087708867,Naive: 3-yr mean
Sulawesi Selatan,Makassar,2030,3429.0,1033.969524090752,8594.721315333196,Naive: 3-yr mean
Sulawesi Selatan,Maros,2030,325705.3333333333,98277.75475316159,816232.4903709486,Naive: 3-yr mean
Sulawesi Selatan,Palopo,2030,69344.66666666667,20923.388229666423,173782.09769465224,Naive: 3-yr mean
Sulawesi Selatan,Pangkajene Dan Kepulauan,2030,60698.333333333336,18314.440271902633,152114.03013406665,Naive: 3-yr mean
Sulawesi Selatan,Parepare,2030,34317.666666666664,10354.327728113441,86002.99258906163,Naive: 3-yr mean
Sulawesi Selatan,Pinrang,2030,392682.0,118487.32000831724,984078.7764632604,Naive: 3-yr mean
Sulawesi Selatan,Sidenreng Rappang,2030,444455.6666666667,134109.52617462436,1113825.7181949297,Naive: 3-yr mean
Sulawesi Selatan,Sinjai,2030,21577.0,6509.954049804738,54074.35700940513,Naive: 3-yr mean
Sulawesi Selatan,Soppeng,2030,580958.6666666666,175297.99408919018,1455907.8600919924,Naive: 3-yr mean
Sulawesi Selatan,Takalar,2030,65759.66666666667,19841.648945740708,164797.9399933492,Naive: 3-yr mean
Sulawesi Selatan,Tana Toraja,2030,158812.66666666666,47919.49708720334,397992.59175885934,Naive: 3-yr mean
Sulawesi Selatan,Toraja Utara,2030,56255.666666666664,16973.90831688983,140980.52443039682,Naive: 3-yr mean
Sulawesi Selatan,Wajo,2030,426597.0,128720.84520060253,1069071.163754669,Naive: 3-yr mean
Sulawesi Tengah,Banggai,2030,2901209.0,875411.2253607379,7270550.789288002,Naive: 3-yr mean
Sulawesi Tengah,Banggai Kepulauan,2030,1566829.6666666667,472775.0902072284,3926541.203785534,Naive: 3-yr mean
Sulawesi Tengah,Buol,2030,1775193.3333333333,535646.8234223314,4448709.13699476,Naive: 3-yr mean
Sulawesi Tengah,Donggala,2030,1993070.6666666667,601389.2140900176,4994718.710831875,Naive: 3-yr mean
Sulawesi Tengah,Morowali,2030,6773624.333333333,2043875.3229180912,16974983.157380216,Naive: 3-yr mean
Sulawesi Tengah,Palu,2030,207440.66666666666,62592.52857918152,519856.363223006,Naive: 3-yr mean
Sulawesi Tengah,Parigi Moutong,2030,2728784.0,823383.6392991208,6838446.635411513,Naive: 3-yr mean
Sulawesi Tengah,Poso,2030,2499823.0,754296.8587727816,6264660.936262823,Naive: 3-yr mean
Sulawesi Tengah,Sigi,2030,1423048.3333333333,429390.45518299215,3566219.258689221,Naive: 3-yr mean
Sulawesi Tengah,Tojo Una-Una,2030,1922278.6666666667,580028.4086820199,4817311.042215237,Naive: 3-yr mean
Sulawesi Tengah,Toli-Toli,2030,1344227.3333333333,405606.9762155408,3368690.5852793474,Naive: 3-yr mean
Sulawesi Tenggara,Bau-Bau,2030,153030.33333333334,46174.73359503586,383501.8261945167,Naive: 3-yr mean
Sulawesi Tenggara,Bombana,2030,1799066.3333333333,542850.2716580819,4508535.858557724,Naive: 3-yr mean
Sulawesi Tenggara,Buton,2030,1167031.0,352139.68619203445,2924629.273491527,Naive: 3-yr mean
Sulawesi Tenggara,Buton Utara,2030,733029.3333333334,221183.85575337792,1837003.216040564,Naive: 3-yr mean
Sulawesi Tenggara,Kendari,2030,239060.0,72133.35842526506,599095.715266726,Naive: 3-yr mean
Sulawesi Tenggara,Kolaka,2030,3166742.3333333335,955533.3558651775,7935988.262543041,Naive: 3-yr mean
Sulawesi Tenggara,Kolaka Utara,2030,945096.3333333334,285173.0341980874,2368451.8551597367,Naive: 3-yr mean
Sulawesi Tenggara,Konawe,2030,2381531.3333333335,718603.4856083781,5968217.146002491,Naive: 3-yr mean
Sulawesi Tenggara,Konawe Selatan,2030,3313588.6666666665,999842.8251726036,8303991.223916761,Naive: 3-yr mean
Sulawesi Tenggara,Konawe Utara,2030,1931354.6666666667,582767.0044256486,4840055.87214467,Naive: 3-yr mean
Sulawesi Tenggara,Muna,2030,1427514.0,430737.9271668829,3577410.403340486,Naive: 3-yr mean
Sulawesi Tenggara,Wakatobi,2030,37565.0,11334.179341688983,94140.94371189702,Naive: 3-yr mean
Sulawesi Utara,Bitung,2030,150364.66666666666,45370.394306002556,376821.55570290174,Naive: 3-yr mean
Sulawesi Utara,Bolaang Mongondow,2030,728015.3333333334,219670.92945781164,1824437.9254647386,Naive: 3-yr mean
Sulawesi Utara,Bolaang Mongondow Selatan,2030,284921.6666666667,85971.67542934921,714026.9414251437,Naive: 3-yr mean
Sulawesi Utara,Bolaang Mongondow Timur,2030,213810.0,64514.41367794981,535818.1749716342,Naive: 3-yr mean
Sulawesi Utara,Bolaang Mongondow Utara,2030,370263.0,111722.60229385967,927895.8388048199,Naive: 3-yr mean
Sulawesi Utara,Kepulauan Sangihe,2030,7232.0,2181.48821217155,18125.195998193896,Naive: 3-yr mean
Sulawesi Utara,Kepulauan Talaud,2030,85035.33333333333,25657.896046770406,213103.5548137354,Naive: 3-yr mean
Sulawesi Utara,Kotamobagu,2030,20719.666666666668,6251.261958846384,51925.84435410519,Naive: 3-yr mean
Sulawesi Utara,Manado,2030,29747.333333333332,8975.273583817228,74549.54895888352,Naive: 3-yr mean
Sulawesi Utara,Minahasa,2030,132186.0,39885.15640845026,331265.06807870255,Naive: 3-yr mean
Sulawesi Utara,Minahasa Selatan,2030,251843.0,75990.5057799159,631130.4399238406,Naive: 3-yr mean
Sulawesi Utara,Minahasa Tenggara,2030,232920.66666666666,70280.87361528429,583710.292994053,Naive: 3-yr mean
Sulawesi Utara,Minahasa Utara,2030,356950.0,107705.53253461164,894532.9123118082,Naive: 3-yr mean
Sulawesi Utara,Siau Tagulandang Biaro,2030,240864.33333333334,72677.79866179594,603617.4489382415,Naive: 3-yr mean
Sulawesi Utara,Tomohon,2030,8646.666666666666,2608.3502782785595,21670.408948852197,Naive: 3-yr mean
Sumatera Barat,Agam,2030,647757.6666666666,195453.95013576112,1623308.9061978068,Naive: 3-yr mean
Sumatera Barat,Bukittinggi,2030,1589.0,478.76721379134,3983.6055076908965,Naive: 3-yr mean
Sumatera Barat,Danau,2030,0.0,-0.6982596139677107,1.5060411998055967,Naive: 3-yr mean
Sumatera Barat,Dharmasraya,2030,2383480.6666666665,719191.6782008829,5973102.255647972,Naive: 3-yr mean
Sumatera Barat,Kepulauan Mentawai,2030,855877.3333333334,258252.05869667267,2144865.3653542823,Naive: 3-yr mean
Sumatera Barat,Kota Solok,2030,28563.666666666668,8618.113546883666,71583.23152538022,Naive: 3-yr mean
Sumatera Barat,Lima Puluh Kota,2030,2551030.6666666665,769748.2798805953,6392989.458675409,Naive: 3-yr mean
Sumatera Barat,Padang,2030,139014.0,41945.43976427864,348376.31739097496,Naive: 3-yr mean
Sumatera Barat,Padang Panjang,2030,514.0,154.396298806629,1289.6112178998828,Naive: 3-yr mean
Sumatera Barat,Padang Pariaman,2030,443136.0,133711.3294451904,1110518.5791582526,Naive: 3-yr mean
Sumatera Barat,Pariaman,2030,10139.666666666666,3058.848674624767,25411.928460161973,Naive: 3-yr mean
Sumatera Barat,Pasaman,2030,1712814.0,516824.45930189546,4292383.957645027,Naive: 3-yr mean
Sumatera Barat,Pasaman Barat,2030,2439353.6666666665,736050.818789667,6113122.295604716,Naive: 3-yr mean
Sumatera Barat,Payakumbuh,2030,5867.333333333333,1769.7131653661493,14705.285107525833,Naive: 3-yr mean
Sumatera Barat,Pesisir Selatan,2030,4445020.333333333,1341241.453041763,11139405.595348148,Naive: 3-yr mean
Sumatera Barat,Sawahlunto,2030,82876.33333333333,25006.43855332675,207693.01186335518,Naive: 3-yr mean
Sumatera Barat,Sijunjung,2030,3619238.3333333335,1092069.673583247,9069961.881290283,Naive: 3-yr mean
Sumatera Barat,Solok,2030,729061.0,219986.4493214726,1827058.4092126677,Naive: 3-yr mean
Sumatera Barat,Solok Selatan,2030,2346742.3333333335,708106.2393187003,5881034.47870245,Naive: 3-yr mean
Sumatera Barat,Tanah Datar,2030,186187.0,56179.43899457979,466593.79890940426,Naive: 3-yr mean
Sumatera Selatan,Banyu Asin,2030,4533632.0,1367979.1715487253,11361470.082798235,Naive: 3-yr mean
Sumatera Selatan,Empat Lawang,2030,2018796.6666666667,609151.7872610842,5059189.126738072,Naive: 3-yr mean
Sumatera Selatan,Lahat,2030,3559019.3333333335,1073899.169276766,8919050.586279169,Naive: 3-yr mean
Sumatera Selatan,Lubuklinggau,2030,573336.3333333334,172998.0282867234,1436805.9787200077,Naive: 3-yr mean
Sumatera Selatan,Muara Enim,2030,8221624.666666667,2480795.502472979,20603731.65004582,Naive: 3-yr mean
Sumatera Selatan,Musi Banyuasin,2030,17938363.666666668,5412728.079307989,44954279.91180372,Naive: 3-yr mean
Sumatera Selatan,Musi Rawas,2030,17439722.666666668,5262267.951476449,43704665.02189135,Naive: 3-yr mean
Sumatera Selatan,Ogan Ilir,2030,1301619.6666666667,392750.5224276051,3261914.017185093,Naive: 3-yr mean
Sumatera Selatan,Ogan Komering Ilir,2030,12516745.666666666,3776806.9710683683,31367481.834196,Naive: 3-yr mean
Sumatera Selatan,Ogan Komering Ulu,2030,2505427.3333333335,755987.912476236,6278705.626493606,Naive: 3-yr mean
Sumatera Selatan,Ogan Komering Ulu Selatan,2030,2881831.6666666665,869564.301320461,7221990.393612298,Naive: 3-yr mean
Sumatera Selatan,Ogan Komering Ulu Timur,2030,1385930.3333333333,418190.45553424576,3473200.021434838,Naive: 3-yr mean
Sumatera Selatan,Pagar Alam,2030,203294.66666666666,61341.512938691594,509466.3164086116,Naive: 3-yr mean
Sumatera Selatan,Palembang,2030,78387.66666666667,23652.02654055648,196444.22826449448,Naive: 3-yr mean
Sumatera Selatan,Prabumulih,2030,423178.3333333333,127689.29540088697,1060503.8442395998,Naive: 3-yr mean
Sumatera Utara,Asahan,2030,1521544.3333333333,459110.6762456282,3813054.292705277,Naive: 3-yr mean
Sumatera Utara,Batu Bara,2030,320035.3333333333,96566.8867643584,802023.23676805,Naive: 3-yr mean
Sumatera Utara,Dairi,2030,699295.6666666666,211005.04615109324,1752465.2575533877,Naive: 3-yr mean
Sumatera Utara,Deli Serdang,2030,1023168.0,308730.4090362716,2564102.6683638925,Naive: 3-yr mean
Sumatera Utara,Gunungsitoli,2030,28606.0,8630.887223225687,71689.32060283868,Naive: 3-yr mean
Sumatera Utara,Humbang Hasundutan,2030,1013930.6666666666,305943.13251036283,2540953.530454223,Naive: 3-yr mean
Sumatera Utara,Karo,2030,685867.6666666666,206953.2762474513,1718814.136322398,Naive: 3-yr mean
Sumatera Utara,Kota Binjai,2030,6933.333333333333,2091.3684168765694,17376.725026518598,Naive: 3-yr mean
Sumatera Utara,Kota Medan,2030,3779.6666666666665,1139.7798194594081,9473.50642939836,Naive: 3-yr mean
Sumatera Utara,Kota Tanjungbalai,2030,37397.333333333336,11283.587536964216,93720.76413739628,Naive: 3-yr mean
Sumatera Utara,Labuhanbatu,2030,1927547.0,581618.0776157681,4830513.702602883,Naive: 3-yr mean
Sumatera Utara,Labuhanbatu Selatan,2030,2032996.0,613436.2995824862,5094773.241081177,Naive: 3-yr mean
Sumatera Utara,Labuhanbatu Utara,2030,2264035.3333333335,683150.1972111289,5673767.329190128,Naive: 3-yr mean
Sumatera Utara,Lake Toba,2030,2126.3333333333335,640.9023812193568,5330.184979053103,Naive: 3-yr mean
Sumatera Utara,Langkat,2030,2787560.0,841118.7322285551,6985741.7129712915,Naive: 3-yr mean
Sumatera Utara,Mandailing Natal,2030,3526993.0,1064235.531093567,8838791.275467142,Naive: 3-yr mean
Sumatera Utara,Nias,2030,362202.0,109290.2730420533,907694.6406931862,Naive: 3-yr mean
Sumatera Utara,Nias Barat,2030,65266.0,19692.689775169445,163560.79098771195,Naive: 3-yr mean
Sumatera Utara,Nias Selatan,2030,658601.3333333334,198725.92230176623,1650483.581621432,Naive: 3-yr mean
Sumatera Utara,Nias Utara,2030,377024.3333333333,113762.76962395244,944840.0187037719,Naive: 3-yr mean
Sumatera Utara,Padang Lawas,2030,3157154.0,952640.1684637706,7911959.504172234,Naive: 3-yr mean
Sumatera Utara,Padang Lawas Utara,2030,3413868.6666666665,1030101.3510839242,8555297.035433272,Naive: 3-yr mean
Sumatera Utara,Padangsidimpuan,2030,36907.333333333336,11135.734747808425,92492.80394949162,Naive: 3-yr mean
Sumatera Utara,Pakpak Barat,2030,403552.0,121767.23800448855,1011319.4443051483,Naive: 3-yr mean
Sumatera Utara,Pematangsiantar,2030,16115.333333333334,4861.948641425055,40387.19532313361,Naive: 3-yr mean
Sumatera Utara,Samosir,2030,215512.0,65027.975814976715,540083.4570937038,Naive: 3-yr mean
Sumatera Utara,Serdang Bedagai,2030,720651.0,217448.8126749414,1805982.6027223023,Naive: 3-yr mean
Sumatera Utara,Sibolga,2030,4366.666666666667,1316.9014260603622,10944.552613684247,Naive: 3-yr mean
Sumatera Utara,Simalungun,2030,1742322.3333333333,525728.3151930657,4366333.056715956,Naive: 3-yr mean
Sumatera Utara,Tapanuli Selatan,2030,2238934.6666666665,675576.3123614603,5610864.024380878,Naive: 3-yr mean
Sumatera Utara,Tapanuli Tengah,2030,1779456.0,536933.0421078586,4459391.555282466,Naive: 3-yr mean
Sumatera Utara,Tapanuli Utara,2030,1592309.0,480463.2340830751,3990393.4628624516,Naive: 3-yr mean
Sumatera Utara,Tebingtinggi,2030,2103.3333333333335,633.9623523406143,5272.54603145758,Naive: 3-yr mean
Sumatera Utara,Toba Samosir,2030,853216.6666666666,257449.2281095695,2138197.625068667,Naive: 3-yr mean
Yogyakarta,Bantul,2030,9177.0,2768.373263004349,22999.446131815756,Naive: 3-yr mean
Yogyakarta,Gunung Kidul,2030,24018.666666666668,7246.703492366916,60193.274272263836,Naive: 3-yr mean
Yogyakarta,Kota Yogyakarta,2030,0.0,-0.6982596139677107,1.5060411998055967,Naive: 3-yr mean
Yogyakarta,Kulon Progo,2030,2129.3333333333335,641.8076023774537,5337.70310265252,Naive: 3-yr mean
Yogyakarta,Sleman,2030,10286.0,3103.0033511141605,25778.64582240016,Naive: 3-yr mean
